timestamp,sender,receiver,sender_x,sender_y,sender_z,receiver_x,receiver_y,receiver_z,distance,RSSI,SNR,LOS,building_obstacles,terrain_blocked,packet_status,drop_reason,latency_ms,packet_id,source,destination,hop_count,TTL
1788859434.727,1,2,-15.000,-0.000,-0.013,-0.000,-0.000,-0.013,15.000,-39.317,80.683,1,,0,received,,395.644,fc4a97bd-65fb-44fb-9b88-ac92106e4222,1,2,0,3
1788859434.728,1,3,-15.000,-0.000,-0.013,15.000,-0.000,-0.013,30.000,-46.391,73.609,1,,0,received,,399.608,7df1fded-4f0d-451a-a210-bdc6656b684a,1,3,0,3
1788859434.728,2,1,-0.000,-0.000,-0.013,-15.000,-0.000,-0.013,15.000,-39.317,80.683,1,,0,received,,408.678,86d30281-a87e-43ea-95a0-5842aa8a2088,2,1,0,3
1788859434.729,2,3,-0.000,-0.000,-0.013,15.000,-0.000,-0.013,15.000,-39.317,80.683,1,,0,received,,396.883,b90877da-5e1a-47d9-82de-4ec7a0bd6e14,2,3,0,3
1788859434.729,3,1,15.000,-0.000,-0.013,-15.000,-0.000,-0.013,30.000,-46.391,73.609,1,,0,received,,395.740,bbc56fd1-eee7-47e8-a20a-7a26156f2fb6,3,1,0,3
1788859434.729,3,2,15.000,-0.000,-0.013,-0.000,-0.000,-0.013,15.000,-39.317,80.683,1,,0,received,,405.251,8d1fe00c-1f4e-497f-a1b0-e93ca229f9f4,3,2,0,3
1788859435.781,1,2,-14.960,-0.006,-0.011,-0.003,-0.006,-0.004,14.957,-39.288,80.712,1,,0,received,,399.121,5de9c718-2f55-41e6-a078-58816cfed15e,1,2,0,3
1788859435.782,1,3,-14.960,-0.006,-0.011,14.977,-0.040,-0.061,29.938,-46.370,73.630,1,,0,received,,406.043,3766c51d-4721-41c6-9447-f1694d507585,1,3,0,3
1788859435.782,2,1,-0.003,-0.006,-0.004,-14.960,-0.006,-0.011,14.957,-39.288,80.712,1,,0,received,,406.929,95778b28-e049-4a1c-b849-e9312aadb3ce,2,1,0,3
1788859435.782,2,3,-0.003,-0.006,-0.004,14.977,-0.040,-0.061,14.980,-39.303,80.697,1,,0,received,,395.274,989475f6-658e-4adc-b8a1-c153053b0c16,2,3,0,3
1788859435.782,3,1,14.977,-0.040,-0.061,-14.960,-0.006,-0.011,29.938,-46.370,73.630,1,,0,received,,409.107,64f73034-e7e0-4811-86cb-cb20b76f1a29,3,1,0,3
1788859435.782,3,2,14.977,-0.040,-0.061,-0.003,-0.006,-0.004,14.980,-39.303,80.697,1,,0,received,,398.254,a6e9284e-0a05-44a9-a997-6f9a4bf3433d,3,2,0,3
1788859436.834,1,2,-14.976,0.005,-0.002,-0.003,-0.006,-0.004,14.973,-39.298,80.702,1,,0,dropped,channel_loss,401.876,891fe1a8-6c93-42d3-9c2a-3f48258ecfb4,1,2,0,3
1788859436.834,1,3,-14.976,0.005,-0.002,14.977,-0.029,-0.047,29.953,-46.375,73.625,1,,0,received,,397.078,891fe1a8-6c93-42d3-9c2a-3f48258ecfb4,1,2,1,2
1788859436.834,3,2,14.977,-0.029,-0.047,-0.003,-0.006,-0.004,14.980,-39.303,80.697,1,,0,received,,407.219,891fe1a8-6c93-42d3-9c2a-3f48258ecfb4,1,2,2,1
1788859436.834,1,3,-14.976,0.005,-0.002,14.977,-0.029,-0.047,29.953,-46.375,73.625,1,,0,received,,409.739,f15d9b84-0295-4759-ae11-42d4e70edabf,1,3,0,3
1788859436.834,2,1,-0.003,-0.006,-0.004,-14.976,0.005,-0.002,14.973,-39.298,80.702,1,,0,received,,414.606,02210fa1-c885-405d-8866-bb5a133f4528,2,1,0,3
1788859436.834,2,3,-0.003,-0.006,-0.004,14.977,-0.029,-0.047,14.980,-39.303,80.697,1,,0,received,,406.185,833f5153-264c-47b2-9c65-9d62eb57e84b,2,3,0,3
1788859436.835,3,1,14.977,-0.029,-0.047,-14.976,0.005,-0.002,29.953,-46.375,73.625,1,,0,received,,407.514,ac924185-088b-44bc-a00e-43e15aaa7b5a,3,1,0,3
1788859436.835,3,2,14.977,-0.029,-0.047,-0.003,-0.006,-0.004,14.980,-39.303,80.697,1,,0,received,,406.691,ca4f09cd-73e0-4725-8e3c-c2c6f682714e,3,2,0,3
1788859437.882,1,2,-14.983,0.005,0.006,-0.003,-0.006,-0.001,14.980,-39.303,80.697,1,,0,received,,396.061,2fb0531b-1364-4c11-9c73-7a9791d24b06,1,2,0,3
1788859437.882,1,3,-14.983,0.005,0.006,14.977,-0.018,-0.028,29.960,-46.377,73.623,1,,0,received,,400.932,93ad3820-cb68-4e34-b49a-be1724ffbc13,1,3,0,3
1788859437.882,2,1,-0.003,-0.006,-0.001,-14.983,0.005,0.006,14.980,-39.303,80.697,1,,0,received,,399.800,3ebd2d93-82ee-419f-9acc-50fe9354a989,2,1,0,3
1788859437.882,2,3,-0.003,-0.006,-0.001,14.977,-0.018,-0.028,14.980,-39.303,80.697,1,,0,received,,400.704,abd5f4c1-a771-40bc-8d3d-377d2bb5fffa,2,3,0,3
1788859437.882,3,1,14.977,-0.018,-0.028,-14.983,0.005,0.006,29.960,-46.377,73.623,1,,0,received,,402.441,e91cd8cb-14b0-4401-a9c2-6c3130209833,3,1,0,3
1788859437.883,3,2,14.977,-0.018,-0.028,-0.003,-0.006,-0.001,14.980,-39.303,80.697,1,,0,received,,399.334,028d18ad-fd00-4392-b3e2-7c51c9e6ce83,3,2,0,3
1788859438.906,1,2,-14.991,0.005,0.008,-0.011,-0.006,0.000,14.980,-39.303,80.697,1,,0,received,,413.877,bea8b170-caa6-42d9-8042-05e8bb7321ec,1,2,0,3
1788859438.906,1,3,-14.991,0.005,0.008,14.970,-0.006,-0.011,29.960,-46.377,73.623,1,,0,received,,407.327,5116be3a-bd72-4803-9897-95b3417710bf,1,3,0,3
1788859438.906,2,1,-0.011,-0.006,0.000,-14.991,0.005,0.008,14.980,-39.303,80.697,1,,0,received,,409.727,9629f377-5e0c-4864-9498-0199988f7dfb,2,1,0,3
1788859438.906,2,3,-0.011,-0.006,0.000,14.970,-0.006,-0.011,14.980,-39.303,80.697,1,,0,received,,402.733,184dc0e3-2d86-4a28-bbda-9dc079adeb1a,2,3,0,3
1788859438.906,3,1,14.970,-0.006,-0.011,-14.991,0.005,0.008,29.960,-46.377,73.623,1,,0,dropped,channel_loss,407.944,58671a5b-2da9-4e0d-82fb-785e3a063d1b,3,1,0,3
1788859438.907,3,2,14.970,-0.006,-0.011,-0.011,-0.006,0.000,14.980,-39.303,80.697,1,,0,received,,408.836,58671a5b-2da9-4e0d-82fb-785e3a063d1b,3,1,1,2
1788859438.907,2,1,-0.011,-0.006,0.000,-14.991,0.005,0.008,14.980,-39.303,80.697,1,,0,received,,410.664,58671a5b-2da9-4e0d-82fb-785e3a063d1b,3,1,2,1
1788859438.907,3,2,14.970,-0.006,-0.011,-0.011,-0.006,0.000,14.980,-39.303,80.697,1,,0,received,,395.786,b11b25f0-39c9-45ed-8e75-41f4a1bdd540,3,2,0,3
1788859439.921,1,2,-14.991,0.005,-0.048,-0.003,-0.006,-0.058,14.988,-39.308,80.692,1,,0,received,,400.499,d784d107-4cd1-4042-b987-470a67a06b8f,1,2,0,3
1788859439.922,1,3,-14.991,0.005,-0.048,14.962,-0.006,-0.003,29.953,-46.375,73.625,1,,0,received,,414.002,835fe452-73dc-401f-a20a-336c2518172c,1,3,0,3
1788859439.922,2,1,-0.003,-0.006,-0.058,-14.991,0.005,-0.048,14.988,-39.308,80.692,1,,0,received,,401.438,48c5336e-1abc-4c24-ac49-20edbf9b4443,2,1,0,3
1788859439.922,2,3,-0.003,-0.006,-0.058,14.962,-0.006,-0.003,14.965,-39.293,80.707,1,,0,received,,403.057,8f64bca0-3cdc-4a36-89e3-a1dd940dc2e6,2,3,0,3
1788859439.922,3,1,14.962,-0.006,-0.003,-14.991,0.005,-0.048,29.953,-46.375,73.625,1,,0,received,,404.321,29dcf19a-a4a9-4d38-9854-a1328ffe027a,3,1,0,3
1788859439.922,3,2,14.962,-0.006,-0.003,-0.003,-0.006,-0.058,14.965,-39.293,80.707,1,,0,received,,400.077,56c4828a-e40a-418a-98cc-c293fb820fee,3,2,0,3
1788859440.952,1,2,-14.983,0.005,-0.046,-0.003,0.005,-0.060,14.980,-39.303,80.697,1,,0,received,,400.399,e463b935-c542-4817-b1dd-482f678c8296,1,2,0,3
1788859440.953,1,3,-14.983,0.005,-0.046,14.962,-0.029,0.005,29.945,-46.372,73.628,1,,0,received,,413.101,c89fc8ca-8a61-4a01-befc-422940226ffa,1,3,0,3
1788859440.953,2,1,-0.003,0.005,-0.060,-14.983,0.005,-0.046,14.980,-39.303,80.697,1,,0,received,,399.530,dfdd9fd9-c4d8-431f-b41c-0aa54878d99a,2,1,0,3
1788859440.953,2,3,-0.003,0.005,-0.060,14.962,-0.029,0.005,14.965,-39.293,80.707,1,,0,dropped,channel_loss,405.335,6869d176-f0a8-4bc7-bd4a-f8b58ae9aeac,2,3,0,3
1788859440.953,2,1,-0.003,0.005,-0.060,-14.983,0.005,-0.046,14.980,-39.303,80.697,1,,0,received,,396.086,6869d176-f0a8-4bc7-bd4a-f8b58ae9aeac,2,3,1,2
1788859440.953,1,3,-14.983,0.005,-0.046,14.962,-0.029,0.005,29.945,-46.372,73.628,1,,0,received,,407.693,6869d176-f0a8-4bc7-bd4a-f8b58ae9aeac,2,3,2,1
1788859440.953,3,1,14.962,-0.029,0.005,-14.983,0.005,-0.046,29.945,-46.372,73.628,1,,0,received,,403.587,d7ac24df-3008-41a7-9179-9cec434e64ee,3,1,0,3
1788859440.953,3,2,14.962,-0.029,0.005,-0.003,0.005,-0.060,14.965,-39.293,80.707,1,,0,received,,402.776,0cab2e39-1992-4283-8595-7c4e37118e1f,3,2,0,3
1788859441.962,1,2,-14.983,0.005,0.013,-0.003,0.005,-0.007,14.980,-39.303,80.697,1,,0,dropped,channel_loss,405.726,329d0e30-769e-49ba-ba18-ecfe82948aad,1,2,0,3
1788859441.962,1,3,-14.983,0.005,0.013,14.962,-0.040,0.011,29.945,-46.372,73.628,1,,0,dropped,channel_loss,412.360,329d0e30-769e-49ba-ba18-ecfe82948aad,1,2,1,2
1788859441.963,1,3,-14.983,0.005,0.013,14.962,-0.040,0.011,29.945,-46.372,73.628,1,,0,received,,409.559,a13ebcc6-6fe1-485f-9f28-252ca3997ad9,1,3,0,3
1788859441.963,2,1,-0.003,0.005,-0.007,-14.983,0.005,0.013,14.980,-39.303,80.697,1,,0,received,,405.883,0c276354-b32a-4b2c-822d-4a278885a125,2,1,0,3
1788859441.963,2,3,-0.003,0.005,-0.007,14.962,-0.040,0.011,14.965,-39.293,80.707,1,,0,received,,407.963,7349308c-9b99-4c44-b713-f7c6b4d8cff2,2,3,0,3
1788859441.963,3,1,14.962,-0.040,0.011,-14.983,0.005,0.013,29.945,-46.372,73.628,1,,0,received,,403.839,0b00854c-2086-4b3c-98ab-c0fcf04555ab,3,1,0,3
1788859441.963,3,2,14.962,-0.040,0.011,-0.003,0.005,-0.007,14.965,-39.293,80.707,1,,0,received,,414.220,7aeb681f-919f-4ef7-a54f-ca892103d482,3,2,0,3
1788859443.912,1,2,-15.000,-0.000,-0.013,-0.000,-0.000,-0.013,15.000,-39.317,80.683,1,,0,received,,400.412,4d1acfac-ceea-4716-83cb-dbdcb055233d,1,2,0,3
1788859443.913,1,3,-15.000,-0.000,-0.013,15.000,-0.000,-0.013,30.000,-46.391,73.609,1,,0,received,,398.717,2df8b538-e019-45d9-9a7f-da5e22a36c29,1,3,0,3
1788859443.914,2,1,-0.000,-0.000,-0.013,-15.000,-0.000,-0.013,15.000,-39.317,80.683,1,,0,received,,412.554,72417605-5306-4353-974e-1cd2aa9f870c,2,1,0,3
1788859443.915,2,3,-0.000,-0.000,-0.013,15.000,-0.000,-0.013,15.000,-39.317,80.683,1,,0,received,,407.923,c23adcb5-db33-4896-80e9-d4511a62abfe,2,3,0,3
1788859443.916,3,1,15.000,-0.000,-0.013,-15.000,-0.000,-0.013,30.000,-46.391,73.609,1,,0,received,,398.201,5f84d7cd-b2a5-4f0f-9bb2-0f81d090d320,3,1,0,3
1788859443.916,3,2,15.000,-0.000,-0.013,-0.000,-0.000,-0.013,15.000,-39.317,80.683,1,,0,received,,405.932,2b54edc8-5825-4d7e-8ce0-242b61f52bec,3,2,0,3
1788859444.955,1,2,-14.983,-0.006,0.012,-0.003,-0.006,0.000,14.980,-39.303,80.697,1,,0,received,,405.751,7430a17e-4462-4393-9768-b1024e63ba91,1,2,0,3
1788859444.956,1,3,-14.983,-0.006,0.012,14.962,-0.029,0.075,29.945,-46.372,73.628,1,,0,received,,401.627,c6f7b604-2511-42fb-8fbe-507957b60b93,1,3,0,3
1788859444.956,2,1,-0.003,-0.006,0.000,-14.983,-0.006,0.012,14.980,-39.303,80.697,1,,0,received,,413.726,9bb20ff4-910d-4910-a067-8da692139898,2,1,0,3
1788859444.956,2,3,-0.003,-0.006,0.000,14.962,-0.029,0.075,14.965,-39.293,80.707,1,,0,received,,411.777,ac781b74-b8bd-4154-917b-536a5c3e2155,2,3,0,3
1788859444.956,3,1,14.962,-0.029,0.075,-14.983,-0.006,0.012,29.945,-46.372,73.628,1,,0,received,,396.303,d631900b-7575-4268-b5f8-c7dc23dc47aa,3,1,0,3
1788859444.956,3,2,14.962,-0.029,0.075,-0.003,-0.006,0.000,14.965,-39.293,80.707,1,,0,received,,414.083,ad55b6f7-2975-4279-be0d-e78d78e971b1,3,2,0,3
1788859445.974,1,2,-14.983,-0.006,-0.043,-0.003,-0.018,-0.044,14.980,-39.303,80.697,1,,0,received,,404.864,2b4544bb-f848-4f79-b5cf-3ffb86de08d1,1,2,0,3
1788859445.974,1,3,-14.983,-0.006,-0.043,14.970,-0.018,0.004,29.953,-46.375,73.625,1,,0,received,,410.356,ccb00933-3d7b-45c5-b8a6-7f17fe1d85e9,1,3,0,3
1788859445.975,2,1,-0.003,-0.018,-0.044,-14.983,-0.006,-0.043,14.980,-39.303,80.697,1,,0,received,,397.712,7b475c23-bf20-461d-90f6-d8815fb00604,2,1,0,3
1788859445.975,2,3,-0.003,-0.018,-0.044,14.970,-0.018,0.004,14.973,-39.298,80.702,1,,0,received,,406.140,59644723-b35b-49e2-b574-afe571d73263,2,3,0,3
1788859445.975,3,1,14.970,-0.018,0.004,-14.983,-0.006,-0.043,29.953,-46.375,73.625,1,,0,received,,412.593,d315a4b5-2d9a-4bc7-9293-4c658daadd6e,3,1,0,3
1788859445.975,3,2,14.970,-0.018,0.004,-0.003,-0.018,-0.044,14.973,-39.298,80.702,1,,0,received,,399.380,7e34fd6e-bc9c-4755-8c01-55c045376fcf,3,2,0,3
1788859446.974,1,2,-14.983,-0.018,0.014,-0.003,-0.018,0.011,14.980,-39.303,80.697,1,,0,received,,409.743,075a8004-7df9-4bb6-8f46-204c30d8edad,1,2,0,3
1788859446.975,1,3,-14.983,-0.018,0.014,14.970,-0.029,-0.004,29.953,-46.375,73.625,1,,0,received,,401.378,15d08ab7-06da-4ef0-98f0-6ac7fce292ea,1,3,0,3
1788859446.975,2,1,-0.003,-0.018,0.011,-14.983,-0.018,0.014,14.980,-39.303,80.697,1,,0,dropped,channel_loss,408.142,4bbb6cf3-8350-4b66-9ba5-6bd5ab7240ad,2,1,0,3
1788859446.975,2,3,-0.003,-0.018,0.011,14.970,-0.029,-0.004,14.973,-39.298,80.702,1,,0,received,,405.496,4bbb6cf3-8350-4b66-9ba5-6bd5ab7240ad,2,1,1,2
1788859446.975,3,1,14.970,-0.029,-0.004,-14.983,-0.018,0.014,29.953,-46.375,73.625,1,,0,received,,399.638,4bbb6cf3-8350-4b66-9ba5-6bd5ab7240ad,2,1,2,1
1788859446.975,2,3,-0.003,-0.018,0.011,14.970,-0.029,-0.004,14.973,-39.298,80.702,1,,0,received,,406.910,bb2f6042-7bb2-4dcf-9faf-56815ea71022,2,3,0,3
1788859446.975,3,1,14.970,-0.029,-0.004,-14.983,-0.018,0.014,29.953,-46.375,73.625,1,,0,received,,399.548,f85cbd01-4376-44e1-8f0a-03860ea8cf34,3,1,0,3
1788859446.976,3,2,14.970,-0.029,-0.004,-0.003,-0.018,0.011,14.973,-39.298,80.702,1,,0,received,,407.766,7790fede-2335-4943-9f2c-749026e70e6b,3,2,0,3
1788859447.995,1,2,-14.983,-0.018,0.015,-0.003,-0.029,0.011,14.980,-39.303,80.697,1,,0,received,,413.252,7d8aa7c9-5dae-4769-a7da-7b997a974794,1,2,0,3
1788859447.996,1,3,-14.983,-0.018,0.015,14.977,-0.029,-0.009,29.960,-46.377,73.623,1,,0,received,,396.561,27d9c601-a21f-4eb0-b1c6-cd103101cfac,1,3,0,3
1788859447.997,2,1,-0.003,-0.029,0.011,-14.983,-0.018,0.015,14.980,-39.303,80.697,1,,0,received,,408.524,e8640bdb-5863-4f59-8414-907ed83cb50b,2,1,0,3
1788859447.997,2,3,-0.003,-0.029,0.011,14.977,-0.029,-0.009,14.980,-39.303,80.697,1,,0,received,,397.790,e4bed983-a562-49fe-a4e4-95ccfbc0163d,2,3,0,3
1788859447.997,3,1,14.977,-0.029,-0.009,-14.983,-0.018,0.015,29.960,-46.377,73.623,1,,0,dropped,channel_loss,406.565,8dd1b57d-06dd-4415-8b6b-33ed245823bf,3,1,0,3
1788859447.997,3,2,14.977,-0.029,-0.009,-0.003,-0.029,0.011,14.980,-39.303,80.697,1,,0,received,,410.836,8dd1b57d-06dd-4415-8b6b-33ed245823bf,3,1,1,2
1788859447.998,2,1,-0.003,-0.029,0.011,-14.983,-0.018,0.015,14.980,-39.303,80.697,1,,0,received,,398.952,8dd1b57d-06dd-4415-8b6b-33ed245823bf,3,1,2,1
1788859447.998,3,2,14.977,-0.029,-0.009,-0.003,-0.029,0.011,14.980,-39.303,80.697,1,,0,received,,403.765,b4a8f79c-5319-4cfa-a04f-fff118e40220,3,2,0,3
1788859449.185,1,2,-15.000,-0.000,-0.013,-0.000,-0.000,-0.013,15.000,-39.317,80.683,1,,0,received,,404.485,4e2d1df3-1547-4d04-b5a3-ba5d243931a2,1,2,0,3
1788859449.185,1,3,-15.000,-0.000,-0.013,15.000,-0.000,-0.013,30.000,-46.391,73.609,1,,0,received,,408.611,96156682-025c-499b-879c-47ffa0d7f85e,1,3,0,3
1788859449.186,2,1,-0.000,-0.000,-0.013,-15.000,-0.000,-0.013,15.000,-39.317,80.683,1,,0,dropped,channel_loss,397.112,f130499a-85f3-4c5c-adc8-912d4b09d756,2,1,0,3
1788859449.186,2,3,-0.000,-0.000,-0.013,15.000,-0.000,-0.013,15.000,-39.317,80.683,1,,0,received,,401.930,f130499a-85f3-4c5c-adc8-912d4b09d756,2,1,1,2
1788859449.186,3,1,15.000,-0.000,-0.013,-15.000,-0.000,-0.013,30.000,-46.391,73.609,1,,0,received,,400.117,f130499a-85f3-4c5c-adc8-912d4b09d756,2,1,2,1
1788859449.186,2,3,-0.000,-0.000,-0.013,15.000,-0.000,-0.013,15.000,-39.317,80.683,1,,0,received,,404.116,ea4f08d7-b3eb-4ae5-aa73-e7e6f022e937,2,3,0,3
1788859449.186,3,1,15.000,-0.000,-0.013,-15.000,-0.000,-0.013,30.000,-46.391,73.609,1,,0,received,,400.715,0f8abe8f-4730-4f36-9263-b6618b2eb16e,3,1,0,3
1788859449.187,3,2,15.000,-0.000,-0.013,-0.000,-0.000,-0.013,15.000,-39.317,80.683,1,,0,received,,413.609,10ceeb39-4d83-45b9-9eed-d360c201f1d1,3,2,0,3
1788859450.205,1,2,-14.983,-0.006,0.018,-0.003,-0.029,0.006,14.980,-39.303,80.697,1,,0,received,,412.371,e2e3ae86-cabf-4c33-8aaa-e12fb686b3c7,1,2,0,3
1788859450.206,1,3,-14.983,-0.006,0.018,14.985,-0.040,-0.019,29.968,-46.380,73.620,1,,0,received,,396.156,9a3ba3b4-ce80-4bab-8ab0-08a405714afd,1,3,0,3
1788859450.206,2,1,-0.003,-0.029,0.006,-14.983,-0.006,0.018,14.980,-39.303,80.697,1,,0,dropped,channel_loss,411.865,7499a316-14bd-4d45-8b71-80b06bc6d6db,2,1,0,3
1788859450.206,2,3,-0.003,-0.029,0.006,14.985,-0.040,-0.019,14.988,-39.308,80.692,1,,0,dropped,channel_loss,413.671,7499a316-14bd-4d45-8b71-80b06bc6d6db,2,1,1,2
1788859450.207,2,3,-0.003,-0.029,0.006,14.985,-0.040,-0.019,14.988,-39.308,80.692,1,,0,received,,398.470,a915ef7c-1e07-4c1c-a95f-9e8916847745,2,3,0,3
1788859450.207,3,1,14.985,-0.040,-0.019,-14.983,-0.006,0.018,29.968,-46.380,73.620,1,,0,received,,399.419,5825087c-9d53-41b2-8784-48a526b62b43,3,1,0,3
1788859450.207,3,2,14.985,-0.040,-0.019,-0.003,-0.029,0.006,14.988,-39.308,80.692,1,,0,received,,396.317,2d3edd74-f6a2-4c15-a798-445650b242c3,3,2,0,3
1788859451.237,1,2,-14.983,-0.006,-0.041,-0.003,-0.029,-0.050,14.980,-39.303,80.697,1,,0,received,,414.850,6223fd93-dfc7-40cb-b4b6-ce3e3391196f,1,2,0,3
1788859451.238,1,3,-14.983,-0.006,-0.041,14.992,-0.040,-0.023,29.975,-46.382,73.618,1,,0,received,,410.826,7c68544d-9745-456d-ab31-cbb3c7ab13f5,1,3,0,3
1788859451.238,2,1,-0.003,-0.029,-0.050,-14.983,-0.006,-0.041,14.980,-39.303,80.697,1,,0,received,,403.604,837c3c8d-fa18-4f4c-bb4c-cfc6c7f3faad,2,1,0,3
1788859451.238,2,3,-0.003,-0.029,-0.050,14.992,-0.040,-0.023,14.995,-39.313,80.687,1,,0,dropped,channel_loss,415.053,8025e874-93ca-42bc-8ef6-44e99be0353a,2,3,0,3
1788859451.238,2,1,-0.003,-0.029,-0.050,-14.983,-0.006,-0.041,14.980,-39.303,80.697,1,,0,received,,409.512,8025e874-93ca-42bc-8ef6-44e99be0353a,2,3,1,2
1788859451.238,1,3,-14.983,-0.006,-0.041,14.992,-0.040,-0.023,29.975,-46.382,73.618,1,,0,received,,401.078,8025e874-93ca-42bc-8ef6-44e99be0353a,2,3,2,1
1788859451.238,3,1,14.992,-0.040,-0.023,-14.983,-0.006,-0.041,29.975,-46.382,73.618,1,,0,dropped,channel_loss,406.728,4a90fe73-cbba-434d-a1df-ba217096ba6d,3,1,0,3
1788859451.238,3,2,14.992,-0.040,-0.023,-0.003,-0.029,-0.050,14.995,-39.313,80.687,1,,0,received,,410.104,4a90fe73-cbba-434d-a1df-ba217096ba6d,3,1,1,2
1788859451.239,2,1,-0.003,-0.029,-0.050,-14.983,-0.006,-0.041,14.980,-39.303,80.697,1,,0,received,,406.828,4a90fe73-cbba-434d-a1df-ba217096ba6d,3,1,2,1
1788859451.239,3,2,14.992,-0.040,-0.023,-0.003,-0.029,-0.050,14.995,-39.313,80.687,1,,0,received,,412.198,792da59f-6a2f-4beb-8599-5e8c16793b6c,3,2,0,3
1788859452.253,1,2,-14.983,-0.006,0.008,0.005,-0.029,-0.003,14.988,-39.308,80.692,1,,0,received,,414.360,432849e7-bf23-4996-a6af-6a7858e193cd,1,2,0,3
1788859452.253,1,3,-14.983,-0.006,0.008,14.985,-0.040,-0.026,29.968,-46.380,73.620,1,,0,received,,398.861,c845be85-1905-4b6b-9c17-e4bc1f68698a,1,3,0,3
1788859452.254,2,1,0.005,-0.029,-0.003,-14.983,-0.006,0.008,14.988,-39.308,80.692,1,,0,received,,408.648,04f4dd39-9558-44fe-b844-1e77b10500a4,2,1,0,3
1788859452.254,2,3,0.005,-0.029,-0.003,14.985,-0.040,-0.026,14.980,-39.303,80.697,1,,0,received,,397.542,6faa38e2-ff50-4e95-b7bf-85dc33878355,2,3,0,3
1788859452.254,3,1,14.985,-0.040,-0.026,-14.983,-0.006,0.008,29.968,-46.380,73.620,1,,0,received,,400.068,c0fb8b50-ad70-4936-9ce5-bafe69353b92,3,1,0,3
1788859452.254,3,2,14.985,-0.040,-0.026,0.005,-0.029,-0.003,14.980,-39.303,80.697,1,,0,received,,407.532,33bb9d88-2648-4a5f-ab6f-44a3bdf75371,3,2,0,3
1788859453.273,1,2,-14.976,-0.006,0.004,0.005,-0.029,-0.010,14.980,-39.303,80.697,1,,0,received,,406.817,dcee998b-0a23-40ce-ba5f-0da05678332f,1,2,0,3
1788859453.273,1,3,-14.976,-0.006,0.004,14.977,-0.040,-0.028,29.953,-46.375,73.625,1,,0,received,,413.838,37f46edc-02d1-4629-9408-4d7d42e5e62f,1,3,0,3
1788859453.273,2,1,0.005,-0.029,-0.010,-14.976,-0.006,0.004,14.980,-39.303,80.697,1,,0,received,,409.468,95e121fd-848e-4daa-a2c1-47d258b4946d,2,1,0,3
1788859453.274,2,3,0.005,-0.029,-0.010,14.977,-0.040,-0.028,14.973,-39.298,80.702,1,,0,received,,403.060,694483e5-72ee-4771-aee0-02fb9162550a,2,3,0,3
1788859453.274,3,1,14.977,-0.040,-0.028,-14.976,-0.006,0.004,29.953,-46.375,73.625,1,,0,received,,401.144,9551b754-fbe7-41c5-91ee-53bcb8864ab0,3,1,0,3
1788859453.274,3,2,14.977,-0.040,-0.028,0.005,-0.029,-0.010,14.973,-39.298,80.702,1,,0,received,,410.181,6672d26f-d686-4252-a112-f9227eb56c7a,3,2,0,3
1788859454.313,1,2,-14.968,-0.006,-0.058,0.005,-0.029,-0.064,14.973,-39.298,80.702,1,,0,received,,404.310,b727bb27-4350-49b6-a621-345aa9edd10a,1,2,0,3
1788859454.313,1,3,-14.968,-0.006,-0.058,14.970,-0.040,-0.032,29.938,-46.369,73.631,1,,0,dropped,channel_loss,415.066,001ec481-1704-4a46-b6f2-5b2995e1fc8a,1,3,0,3
1788859454.313,1,2,-14.968,-0.006,-0.058,0.005,-0.029,-0.064,14.973,-39.298,80.702,1,,0,received,,399.407,001ec481-1704-4a46-b6f2-5b2995e1fc8a,1,3,1,2
1788859454.314,2,3,0.005,-0.029,-0.064,14.970,-0.040,-0.032,14.965,-39.293,80.707,1,,0,received,,413.809,001ec481-1704-4a46-b6f2-5b2995e1fc8a,1,3,2,1
1788859454.314,2,1,0.005,-0.029,-0.064,-14.968,-0.006,-0.058,14.973,-39.298,80.702,1,,0,received,,412.729,37c8bb6a-d00c-44f3-8cb6-f69ed6a55cce,2,1,0,3
1788859454.314,2,3,0.005,-0.029,-0.064,14.970,-0.040,-0.032,14.965,-39.293,80.707,1,,0,received,,398.299,49f279c0-6e94-41b1-b461-9b3da679907b,2,3,0,3
1788859454.314,3,1,14.970,-0.040,-0.032,-14.968,-0.006,-0.058,29.938,-46.369,73.631,1,,0,received,,409.215,39bba2ea-2abe-47de-9e7f-626031157ee3,3,1,0,3
1788859454.314,3,2,14.970,-0.040,-0.032,0.005,-0.029,-0.064,14.965,-39.293,80.707,1,,0,received,,414.889,e428e25c-a66a-4f85-b649-e3fb1efd7938,3,2,0,3
1788859455.353,1,2,-14.968,-0.006,-0.006,0.005,-0.029,-0.010,14.973,-39.298,80.702,1,,0,received,,395.301,edf0f3bb-037f-42c0-9cd4-2f81ef5bd771,1,2,0,3
1788859455.353,1,3,-14.968,-0.006,-0.006,14.962,-0.040,0.031,29.930,-46.367,73.633,1,,0,received,,401.132,420fd29c-1030-4510-aa49-f36157629dce,1,3,0,3
1788859455.353,2,1,0.005,-0.029,-0.010,-14.968,-0.006,-0.006,14.973,-39.298,80.702,1,,0,received,,413.923,27e6c7e4-4e3a-4d69-a8fa-832f650a3ea9,2,1,0,3
1788859455.354,2,3,0.005,-0.029,-0.010,14.962,-0.040,0.031,14.958,-39.288,80.712,1,,0,received,,397.453,dc78793a-256f-46be-9566-ba1271eccdd0,2,3,0,3
1788859455.354,3,1,14.962,-0.040,0.031,-14.968,-0.006,-0.006,29.930,-46.367,73.633,1,,0,received,,406.209,3eee9108-979d-41f3-8fa3-659a51fec275,3,1,0,3
1788859455.355,3,2,14.962,-0.040,0.031,0.005,-0.029,-0.010,14.958,-39.288,80.712,1,,0,received,,407.241,c77f7536-edaa-4095-b2d0-45d3e7c567b6,3,2,0,3
1788859456.374,1,2,-14.968,-0.006,-0.006,0.012,-0.029,-0.012,14.980,-39.303,80.697,1,,0,received,,399.216,4fad6a21-3bf7-45f7-9e22-77bb67debd47,1,2,0,3
1788859456.374,1,3,-14.968,-0.006,-0.006,14.954,-0.029,-0.038,29.922,-46.364,73.636,1,,0,received,,400.424,1728da44-193c-42d3-b993-9a6a855ccc61,1,3,0,3
1788859456.374,2,1,0.012,-0.029,-0.012,-14.968,-0.006,-0.006,14.980,-39.303,80.697,1,,0,received,,413.251,2a1af56c-2896-467f-b9b7-444082b8f55e,2,1,0,3
1788859456.374,2,3,0.012,-0.029,-0.012,14.954,-0.029,-0.038,14.942,-39.277,80.723,1,,0,received,,396.990,2cf20e28-eedd-48ee-8b9c-9ad1c0472920,2,3,0,3
1788859456.375,3,1,14.954,-0.029,-0.038,-14.968,-0.006,-0.006,29.922,-46.364,73.636,1,,0,received,,400.678,6938ddbb-4e36-490a-b584-067689e3f9df,3,1,0,3
1788859456.375,3,2,14.954,-0.029,-0.038,0.012,-0.029,-0.012,14.942,-39.277,80.723,1,,0,received,,410.566,a594430a-32ee-41cc-9c6d-9b10d4e21bed,3,2,0,3
1788859457.400,1,2,-14.968,-0.006,-0.062,0.012,-0.029,-0.069,14.980,-39.303,80.697,1,,0,received,,400.383,757a24cb-09eb-43ed-b7bc-c1dec37ac421,1,2,0,3
1788859457.400,1,3,-14.968,-0.006,-0.062,14.954,-0.018,-0.042,29.922,-46.364,73.636,1,,0,received,,406.178,a11b4968-7b5f-4ece-a1d4-26de933ef15a,1,3,0,3
1788859457.401,2,1,0.012,-0.029,-0.069,-14.968,-0.006,-0.062,14.980,-39.303,80.697,1,,0,received,,395.337,4f747ea1-7b83-40ad-8f03-5c6e81a2911e,2,1,0,3
1788859457.401,2,3,0.012,-0.029,-0.069,14.954,-0.018,-0.042,14.942,-39.277,80.723,1,,0,received,,412.806,0cc67544-82e2-4bed-aef2-fe67255ce902,2,3,0,3
1788859457.401,3,1,14.954,-0.018,-0.042,-14.968,-0.006,-0.062,29.922,-46.364,73.636,1,,0,received,,406.056,a2e16d54-d6eb-4769-8bc1-500357749539,3,1,0,3
1788859457.401,3,2,14.954,-0.018,-0.042,0.012,-0.029,-0.069,14.942,-39.277,80.723,1,,0,received,,406.794,43c3ecad-b4fd-4d11-a946-fc5f30e2c012,3,2,0,3
1788859458.433,1,2,-14.960,-0.018,-0.062,0.020,-0.029,-0.076,14.980,-39.303,80.697,1,,0,received,,397.693,c22bca0f-a41b-45e2-82bc-8ce6a79ad26c,1,2,0,3
1788859458.433,1,3,-14.960,-0.018,-0.062,14.962,-0.018,-0.041,29.922,-46.364,73.636,1,,0,received,,413.124,2f5fc90c-5bec-4c73-b39d-da81f44b3f6e,1,3,0,3
1788859458.433,2,1,0.020,-0.029,-0.076,-14.960,-0.018,-0.062,14.980,-39.303,80.697,1,,0,received,,412.358,78fd7d95-b183-44f1-809e-175fb5dc4e30,2,1,0,3
1788859458.433,2,3,0.020,-0.029,-0.076,14.962,-0.018,-0.041,14.942,-39.277,80.723,1,,0,received,,399.346,6a9ed9ab-3d89-4111-b8af-67b90466e16f,2,3,0,3
1788859458.433,3,1,14.962,-0.018,-0.041,-14.960,-0.018,-0.062,29.922,-46.364,73.636,1,,0,received,,397.200,a07f8147-1a9d-4a3e-a5fd-0c8c7363b116,3,1,0,3
1788859458.434,3,2,14.962,-0.018,-0.041,0.020,-0.029,-0.076,14.942,-39.277,80.723,1,,0,received,,412.827,2e827ff3-8f01-4811-b0bc-5b7f66a8e162,3,2,0,3
1788859459.443,1,2,-14.960,-0.018,-0.059,0.020,-0.018,-0.081,14.980,-39.303,80.697,1,,0,received,,407.557,8f5f052f-0cfe-4d0e-bb4d-d966c00dd8fb,1,2,0,3
1788859459.443,1,3,-14.960,-0.018,-0.059,14.962,-0.018,-0.040,29.922,-46.364,73.636,1,,0,received,,413.742,277c9446-203d-4abb-8a0a-e65f9a08149f,1,3,0,3
1788859459.443,2,1,0.020,-0.018,-0.081,-14.960,-0.018,-0.059,14.980,-39.303,80.697,1,,0,received,,414.668,923c414a-5666-4134-954f-5cc8c12141ba,2,1,0,3
1788859459.444,2,3,0.020,-0.018,-0.081,14.962,-0.018,-0.040,14.942,-39.277,80.723,1,,0,received,,412.772,066b6059-7a51-4652-8bb4-65d9161c1483,2,3,0,3
1788859459.444,3,1,14.962,-0.018,-0.040,-14.960,-0.018,-0.059,29.922,-46.364,73.636,1,,0,received,,409.875,e552bd0a-b255-430c-802b-a55cbe64d8ba,3,1,0,3
1788859459.444,3,2,14.962,-0.018,-0.040,0.020,-0.018,-0.081,14.942,-39.277,80.723,1,,0,received,,413.760,4c264b73-56f9-444d-a3e2-e956176fd8ed,3,2,0,3
1788859460.453,1,2,-14.953,-0.018,0.003,0.005,-0.006,-0.005,14.957,-39.288,80.712,1,,0,received,,412.425,ddbedd5e-5c36-4e69-87b9-73c58ca3cfcb,1,2,0,3
1788859460.453,1,3,-14.953,-0.018,0.003,14.962,-0.029,0.000,29.915,-46.362,73.638,1,,0,received,,400.480,28221acd-255d-42ea-92d2-267e1f9c1a52,1,3,0,3
1788859460.454,2,1,0.005,-0.006,-0.005,-14.953,-0.018,0.003,14.957,-39.288,80.712,1,,0,received,,397.306,f5e9b0d1-4924-4bcf-826a-a7df8a0c89fe,2,1,0,3
1788859460.454,2,3,0.005,-0.006,-0.005,14.962,-0.029,0.000,14.957,-39.288,80.712,1,,0,received,,412.316,96eebe6e-1958-4aa2-b064-941bc8eba3c0,2,3,0,3
1788859460.454,3,1,14.962,-0.029,0.000,-14.953,-0.018,0.003,29.915,-46.362,73.638,1,,0,received,,411.476,2c766186-775d-4add-8362-f6a31c9bc334,3,1,0,3
1788859460.455,3,2,14.962,-0.029,0.000,0.005,-0.006,-0.005,14.957,-39.288,80.712,1,,0,received,,401.248,2f01d55b-e789-43fd-81ad-dbc079ba2578,3,2,0,3
1788859461.455,1,2,-14.953,-0.018,0.001,0.005,0.005,-0.006,14.957,-39.288,80.712,1,,0,received,,399.696,7ea8ac2c-4231-4340-aeb9-1a97436665a4,1,2,0,3
1788859461.456,1,3,-14.953,-0.018,0.001,14.962,-0.029,-0.041,29.915,-46.362,73.638,1,,0,received,,399.007,f4e20523-9928-4b46-9fb3-42a3f261712f,1,3,0,3
1788859461.456,2,1,0.005,0.005,-0.006,-14.953,-0.018,0.001,14.957,-39.288,80.712,1,,0,received,,412.431,83f410fd-22c4-47ee-96c5-ade3d330633b,2,1,0,3
1788859461.456,2,3,0.005,0.005,-0.006,14.962,-0.029,-0.041,14.958,-39.288,80.712,1,,0,dropped,channel_loss,400.727,ce221110-02bf-4190-b4b8-3afa03359c56,2,3,0,3
1788859461.456,2,1,0.005,0.005,-0.006,-14.953,-0.018,0.001,14.957,-39.288,80.712,1,,0,received,,403.138,ce221110-02bf-4190-b4b8-3afa03359c56,2,3,1,2
1788859461.456,1,3,-14.953,-0.018,0.001,14.962,-0.029,-0.041,29.915,-46.362,73.638,1,,0,dropped,channel_loss,405.868,ce221110-02bf-4190-b4b8-3afa03359c56,2,3,2,1
1788859461.457,3,1,14.962,-0.029,-0.041,-14.953,-0.018,0.001,29.915,-46.362,73.638,1,,0,dropped,channel_loss,397.451,b6ef5258-db27-4176-9f3e-8c3fd10cd611,3,1,0,3
1788859461.458,3,2,14.962,-0.029,-0.041,0.005,0.005,-0.006,14.958,-39.288,80.712,1,,0,dropped,channel_loss,398.715,b6ef5258-db27-4176-9f3e-8c3fd10cd611,3,1,1,2
1788859461.458,3,2,14.962,-0.029,-0.041,0.005,0.005,-0.006,14.958,-39.288,80.712,1,,0,dropped,channel_loss,400.453,844987f4-a1c3-426d-a9b1-d0df4db3202f,3,2,0,3
1788859461.458,3,1,14.962,-0.029,-0.041,-14.953,-0.018,0.001,29.915,-46.362,73.638,1,,0,received,,403.835,844987f4-a1c3-426d-a9b1-d0df4db3202f,3,2,1,2
1788859461.458,1,2,-14.953,-0.018,0.001,0.005,0.005,-0.006,14.957,-39.288,80.712,1,,0,received,,401.418,844987f4-a1c3-426d-a9b1-d0df4db3202f,3,2,2,1
1788859462.472,1,2,-14.953,-0.018,-0.069,0.012,0.005,-0.084,14.965,-39.293,80.707,1,,0,received,,405.373,f3df2db0-787d-4903-a708-26a71feeaaf3,1,2,0,3
1788859462.473,1,3,-14.953,-0.018,-0.069,14.954,-0.029,-0.042,29.907,-46.359,73.641,1,,0,received,,406.676,77725efb-5aae-4378-a4b3-7a7274e2c850,1,3,0,3
1788859462.473,2,1,0.012,0.005,-0.084,-14.953,-0.018,-0.069,14.965,-39.293,80.707,1,,0,received,,409.320,0351a5e5-60ac-4ee0-b1be-f46b12c7de5f,2,1,0,3
1788859462.473,2,3,0.012,0.005,-0.084,14.954,-0.029,-0.042,14.942,-39.277,80.723,1,,0,received,,413.656,18ad5897-cd05-48a1-bd33-f855b7f58bdf,2,3,0,3
1788859462.473,3,1,14.954,-0.029,-0.042,-14.953,-0.018,-0.069,29.907,-46.359,73.641,1,,0,received,,409.533,271c5faf-dab1-4ad5-9584-d1ab5a042fe3,3,1,0,3
1788859462.474,3,2,14.954,-0.029,-0.042,0.012,0.005,-0.084,14.942,-39.277,80.723,1,,0,received,,408.557,4a0ab9ba-9ddc-4d1e-96f7-c78b046b11a8,3,2,0,3
1788859463.501,1,2,-14.945,-0.018,-0.068,0.012,0.005,-0.079,14.957,-39.288,80.712,1,,0,received,,396.544,9420404e-1811-49ec-96b8-11156b945f94,1,2,0,3
1788859463.501,1,3,-14.945,-0.018,-0.068,14.954,-0.018,-0.044,29.900,-46.357,73.643,1,,0,received,,401.748,7b9ca221-9f69-413c-8dfb-47960a9f3cf0,1,3,0,3
1788859463.502,2,1,0.012,0.005,-0.079,-14.945,-0.018,-0.068,14.957,-39.288,80.712,1,,0,received,,412.104,31416eef-fde2-47c1-bb8f-a412f46d6277,2,1,0,3
1788859463.502,2,3,0.012,0.005,-0.079,14.954,-0.018,-0.044,14.942,-39.277,80.723,1,,0,received,,401.150,b7b7e161-071a-4aa5-a0c8-b9e164f815f0,2,3,0,3
1788859463.502,3,1,14.954,-0.018,-0.044,-14.945,-0.018,-0.068,29.900,-46.357,73.643,1,,0,received,,403.312,1ebbc2c2-9498-4d9a-ad01-fd48d27be3ca,3,1,0,3
1788859463.502,3,2,14.954,-0.018,-0.044,0.012,0.005,-0.079,14.942,-39.277,80.723,1,,0,received,,401.057,d535aea4-f83c-4179-ad4b-350affd1e71a,3,2,0,3
1788859464.516,1,2,-14.945,-0.006,0.001,0.012,0.005,0.006,14.957,-39.288,80.712,1,,0,received,,403.553,d6ed4a6c-7daf-4964-8b77-7d0e55277e24,1,2,0,3
1788859464.517,1,3,-14.945,-0.006,0.001,14.954,-0.018,-0.041,29.900,-46.357,73.643,1,,0,dropped,channel_loss,408.690,82a87ff4-f1a9-4dc8-8ce3-6a6768fe5522,1,3,0,3
1788859464.517,1,2,-14.945,-0.006,0.001,0.012,0.005,0.006,14.957,-39.288,80.712,1,,0,received,,407.454,82a87ff4-f1a9-4dc8-8ce3-6a6768fe5522,1,3,1,2
1788859464.517,2,3,0.012,0.005,0.006,14.954,-0.018,-0.041,14.942,-39.277,80.723,1,,0,received,,406.103,82a87ff4-f1a9-4dc8-8ce3-6a6768fe5522,1,3,2,1
1788859464.517,2,1,0.012,0.005,0.006,-14.945,-0.006,0.001,14.957,-39.288,80.712,1,,0,received,,400.882,7b2f1dac-319a-406a-8307-8e12de6d8d2b,2,1,0,3
1788859464.517,2,3,0.012,0.005,0.006,14.954,-0.018,-0.041,14.942,-39.277,80.723,1,,0,received,,406.744,e5ab46da-da9c-49e4-a3c8-c392fa0a81e7,2,3,0,3
1788859464.517,3,1,14.954,-0.018,-0.041,-14.945,-0.006,0.001,29.900,-46.357,73.643,1,,0,received,,404.444,695ffc43-073a-4f19-ae30-8f89ec85c4f1,3,1,0,3
1788859464.518,3,2,14.954,-0.018,-0.041,0.012,0.005,0.006,14.942,-39.277,80.723,1,,0,received,,399.418,ee593743-b2a5-4978-b024-4e0f1a4edbdd,3,2,0,3
1788859465.569,1,2,-14.938,0.005,0.006,0.012,-0.006,0.010,14.950,-39.282,80.718,1,,0,received,,413.168,3595ef5b-3031-476d-9b8f-c4bdf55cf971,1,2,0,3
1788859465.569,1,3,-14.938,0.005,0.006,14.970,-0.018,-0.044,29.907,-46.359,73.641,1,,0,received,,398.538,06107274-f55b-4cda-84c7-85568ffc5bf3,1,3,0,3
1788859465.569,2,1,0.012,-0.006,0.010,-14.938,0.005,0.006,14.950,-39.282,80.718,1,,0,received,,405.453,74106209-799f-49b0-a275-bc5552041f27,2,1,0,3
1788859465.569,2,3,0.012,-0.006,0.010,14.970,-0.018,-0.044,14.958,-39.288,80.712,1,,0,received,,401.848,a12728ad-0db1-479d-b7f9-0096f1bb29d9,2,3,0,3
1788859465.570,3,1,14.970,-0.018,-0.044,-14.938,0.005,0.006,29.907,-46.359,73.641,1,,0,received,,410.167,586e8249-c7e2-4ea3-a503-61ca913c8f9a,3,1,0,3
1788859465.570,3,2,14.970,-0.018,-0.044,0.012,-0.006,0.010,14.958,-39.288,80.712,1,,0,received,,399.637,462f291b-d9e1-4d92-9e6a-ceeb3d4b0a46,3,2,0,3
1788859466.602,1,2,-14.938,0.005,-0.056,0.020,-0.018,-0.073,14.957,-39.288,80.712,1,,0,received,,395.633,bbe9f418-0804-46ef-804d-a16b17318b16,1,2,0,3
1788859466.602,1,3,-14.938,0.005,-0.056,14.977,-0.018,-0.051,29.915,-46.362,73.638,1,,0,received,,404.647,45f8f939-8615-44c7-a2a6-7d9348915d94,1,3,0,3
1788859466.602,2,1,0.020,-0.018,-0.073,-14.938,0.005,-0.056,14.957,-39.288,80.712,1,,0,received,,396.601,c17c2542-6975-40a1-a1c3-10bb93db06ea,2,1,0,3
1788859466.603,2,3,0.020,-0.018,-0.073,14.977,-0.018,-0.051,14.957,-39.288,80.712,1,,0,received,,407.739,30153d8c-f3a1-4ea5-a787-7e65737b8870,2,3,0,3
1788859466.603,3,1,14.977,-0.018,-0.051,-14.938,0.005,-0.056,29.915,-46.362,73.638,1,,0,received,,409.071,4d1d126c-58e2-45cf-a3bc-41f6173ddb44,3,1,0,3
1788859466.603,3,2,14.977,-0.018,-0.051,0.020,-0.018,-0.073,14.957,-39.288,80.712,1,,0,received,,400.024,55565236-ab00-4ee4-a989-ad6e8ea18a7b,3,2,0,3
1788859467.619,1,2,-14.945,0.005,0.011,0.020,-0.018,0.008,14.965,-39.293,80.707,1,,0,received,,395.255,d6971a58-af83-4ca5-bc02-083b10dd8e10,1,2,0,3
1788859467.619,1,3,-14.945,0.005,0.011,14.985,-0.029,-0.013,29.930,-46.367,73.633,1,,0,received,,410.545,095a8e5b-f16f-4e27-9e67-9b3e3b9e6362,1,3,0,3
1788859467.620,2,1,0.020,-0.018,0.008,-14.945,0.005,0.011,14.965,-39.293,80.707,1,,0,received,,403.647,50002bb6-a22a-46e3-8a0f-62c5cce832bd,2,1,0,3
1788859467.620,2,3,0.020,-0.018,0.008,14.985,-0.029,-0.013,14.965,-39.293,80.707,1,,0,received,,414.303,f8bbfa27-3768-42ed-a898-99e8b85999f9,2,3,0,3
1788859467.620,3,1,14.985,-0.029,-0.013,-14.945,0.005,0.011,29.930,-46.367,73.633,1,,0,received,,396.148,86e5378e-879e-4bbc-9965-fc5482373619,3,1,0,3
1788859467.620,3,2,14.985,-0.029,-0.013,0.020,-0.018,0.008,14.965,-39.293,80.707,1,,0,received,,412.111,22d82377-04d4-49ff-8f24-0998506b9b53,3,2,0,3
1788859468.627,1,2,-14.945,-0.006,0.018,0.020,-0.018,0.012,14.965,-39.293,80.707,1,,0,received,,411.172,310be572-d624-4fd1-a4db-4e4e809f24c3,1,2,0,3
1788859468.627,1,3,-14.945,-0.006,0.018,14.977,-0.006,-0.058,29.923,-46.364,73.636,1,,0,received,,414.902,f7d201ab-36b9-440e-b175-7ed053b2af8e,1,3,0,3
1788859468.627,2,1,0.020,-0.018,0.012,-14.945,-0.006,0.018,14.965,-39.293,80.707,1,,0,received,,414.145,133ac613-08ea-4aaf-b765-81444c9765e0,2,1,0,3
1788859468.628,2,3,0.020,-0.018,0.012,14.977,-0.006,-0.058,14.958,-39.288,80.712,1,,0,received,,407.397,7c6f98c0-2bbe-4f43-aed6-b98b830bc51e,2,3,0,3
1788859468.628,3,1,14.977,-0.006,-0.058,-14.945,-0.006,0.018,29.923,-46.364,73.636,1,,0,received,,405.240,a3fcc586-cafc-4637-9269-b03aa362d286,3,1,0,3
1788859468.628,3,2,14.977,-0.006,-0.058,0.020,-0.018,0.012,14.958,-39.288,80.712,1,,0,received,,406.101,291988b0-37bc-48f9-b47f-34c67b0d1597,3,2,0,3
1788859469.638,1,2,-14.960,-0.006,0.115,0.012,-0.006,0.022,14.973,-39.298,80.702,1,,0,received,,410.017,6d0f850e-9d9f-4b17-ac0f-095f6defa69c,1,2,0,3
1788859469.638,1,3,-14.960,-0.006,0.115,14.970,-0.006,-0.057,29.930,-46.367,73.633,1,,0,received,,400.328,5ad42591-34b4-46a9-bf3b-8d66a946563a,1,3,0,3
1788859469.638,2,1,0.012,-0.006,0.022,-14.960,-0.006,0.115,14.973,-39.298,80.702,1,,0,received,,407.897,64fa0760-1b0d-470d-b1a0-f7c66d9b5863,2,1,0,3
1788859469.638,2,3,0.012,-0.006,0.022,14.970,-0.006,-0.057,14.958,-39.288,80.712,1,,0,received,,405.570,61adab43-45b3-4779-afb9-f57bc452d3de,2,3,0,3
1788859469.639,3,1,14.970,-0.006,-0.057,-14.960,-0.006,0.115,29.930,-46.367,73.633,1,,0,received,,400.636,9131ba4a-b510-4ff7-a1ac-9966bb75a89c,3,1,0,3
1788859469.639,3,2,14.970,-0.006,-0.057,0.012,-0.006,0.022,14.958,-39.288,80.712,1,,0,received,,400.859,24a951cb-f959-4af2-b5a4-485e4025584d,3,2,0,3
1788859470.680,1,2,-14.983,-0.029,0.421,-0.018,0.016,0.171,14.967,-39.294,80.706,1,,0,received,,401.538,00fe2c7f-7322-4767-a177-32d76a5e0ebe,1,2,0,3
1788859470.680,1,3,-14.983,-0.029,0.421,14.970,-0.006,-0.045,29.956,-46.376,73.624,1,,0,received,,397.912,7d01b839-6198-4d7b-afc2-a8336a27c30b,1,3,0,3
1788859470.681,2,1,-0.018,0.016,0.171,-14.983,-0.029,0.421,14.967,-39.294,80.706,1,,0,received,,409.023,6bda31a7-9646-4a78-a4a3-31406a91755d,2,1,0,3
1788859470.681,2,3,-0.018,0.016,0.171,14.970,-0.006,-0.045,14.989,-39.309,80.691,1,,0,received,,396.429,b379131e-63c2-439c-a02a-0a8ddaf0c93e,2,3,0,3
1788859470.681,3,1,14.970,-0.006,-0.045,-14.983,-0.029,0.421,29.956,-46.376,73.624,1,,0,received,,405.996,5b051c9e-4880-47c8-98eb-a4471f00720b,3,1,0,3
1788859470.681,3,2,14.970,-0.006,-0.045,-0.018,0.016,0.171,14.989,-39.309,80.691,1,,0,received,,399.281,435e4afe-4c4f-4d97-be0d-07eba8921b5b,3,2,0,3
1788859471.682,1,2,-15.006,-0.040,0.868,-0.041,0.027,0.494,14.970,-39.296,80.704,1,,0,received,,413.241,332adcaf-22f2-4294-90e3-9fa4bd79a7cf,1,2,0,3
1788859471.682,1,3,-15.006,-0.040,0.868,14.947,-0.018,0.088,29.963,-46.378,73.622,1,,0,received,,409.055,1681d687-8056-4bc6-b6dc-42d1f5dfd01f,1,3,0,3
1788859471.683,2,1,-0.041,0.027,0.494,-15.006,-0.040,0.868,14.970,-39.296,80.704,1,,0,received,,410.456,229aff12-ac97-4369-9798-716a8c37f657,2,1,0,3
1788859471.683,2,3,-0.041,0.027,0.494,14.947,-0.018,0.088,14.993,-39.312,80.688,1,,0,received,,395.262,c46466e8-7bdd-4b2a-a79b-d2332f011940,2,3,0,3
1788859471.683,3,1,14.947,-0.018,0.088,-15.006,-0.040,0.868,29.963,-46.378,73.622,1,,0,received,,410.214,2ed06733-ea6b-4b7b-ad11-54e76f828121,3,1,0,3
1788859471.683,3,2,14.947,-0.018,0.088,-0.041,0.027,0.494,14.993,-39.312,80.688,1,,0,received,,414.213,8f9ae44d-e2c1-46a6-a716-517b4841ba9b,3,2,0,3
1788859472.738,1,2,-15.013,-0.040,1.380,-0.033,0.027,0.980,14.986,-39.307,80.693,1,,0,received,,410.094,1d0c44e6-873d-4a2b-90c0-f6368bb876ce,1,2,0,3
1788859472.739,1,3,-15.013,-0.040,1.380,14.932,-0.029,0.418,29.960,-46.377,73.623,1,,0,received,,407.209,35c3f223-72cc-4afe-bd0a-8c5c407156f8,1,3,0,3
1788859472.739,2,1,-0.033,0.027,0.980,-15.013,-0.040,1.380,14.986,-39.307,80.693,1,,0,received,,399.532,0639cfd6-f9d6-4ad5-ac4b-fa0f9af35bc8,2,1,0,3
1788859472.739,2,3,-0.033,0.027,0.980,14.932,-0.029,0.418,14.976,-39.300,80.700,1,,0,received,,395.725,3759f62d-3793-410f-86a8-57d410cf9cce,2,3,0,3
1788859472.739,3,1,14.932,-0.029,0.418,-15.013,-0.040,1.380,29.960,-46.377,73.623,1,,0,received,,408.727,925980c8-fd36-46f8-b629-2ad88df42a1b,3,1,0,3
1788859472.739,3,2,14.932,-0.029,0.418,-0.033,0.027,0.980,14.976,-39.300,80.700,1,,0,received,,398.445,0bebc985-11e9-4052-9754-1c6d9a17965a,3,2,0,3
1788859473.751,1,2,-15.006,-0.051,1.800,-0.018,0.016,1.290,14.996,-39.314,80.686,1,,0,received,,397.697,f0f23624-fc85-4827-b14a-e2bc3059448f,1,2,0,3
1788859473.751,1,3,-15.006,-0.051,1.800,14.932,-0.029,0.788,29.955,-46.375,73.625,1,,0,received,,395.683,55e5d070-83a6-48f0-b0ab-2ade52ccb87a,1,3,0,3
1788859473.752,2,1,-0.018,0.016,1.290,-15.006,-0.051,1.800,14.996,-39.314,80.686,1,,0,received,,406.432,5143635e-8230-45d5-9b97-4b64d1142481,2,1,0,3
1788859473.752,2,3,-0.018,0.016,1.290,14.932,-0.029,0.788,14.958,-39.288,80.712,1,,0,received,,407.999,da475743-388d-4197-8a44-b7b674a485c0,2,3,0,3
1788859473.752,3,1,14.932,-0.029,0.788,-15.006,-0.051,1.800,29.955,-46.375,73.625,1,,0,received,,404.378,04db1c27-4906-4e4c-8707-d28ebe32146a,3,1,0,3
1788859473.752,3,2,14.932,-0.029,0.788,-0.018,0.016,1.290,14.958,-39.288,80.712,1,,0,received,,402.726,b80d3b9d-fdee-444e-a8ab-cb685eee800d,3,2,0,3
1788859474.770,1,2,-14.998,-0.040,2.314,0.012,0.005,1.871,15.017,-39.328,80.672,1,,0,received,,401.681,d640b141-dc3a-47cb-94cc-30c7eef355bf,1,2,0,3
1788859474.771,1,3,-14.998,-0.040,2.314,14.932,-0.029,1.273,29.948,-46.373,73.627,1,,0,received,,402.727,9da3794d-fed9-4b67-ba1e-020958009898,1,3,0,3
1788859474.771,2,1,0.012,0.005,1.871,-14.998,-0.040,2.314,15.017,-39.328,80.672,1,,0,received,,411.783,3d52fb32-a4ef-4f1e-b4fb-44b3714810e9,2,1,0,3
1788859474.771,2,3,0.012,0.005,1.871,14.932,-0.029,1.273,14.932,-39.270,80.730,1,,0,received,,396.782,30563eed-93e5-46c5-a590-d237d05ea49a,2,3,0,3
1788859474.771,3,1,14.932,-0.029,1.273,-14.998,-0.040,2.314,29.948,-46.373,73.627,1,,0,received,,405.932,6b393a1c-af80-4d1e-a930-c0874e3b00f7,3,1,0,3
1788859474.771,3,2,14.932,-0.029,1.273,0.012,0.005,1.871,14.932,-39.270,80.730,1,,0,dropped,channel_loss,402.143,4e01ebf0-a778-455b-a3bf-3cff46728664,3,2,0,3
1788859474.771,3,1,14.932,-0.029,1.273,-14.998,-0.040,2.314,29.948,-46.373,73.627,1,,0,received,,410.769,4e01ebf0-a778-455b-a3bf-3cff46728664,3,2,1,2
1788859474.771,1,2,-14.998,-0.040,2.314,0.012,0.005,1.871,15.017,-39.328,80.672,1,,0,received,,410.229,4e01ebf0-a778-455b-a3bf-3cff46728664,3,2,2,1
1788859475.791,1,2,-14.991,-0.029,2.880,0.027,0.005,2.417,15.025,-39.333,80.667,1,,0,dropped,channel_loss,399.131,59473a5e-5773-4241-86c6-a65681cbf6e0,1,2,0,3
1788859475.791,1,3,-14.991,-0.029,2.880,14.939,-0.051,1.797,29.950,-46.374,73.626,1,,0,received,,398.192,59473a5e-5773-4241-86c6-a65681cbf6e0,1,2,1,2
1788859475.791,3,2,14.939,-0.051,1.797,0.027,0.005,2.417,14.925,-39.266,80.734,1,,0,received,,408.533,59473a5e-5773-4241-86c6-a65681cbf6e0,1,2,2,1
1788859475.791,1,3,-14.991,-0.029,2.880,14.939,-0.051,1.797,29.950,-46.374,73.626,1,,0,received,,399.503,f9340a37-5d6a-4fb4-a0ba-cb9aa9f3192a,1,3,0,3
1788859475.791,2,1,0.027,0.005,2.417,-14.991,-0.029,2.880,15.025,-39.333,80.667,1,,0,received,,410.482,f2920d9c-07c2-4950-9f2a-06f9f4eb28b6,2,1,0,3
1788859475.791,2,3,0.027,0.005,2.417,14.939,-0.051,1.797,14.925,-39.266,80.734,1,,0,received,,407.289,7ad68a72-1091-4e17-beab-05c0ade7b877,2,3,0,3
1788859475.792,3,1,14.939,-0.051,1.797,-14.991,-0.029,2.880,29.950,-46.374,73.626,1,,0,received,,397.435,68f88186-3829-4ec1-ad32-54661187b10c,3,1,0,3
1788859475.792,3,2,14.939,-0.051,1.797,0.027,0.005,2.417,14.925,-39.266,80.734,1,,0,received,,414.438,d9c9a1f7-1f0b-46df-bb32-c354e881a178,3,2,0,3
1788859476.802,1,2,-14.976,-0.018,3.459,0.027,-0.006,2.987,15.010,-39.323,80.677,1,,0,received,,395.658,f0c9f114-06f1-4462-8d42-17dd79cf472f,1,2,0,3
1788859476.802,1,3,-14.976,-0.018,3.459,14.947,-0.051,2.384,29.942,-46.371,73.629,1,,0,received,,408.691,734069ee-ed30-4497-a8fc-a757267ce3a1,1,3,0,3
1788859476.802,2,1,0.027,-0.006,2.987,-14.976,-0.018,3.459,15.010,-39.323,80.677,1,,0,dropped,channel_loss,403.077,8a582de9-9f04-47ab-b4ce-5ab29c519f09,2,1,0,3
1788859476.802,2,3,0.027,-0.006,2.987,14.947,-0.051,2.384,14.932,-39.270,80.730,1,,0,received,,396.664,8a582de9-9f04-47ab-b4ce-5ab29c519f09,2,1,1,2
1788859476.802,3,1,14.947,-0.051,2.384,-14.976,-0.018,3.459,29.942,-46.371,73.629,1,,0,received,,407.689,8a582de9-9f04-47ab-b4ce-5ab29c519f09,2,1,2,1
1788859476.802,2,3,0.027,-0.006,2.987,14.947,-0.051,2.384,14.932,-39.270,80.730,1,,0,received,,410.594,3f107280-be50-4ba1-b384-ffc0e647e170,2,3,0,3
1788859476.802,3,1,14.947,-0.051,2.384,-14.976,-0.018,3.459,29.942,-46.371,73.629,1,,0,received,,407.152,00b75e01-da48-4a5a-832b-8ab8ce7db58f,3,1,0,3
1788859476.802,3,2,14.947,-0.051,2.384,0.027,-0.006,2.987,14.932,-39.270,80.730,1,,0,received,,414.821,b233f54b-95d3-4369-892b-372ae0a09b96,3,2,0,3
1788859477.849,1,2,-14.960,-0.006,4.039,0.020,-0.018,3.558,14.988,-39.308,80.692,1,,0,received,,402.088,1cfe5af9-9475-4d6c-a5a4-53b843588ccd,1,2,0,3
1788859477.850,1,3,-14.960,-0.006,4.039,14.947,-0.040,2.889,29.929,-46.367,73.633,1,,0,received,,402.556,03a8e3b4-f7ab-4c34-8926-af1d41a33b6f,1,3,0,3
1788859477.850,2,1,0.020,-0.018,3.558,-14.960,-0.006,4.039,14.988,-39.308,80.692,1,,0,received,,401.969,72eb258a-92ba-433e-8b52-edf122b606b1,2,1,0,3
1788859477.850,2,3,0.020,-0.018,3.558,14.947,-0.040,2.889,14.942,-39.277,80.723,1,,0,received,,411.591,45f2f9be-60c3-4207-97d1-2bde5dda60a5,2,3,0,3
1788859477.850,3,1,14.947,-0.040,2.889,-14.960,-0.006,4.039,29.929,-46.367,73.633,1,,0,received,,414.360,d3b8a296-f37b-4992-8a22-8c22e0d0812e,3,1,0,3
1788859477.850,3,2,14.947,-0.040,2.889,0.020,-0.018,3.558,14.942,-39.277,80.723,1,,0,received,,411.718,0528c98b-f1a8-4abb-b6a5-bb098c89bedf,3,2,0,3
1788859478.898,1,2,-14.945,-0.006,4.524,0.012,-0.018,4.014,14.966,-39.293,80.707,1,,0,received,,403.854,24b2f485-423e-40cd-96c3-6c8046e8ff6a,1,2,0,3
1788859478.898,1,3,-14.945,-0.006,4.524,14.954,-0.029,3.397,29.921,-46.364,73.636,1,,0,received,,414.454,c3edb8ac-8800-45a6-a5ee-a443f786556f,1,3,0,3
1788859478.899,2,1,0.012,-0.018,4.014,-14.945,-0.006,4.524,14.966,-39.293,80.707,1,,0,received,,411.308,9a25595b-9ae1-4505-800d-ced0b8e34c71,2,1,0,3
1788859478.899,2,3,0.012,-0.018,4.014,14.954,-0.029,3.397,14.955,-39.286,80.714,1,,0,received,,404.814,76abc9a8-c494-42ae-ac78-23bc3d3dbad6,2,3,0,3
1788859478.899,3,1,14.954,-0.029,3.397,-14.945,-0.006,4.524,29.921,-46.364,73.636,1,,0,received,,409.765,642c993b-9ea5-4de3-991d-363cc1390956,3,1,0,3
1788859478.899,3,2,14.954,-0.029,3.397,0.012,-0.018,4.014,14.955,-39.286,80.714,1,,0,received,,412.178,0e1bbf50-f3a5-4c4c-99c7-4ec075e31ab2,3,2,0,3
1788859479.923,1,2,-14.930,-0.006,5.175,0.012,-0.006,4.667,14.951,-39.283,80.717,1,,0,received,,396.877,8f22d6bc-c40f-45f9-af0b-b7102fd68c11,1,2,0,3
1788859479.923,1,3,-14.930,-0.006,5.175,14.970,-0.018,3.938,29.925,-46.365,73.635,1,,0,received,,400.021,f1390f51-cea0-47e6-a882-d6c3a0903942,1,3,0,3
1788859479.923,2,1,0.012,-0.006,4.667,-14.930,-0.006,5.175,14.951,-39.283,80.717,1,,0,received,,407.351,55df625b-2277-4e27-8ccd-8f3a77d29025,2,1,0,3
1788859479.923,2,3,0.012,-0.006,4.667,14.970,-0.018,3.938,14.975,-39.300,80.700,1,,0,received,,395.718,feed51a8-3843-4cd1-a46d-075f11b42bd2,2,3,0,3
1788859479.924,3,1,14.970,-0.018,3.938,-14.930,-0.006,5.175,29.925,-46.365,73.635,1,,0,received,,398.781,dcdce377-84e3-43f6-b7a6-753a6e935175,3,1,0,3
1788859479.924,3,2,14.970,-0.018,3.938,0.012,-0.006,4.667,14.975,-39.300,80.700,1,,0,received,,411.101,8a8b93b3-5889-416e-b594-d11affcc9ba9,3,2,0,3
1788859480.949,1,2,-14.923,-0.018,5.819,0.012,0.005,5.308,14.944,-39.278,80.722,1,,0,received,,412.750,149ad698-248a-4ccf-963c-79742284b6a3,1,2,0,3
1788859480.950,1,3,-14.923,-0.018,5.819,14.970,-0.018,4.602,29.917,-46.363,73.637,1,,0,received,,400.669,2f1c5836-d78c-4bc3-87b4-71c4d0b5fa7c,1,3,0,3
1788859480.950,2,1,0.012,0.005,5.308,-14.923,-0.018,5.819,14.944,-39.278,80.722,1,,0,received,,414.105,b34b361c-a27d-45d2-b2c0-54ccf964d02d,2,1,0,3
1788859480.950,2,3,0.012,0.005,5.308,14.970,-0.018,4.602,14.974,-39.299,80.701,1,,0,received,,409.546,760884ca-f563-466c-9d78-24889ab6a145,2,3,0,3
1788859480.950,3,1,14.970,-0.018,4.602,-14.923,-0.018,5.819,29.917,-46.363,73.637,1,,0,received,,410.307,cd77fbae-a2ac-46dd-adc3-a58c70ef4353,3,1,0,3
1788859480.950,3,2,14.970,-0.018,4.602,0.012,0.005,5.308,14.974,-39.299,80.701,1,,0,received,,408.062,2b3dd424-c27f-4297-902d-6895a88799f4,3,2,0,3
1788859481.950,1,2,-14.930,-0.018,6.324,0.020,0.005,5.912,14.956,-39.286,80.714,1,,0,received,,411.003,17ffa1ec-2c34-4abd-836b-6e97f750e83a,1,2,0,3
1788859481.950,1,3,-14.930,-0.018,6.324,14.962,-0.018,5.193,29.914,-46.361,73.639,1,,0,received,,399.576,005bd5ae-8313-41ba-9b13-3f82c17f9fd3,1,3,0,3
1788859481.951,2,1,0.020,0.005,5.912,-14.930,-0.018,6.324,14.956,-39.286,80.714,1,,0,received,,401.268,b81873e2-f7c1-4cc9-b124-7b50549dc94b,2,1,0,3
1788859481.951,2,3,0.020,0.005,5.912,14.962,-0.018,5.193,14.960,-39.289,80.711,1,,0,received,,404.609,78f89984-5413-4ea7-be31-ee6c031faab0,2,3,0,3
1788859481.951,3,1,14.962,-0.018,5.193,-14.930,-0.018,6.324,29.914,-46.361,73.639,1,,0,received,,403.654,a6bbaad9-18b0-4add-a342-fac3a2bbdd30,3,1,0,3
1788859481.951,3,2,14.962,-0.018,5.193,0.020,0.005,5.912,14.960,-39.289,80.711,1,,0,received,,401.760,30ae09c1-16d7-4db5-b3a6-94c86bc02a88,3,2,0,3
1788859482.953,1,2,-14.930,-0.029,6.751,0.027,-0.006,6.509,14.959,-39.289,80.711,1,,0,received,,400.562,10e93b45-2648-4524-a277-bc7922cd58a5,1,2,0,3
1788859482.954,1,3,-14.930,-0.029,6.751,14.962,-0.029,5.802,29.907,-46.359,73.641,1,,0,received,,397.557,671da6d5-4143-4da2-aeb0-35647310ac3f,1,3,0,3
1788859482.954,2,1,0.027,-0.006,6.509,-14.930,-0.029,6.751,14.959,-39.289,80.711,1,,0,received,,397.535,8b59d9cf-0abd-4282-9b01-6757b6181c9a,2,1,0,3
1788859482.954,2,3,0.027,-0.006,6.509,14.962,-0.029,5.802,14.952,-39.284,80.716,1,,0,received,,410.388,3b1e7ca0-abbd-44ce-9981-63f2aec6b52b,2,3,0,3
1788859482.954,3,1,14.962,-0.029,5.802,-14.930,-0.029,6.751,29.907,-46.359,73.641,1,,0,received,,399.472,404a449f-b342-444a-9def-0954bbfc6f00,3,1,0,3
1788859482.954,3,2,14.962,-0.029,5.802,0.027,-0.006,6.509,14.952,-39.284,80.716,1,,0,received,,409.636,52d3875d-3f48-4322-ac60-3f4cc3b61fa1,3,2,0,3
1788859483.955,1,2,-14.945,-0.029,7.118,0.020,-0.006,7.125,14.965,-39.293,80.707,1,,0,dropped,channel_loss,405.637,fc0da470-acd4-4815-a8c8-3d559f77d6b8,1,2,0,3
1788859483.955,1,3,-14.945,-0.029,7.118,14.962,-0.018,6.402,29.916,-46.362,73.638,1,,0,received,,397.155,fc0da470-acd4-4815-a8c8-3d559f77d6b8,1,2,1,2
1788859483.955,3,2,14.962,-0.018,6.402,0.020,-0.006,7.125,14.960,-39.289,80.711,1,,0,received,,399.694,fc0da470-acd4-4815-a8c8-3d559f77d6b8,1,2,2,1
1788859483.955,1,3,-14.945,-0.029,7.118,14.962,-0.018,6.402,29.916,-46.362,73.638,1,,0,received,,395.427,f0305e7a-5a46-4480-a441-1552223e4b0d,1,3,0,3
1788859483.956,2,1,0.020,-0.006,7.125,-14.945,-0.029,7.118,14.965,-39.293,80.707,1,,0,received,,400.630,e2bbcec9-c414-4789-b227-2632e93a6e1b,2,1,0,3
1788859483.956,2,3,0.020,-0.006,7.125,14.962,-0.018,6.402,14.960,-39.289,80.711,1,,0,dropped,channel_loss,406.211,e1b7b7be-da54-40d3-90d1-41b2862b5359,2,3,0,3
1788859483.956,2,1,0.020,-0.006,7.125,-14.945,-0.029,7.118,14.965,-39.293,80.707,1,,0,received,,397.670,e1b7b7be-da54-40d3-90d1-41b2862b5359,2,3,1,2
1788859483.956,1,3,-14.945,-0.029,7.118,14.962,-0.018,6.402,29.916,-46.362,73.638,1,,0,received,,404.962,e1b7b7be-da54-40d3-90d1-41b2862b5359,2,3,2,1
1788859483.957,3,1,14.962,-0.018,6.402,-14.945,-0.029,7.118,29.916,-46.362,73.638,1,,0,received,,406.625,328a5c6e-c2c4-4865-a315-9579b988c954,3,1,0,3
1788859483.957,3,2,14.962,-0.018,6.402,0.020,-0.006,7.125,14.960,-39.289,80.711,1,,0,received,,403.953,c88273cc-e763-4ee4-96b8-fa7d9705cbf8,3,2,0,3
1788859484.996,1,2,-14.960,-0.018,7.363,0.020,-0.018,7.744,14.985,-39.306,80.694,1,,0,received,,396.172,7b99ca4f-fb20-4ea3-9460-b4602e39b120,1,2,0,3
1788859484.997,1,3,-14.960,-0.018,7.363,14.970,-0.006,7.074,29.931,-46.367,73.633,1,,0,dropped,channel_loss,404.699,e2458a44-3f98-4e02-8736-4b18994d9aaf,1,3,0,3
1788859484.997,1,2,-14.960,-0.018,7.363,0.020,-0.018,7.744,14.985,-39.306,80.694,1,,0,received,,403.158,e2458a44-3f98-4e02-8736-4b18994d9aaf,1,3,1,2
1788859484.997,2,3,0.020,-0.018,7.744,14.970,-0.006,7.074,14.965,-39.293,80.707,1,,0,received,,407.733,e2458a44-3f98-4e02-8736-4b18994d9aaf,1,3,2,1
1788859484.997,2,1,0.020,-0.018,7.744,-14.960,-0.018,7.363,14.985,-39.306,80.694,1,,0,received,,398.128,cf6d0983-7d88-46fd-ba3f-e5dd7c081527,2,1,0,3
1788859484.997,2,3,0.020,-0.018,7.744,14.970,-0.006,7.074,14.965,-39.293,80.707,1,,0,received,,401.221,ea2892bd-cba9-48a5-9fde-e164a5468440,2,3,0,3
1788859484.998,3,1,14.970,-0.006,7.074,-14.960,-0.018,7.363,29.931,-46.367,73.633,1,,0,dropped,channel_loss,397.513,c4764287-584a-4f8e-af4c-72c57cdac952,3,1,0,3
1788859484.998,3,2,14.970,-0.006,7.074,0.020,-0.018,7.744,14.965,-39.293,80.707,1,,0,received,,407.270,c4764287-584a-4f8e-af4c-72c57cdac952,3,1,1,2
1788859484.998,2,1,0.020,-0.018,7.744,-14.960,-0.018,7.363,14.985,-39.306,80.694,1,,0,received,,399.658,c4764287-584a-4f8e-af4c-72c57cdac952,3,1,2,1
1788859484.998,3,2,14.970,-0.006,7.074,0.020,-0.018,7.744,14.965,-39.293,80.707,1,,0,received,,404.154,7e645abe-5032-459a-90c2-207f2a597be8,3,2,0,3
1788859486.051,1,2,-14.968,-0.018,7.521,0.020,-0.018,8.514,15.020,-39.330,80.670,1,,0,received,,412.347,5b8e650f-8364-4c8a-93b5-db6e23791dac,1,2,0,3
1788859486.051,1,3,-14.968,-0.018,7.521,14.954,0.005,7.743,29.923,-46.365,73.635,1,,0,dropped,channel_loss,401.252,bafadb7e-385c-4eb4-9580-d280767521a8,1,3,0,3
1788859486.051,1,2,-14.968,-0.018,7.521,0.020,-0.018,8.514,15.020,-39.330,80.670,1,,0,received,,407.337,bafadb7e-385c-4eb4-9580-d280767521a8,1,3,1,2
1788859486.052,2,3,0.020,-0.018,8.514,14.954,0.005,7.743,14.955,-39.286,80.714,1,,0,received,,414.096,bafadb7e-385c-4eb4-9580-d280767521a8,1,3,2,1
1788859486.052,2,1,0.020,-0.018,8.514,-14.968,-0.018,7.521,15.020,-39.330,80.670,1,,0,received,,399.365,a479a5a0-489c-4c52-acb4-e6b31c2cc0de,2,1,0,3
1788859486.052,2,3,0.020,-0.018,8.514,14.954,0.005,7.743,14.955,-39.286,80.714,1,,0,received,,398.285,cea217f0-19d8-4f33-9154-1b1aa56b9320,2,3,0,3
1788859486.052,3,1,14.954,0.005,7.743,-14.968,-0.018,7.521,29.923,-46.365,73.635,1,,0,received,,396.645,560ea291-74ad-408e-9a9a-a0b6eb15b516,3,1,0,3
1788859486.052,3,2,14.954,0.005,7.743,0.020,-0.018,8.514,14.955,-39.286,80.714,1,,0,received,,404.154,293ef2e8-b505-4aeb-ac9c-3215719208d8,3,2,0,3
1788859487.086,1,2,-14.968,-0.029,7.641,0.012,-0.006,9.208,15.062,-39.359,80.641,1,,0,received,,400.969,4b39f2ce-7feb-4ee1-8ef8-50b2b9ab646b,1,2,0,3
1788859487.086,1,3,-14.968,-0.029,7.641,14.932,-0.006,8.432,29.910,-46.360,73.640,1,,0,received,,409.283,b52cebca-f0f9-49c8-8244-1e666f449819,1,3,0,3
1788859487.086,2,1,0.012,-0.006,9.208,-14.968,-0.029,7.641,15.062,-39.359,80.641,1,,0,received,,404.225,bb9042d0-58c4-4142-9cc2-8c62df02733c,2,1,0,3
1788859487.086,2,3,0.012,-0.006,9.208,14.932,-0.006,8.432,14.940,-39.276,80.724,1,,0,received,,413.622,74e7c8d7-62ce-48a6-a787-5a7211b9e44c,2,3,0,3
1788859487.086,3,1,14.932,-0.006,8.432,-14.968,-0.029,7.641,29.910,-46.360,73.640,1,,0,received,,407.645,29fa5f7d-61f4-400a-b858-34ccff7aec4c,3,1,0,3
1788859487.087,3,2,14.932,-0.006,8.432,0.012,-0.006,9.208,14.940,-39.276,80.724,1,,0,received,,413.817,ec364165-ce68-4371-9d0b-46b885907130,3,2,0,3
1788859488.092,1,2,-14.976,-0.029,7.722,0.012,-0.006,9.768,15.127,-39.402,80.598,1,,0,received,,406.035,9dc5df28-c61f-410f-a168-25c90c28d7d2,1,2,0,3
1788859488.092,1,3,-14.976,-0.029,7.722,14.939,-0.006,9.056,29.945,-46.372,73.628,1,,0,received,,413.312,7a2235b8-2d02-444c-8897-efd6a1f8be4c,1,3,0,3
1788859488.092,2,1,0.012,-0.006,9.768,-14.976,-0.029,7.722,15.127,-39.402,80.598,1,,0,received,,396.572,8f71081b-9e14-4322-9e21-38e7486959cb,2,1,0,3
1788859488.092,2,3,0.012,-0.006,9.768,14.939,-0.006,9.056,14.944,-39.279,80.721,1,,0,received,,401.296,8faab46b-2fac-44d3-80e0-3c94b574d3ac,2,3,0,3
1788859488.093,3,1,14.939,-0.006,9.056,-14.976,-0.029,7.722,29.945,-46.372,73.628,1,,0,received,,406.528,4cf6fb51-5d29-42ef-a980-3a8e11d42903,3,1,0,3
1788859488.093,3,2,14.939,-0.006,9.056,0.012,-0.006,9.768,14.944,-39.279,80.721,1,,0,received,,397.631,caedd1e1-47ff-4862-810a-ce723123b080,3,2,0,3
1788859489.132,1,2,-14.983,-0.018,7.788,0.012,-0.006,10.408,15.222,-39.467,80.533,1,,0,received,,409.139,ec93dc60-daf9-4320-a346-f5a46b6bbe9b,1,2,0,3
1788859489.132,1,3,-14.983,-0.018,7.788,14.954,-0.018,9.688,29.998,-46.390,73.610,1,,0,dropped,channel_loss,405.154,30f70df7-3505-4384-87ff-3e9822e291f6,1,3,0,3
1788859489.132,1,2,-14.983,-0.018,7.788,0.012,-0.006,10.408,15.222,-39.467,80.533,1,,0,received,,396.753,30f70df7-3505-4384-87ff-3e9822e291f6,1,3,1,2
1788859489.133,2,3,0.012,-0.006,10.408,14.954,-0.018,9.688,14.960,-39.289,80.711,1,,0,received,,403.785,30f70df7-3505-4384-87ff-3e9822e291f6,1,3,2,1
1788859489.133,2,1,0.012,-0.006,10.408,-14.983,-0.018,7.788,15.222,-39.467,80.533,1,,0,received,,400.151,1344059e-602c-4a29-a979-7fa02bba0971,2,1,0,3
1788859489.133,2,3,0.012,-0.006,10.408,14.954,-0.018,9.688,14.960,-39.289,80.711,1,,0,received,,414.382,641e7d50-6b20-4f6c-91ec-9bfd442b5653,2,3,0,3
1788859489.133,3,1,14.954,-0.018,9.688,-14.983,-0.018,7.788,29.998,-46.390,73.610,1,,0,received,,406.648,ae5792ba-26a7-4d47-a525-de66a09416c6,3,1,0,3
1788859489.133,3,2,14.954,-0.018,9.688,0.012,-0.006,10.408,14.960,-39.289,80.711,1,,0,dropped,channel_loss,415.135,884e9ad2-71e2-4bd9-84e6-2ceef7fe971b,3,2,0,3
1788859489.133,3,1,14.954,-0.018,9.688,-14.983,-0.018,7.788,29.998,-46.390,73.610,1,,0,received,,400.534,884e9ad2-71e2-4bd9-84e6-2ceef7fe971b,3,2,1,2
1788859489.134,1,2,-14.983,-0.018,7.788,0.012,-0.006,10.408,15.222,-39.467,80.533,1,,0,received,,410.269,884e9ad2-71e2-4bd9-84e6-2ceef7fe971b,3,2,2,1
1788859490.170,1,2,-14.983,0.005,7.837,0.012,-0.006,10.907,15.306,-39.523,80.477,1,,0,received,,408.174,afaffa7b-011d-4f24-bb5c-a4392838c324,1,2,0,3
1788859490.170,1,3,-14.983,0.005,7.837,14.954,-0.040,10.433,30.050,-46.408,73.592,1,,0,received,,398.774,cc4f5278-0fa3-4a50-9e3c-83d3bdeea474,1,3,0,3
1788859490.171,2,1,0.012,-0.006,10.907,-14.983,0.005,7.837,15.306,-39.523,80.477,1,,0,received,,407.840,e40478c0-3c4f-47b1-87d5-77081dd22ff4,2,1,0,3
1788859490.171,2,3,0.012,-0.006,10.907,14.954,-0.040,10.433,14.950,-39.282,80.718,1,,0,received,,396.969,ebf310eb-0e29-4e74-b6d5-7092882b2b0b,2,3,0,3
1788859490.171,3,1,14.954,-0.040,10.433,-14.983,0.005,7.837,30.050,-46.408,73.592,1,,0,received,,401.810,b63b73b1-b9a4-4589-a06f-a1085590aa3a,3,1,0,3
1788859490.171,3,2,14.954,-0.040,10.433,0.012,-0.006,10.907,14.950,-39.282,80.718,1,,0,received,,412.299,4c8f47dd-2c35-4b2a-bd46-6d528ee25700,3,2,0,3
1788859491.191,1,2,-14.960,0.016,7.874,0.012,0.005,11.301,15.360,-39.558,80.442,1,,0,received,,409.018,5bef33c2-b5dd-4979-aa21-c9d2d13e0825,1,2,0,3
1788859491.192,1,3,-14.960,0.016,7.874,14.962,-0.051,11.345,30.123,-46.433,73.567,1,,0,received,,414.048,458c8abf-27bf-4003-b4d1-98407d7f88b8,1,3,0,3
1788859491.192,2,1,0.012,0.005,11.301,-14.960,0.016,7.874,15.360,-39.558,80.442,1,,0,received,,406.146,3e6c24c3-7f17-4d90-92db-cc8ecebaf7e2,2,1,0,3
1788859491.192,2,3,0.012,0.005,11.301,14.962,-0.051,11.345,14.950,-39.283,80.717,1,,0,received,,401.434,3c425bb5-fdfd-4495-b531-3df7df02111f,2,3,0,3
1788859491.192,3,1,14.962,-0.051,11.345,-14.960,0.016,7.874,30.123,-46.433,73.567,1,,0,received,,414.548,3c2a54de-db0c-4d2f-9b07-526f8f778823,3,1,0,3
1788859491.192,3,2,14.962,-0.051,11.345,0.012,0.005,11.301,14.950,-39.283,80.717,1,,0,received,,405.436,683579f3-9500-4c00-9004-fe1e5210c0cb,3,2,0,3
1788859492.229,1,2,-14.938,0.016,7.905,0.012,0.016,11.645,15.411,-39.592,80.408,1,,0,dropped,channel_loss,408.297,914cf553-1cc0-4cd9-8d49-b423716798a1,1,2,0,3
1788859492.229,1,3,-14.938,0.016,7.905,14.954,-0.051,12.688,30.273,-46.483,73.517,1,,0,received,,403.409,914cf553-1cc0-4cd9-8d49-b423716798a1,1,2,1,2
1788859492.230,3,2,14.954,-0.051,12.688,0.012,0.016,11.645,14.979,-39.302,80.698,1,,0,received,,402.380,914cf553-1cc0-4cd9-8d49-b423716798a1,1,2,2,1
1788859492.230,1,3,-14.938,0.016,7.905,14.954,-0.051,12.688,30.273,-46.483,73.517,1,,0,received,,407.652,673e5168-b407-42bb-b653-638c75cc24ec,1,3,0,3
1788859492.230,2,1,0.012,0.016,11.645,-14.938,0.016,7.905,15.411,-39.592,80.408,1,,0,received,,399.215,9a74a7a3-fed1-4097-b8e1-5919e82e5bec,2,1,0,3
1788859492.230,2,3,0.012,0.016,11.645,14.954,-0.051,12.688,14.979,-39.302,80.698,1,,0,received,,413.698,33f45ee1-d5b3-408c-a785-1f256f2a1e33,2,3,0,3
1788859492.230,3,1,14.954,-0.051,12.688,-14.938,0.016,7.905,30.273,-46.483,73.517,1,,0,received,,409.109,eb52533b-9521-4002-be6b-1dc3a599ae02,3,1,0,3
1788859492.231,3,2,14.954,-0.051,12.688,0.012,0.016,11.645,14.979,-39.302,80.698,1,,0,received,,414.607,2a2bcea1-c6fc-474f-8f25-ce02edded0e6,3,2,0,3
1788859493.265,1,2,-14.945,0.027,7.862,0.012,0.016,11.840,15.477,-39.636,80.364,1,,0,received,,399.930,33e5fe10-b304-40ce-a722-1df659eb20cb,1,2,0,3
1788859493.265,1,3,-14.945,0.027,7.862,14.947,-0.040,13.860,30.488,-46.555,73.445,1,,0,received,,406.161,7ea8f6ea-c687-4bc9-aadd-712722495bd6,1,3,0,3
1788859493.265,2,1,0.012,0.016,11.840,-14.945,0.027,7.862,15.477,-39.636,80.364,1,,0,received,,397.008,8129f2aa-e0ba-4859-b7f6-33b7e53fc5c2,2,1,0,3
1788859493.266,2,3,0.012,0.016,11.840,14.947,-0.040,13.860,15.071,-39.365,80.635,1,,0,dropped,channel_loss,413.403,9669fc61-3224-492c-adb5-0e8e5298821b,2,3,0,3
1788859493.266,2,1,0.012,0.016,11.840,-14.945,0.027,7.862,15.477,-39.636,80.364,1,,0,received,,397.493,9669fc61-3224-492c-adb5-0e8e5298821b,2,3,1,2
1788859493.266,1,3,-14.945,0.027,7.862,14.947,-0.040,13.860,30.488,-46.555,73.445,1,,0,received,,405.112,9669fc61-3224-492c-adb5-0e8e5298821b,2,3,2,1
1788859493.266,3,1,14.947,-0.040,13.860,-14.945,0.027,7.862,30.488,-46.555,73.445,1,,0,received,,405.322,df720437-f9b6-4085-8d3e-02e9925bc005,3,1,0,3
1788859493.266,3,2,14.947,-0.040,13.860,0.012,0.016,11.840,15.071,-39.365,80.635,1,,0,received,,411.839,c6feb549-111c-44aa-85a0-bc83183114bb,3,2,0,3
1788859494.317,1,2,-14.960,0.027,7.951,0.005,-0.006,12.137,15.539,-39.677,80.323,1,,0,dropped,channel_loss,400.019,49718f1a-45ff-4c14-a8cb-887e020eb539,1,2,0,3
1788859494.318,1,3,-14.960,0.027,7.951,14.947,-0.029,14.692,30.658,-46.612,73.388,1,,0,received,,402.816,49718f1a-45ff-4c14-a8cb-887e020eb539,1,2,1,2
1788859494.318,3,2,14.947,-0.029,14.692,0.005,-0.006,12.137,15.159,-39.424,80.576,1,,0,dropped,channel_loss,405.309,49718f1a-45ff-4c14-a8cb-887e020eb539,1,2,2,1
1788859494.319,1,3,-14.960,0.027,7.951,14.947,-0.029,14.692,30.658,-46.612,73.388,1,,0,received,,412.425,bc439989-94cb-4bc9-8b22-fc773f03e290,1,3,0,3
1788859494.319,2,1,0.005,-0.006,12.137,-14.960,0.027,7.951,15.539,-39.677,80.323,1,,0,received,,410.944,34ab6530-f6b0-4038-be7e-2ae3e1b33035,2,1,0,3
1788859494.319,2,3,0.005,-0.006,12.137,14.947,-0.029,14.692,15.159,-39.424,80.576,1,,0,received,,413.829,ffe8e5d6-418e-4cbe-906e-5ed142ab371c,2,3,0,3
1788859494.319,3,1,14.947,-0.029,14.692,-14.960,0.027,7.951,30.658,-46.612,73.388,1,,0,received,,411.555,89a12b8a-fd57-441c-bfb6-b9c15ef74c72,3,1,0,3
1788859494.319,3,2,14.947,-0.029,14.692,0.005,-0.006,12.137,15.159,-39.424,80.576,1,,0,received,,401.115,5264db02-8486-4465-8137-6d8cb364a64a,3,2,0,3
1788859495.354,1,2,-14.960,0.027,7.965,-0.003,-0.018,12.315,15.577,-39.702,80.298,1,,0,received,,415.122,8d56d17f-ecbf-4730-96cf-e48313742c3c,1,2,0,3
1788859495.354,1,3,-14.960,0.027,7.965,14.939,-0.018,15.307,30.788,-46.655,73.345,1,,0,received,,398.116,670bb1b9-feb1-45b6-bd02-c9aa26a5d019,1,3,0,3
1788859495.354,2,1,-0.003,-0.018,12.315,-14.960,0.027,7.965,15.577,-39.702,80.298,1,,0,received,,402.047,099d485d-3596-4f30-a6ab-f092deff8f79,2,1,0,3
1788859495.355,2,3,-0.003,-0.018,12.315,14.939,-0.018,15.307,15.239,-39.478,80.522,1,,0,received,,406.013,aa07c71d-efc1-4f9f-999a-ee009f0619f2,2,3,0,3
1788859495.355,3,1,14.939,-0.018,15.307,-14.960,0.027,7.965,30.788,-46.655,73.345,1,,0,received,,401.580,2d5db28c-095c-45ff-a2aa-a3711b7d2451,3,1,0,3
1788859495.355,3,2,14.939,-0.018,15.307,-0.003,-0.018,12.315,15.239,-39.478,80.522,1,,0,received,,409.094,40169535-942d-4e9b-9fff-5cfceced926b,3,2,0,3
1788859496.408,1,2,-14.991,0.038,7.987,0.012,-0.062,12.472,15.659,-39.755,80.245,1,,0,received,,399.815,144583d5-3fc5-434f-8dbc-aa5b834e3501,1,2,0,3
1788859496.409,1,3,-14.991,0.038,7.987,14.954,0.027,15.817,30.952,-46.710,73.290,1,,0,received,,396.017,f763229a-b144-4d24-85a3-19696cf76969,1,3,0,3
1788859496.409,2,1,0.012,-0.062,12.472,-14.991,0.038,7.987,15.659,-39.755,80.245,1,,0,received,,409.249,a8d3958f-5fcd-4d58-9a39-04ac321193f6,2,1,0,3
1788859496.409,2,3,0.012,-0.062,12.472,14.954,0.027,15.817,15.313,-39.527,80.473,1,,0,received,,402.866,02b37d1b-a37e-4797-9cfa-25b88f783565,2,3,0,3
1788859496.409,3,1,14.954,0.027,15.817,-14.991,0.038,7.987,30.952,-46.710,73.290,1,,0,received,,411.559,9887a8b7-9482-4adc-b7d4-1319d66680b9,3,1,0,3
1788859496.409,3,2,14.954,0.027,15.817,0.012,-0.062,12.472,15.313,-39.527,80.473,1,,0,dropped,channel_loss,405.051,842ff409-3082-408f-8efb-6d6a622cdf7b,3,2,0,3
1788859496.409,3,1,14.954,0.027,15.817,-14.991,0.038,7.987,30.952,-46.710,73.290,1,,0,received,,405.190,842ff409-3082-408f-8efb-6d6a622cdf7b,3,2,1,2
1788859496.410,1,2,-14.991,0.038,7.987,0.012,-0.062,12.472,15.659,-39.755,80.245,1,,0,received,,412.538,842ff409-3082-408f-8efb-6d6a622cdf7b,3,2,2,1
1788859497.450,1,2,-15.382,0.294,8.026,0.020,-0.441,12.601,16.084,-40.029,79.971,1,,0,received,,403.950,ab94f9ec-2eee-4559-b554-ce8980754676,1,2,0,3
1788859497.450,1,3,-15.382,0.294,8.026,15.286,0.328,16.154,31.727,-46.962,73.038,1,,0,received,,404.283,7ad71f6f-ef1c-43a2-9eed-3653f3be5724,1,3,0,3
1788859497.451,2,1,0.020,-0.441,12.601,-15.382,0.294,8.026,16.084,-40.029,79.971,1,,0,received,,403.344,5e2bf4dc-bb08-4adc-8397-928ec1ae2a0e,2,1,0,3
1788859497.451,2,3,0.020,-0.441,12.601,15.286,0.328,16.154,15.693,-39.778,80.222,1,,0,received,,398.231,cbc01582-9b00-406f-b025-e523c7c62cb2,2,3,0,3
1788859497.451,3,1,15.286,0.328,16.154,-15.382,0.294,8.026,31.727,-46.962,73.038,1,,0,received,,414.528,dc1c106b-fc84-47f1-ab57-aaab7810455a,3,1,0,3
1788859497.452,3,2,15.286,0.328,16.154,0.020,-0.441,12.601,15.693,-39.778,80.222,1,,0,received,,408.998,20107ed2-5bb8-466d-b560-4fe608371c1f,3,2,0,3
1788859498.500,1,2,-16.475,0.773,8.030,0.035,-1.476,12.680,17.299,-40.772,79.228,1,,0,received,,412.179,793f9e76-5eec-4503-aba2-d0741868da31,1,2,0,3
1788859498.500,1,3,-16.475,0.773,8.030,16.168,0.995,16.288,33.672,-47.569,72.431,1,,0,received,,412.331,01168433-d2ca-4908-9fd2-43087f34aa6a,1,3,0,3
1788859498.501,2,1,0.035,-1.476,12.680,-16.475,0.773,8.030,17.299,-40.772,79.228,1,,0,received,,401.477,56e9421e-54b0-43c0-b0a5-15e2e4e3e6ab,2,1,0,3
1788859498.501,2,3,0.035,-1.476,12.680,16.168,0.995,16.288,16.715,-40.422,79.578,1,,0,received,,410.332,81c99afa-1744-4c2c-a0bc-d7ca2eba1f6f,2,3,0,3
1788859498.501,3,1,16.168,0.995,16.288,-16.475,0.773,8.030,33.672,-47.569,72.431,1,,0,received,,395.862,c2dd1b78-03fd-49c8-9ea4-0b51af687de6,3,1,0,3
1788859498.501,3,2,16.168,0.995,16.288,0.035,-1.476,12.680,16.715,-40.422,79.578,1,,0,received,,407.767,d331f7c8-d1b3-4abf-bca1-5c872ba52cd8,3,2,0,3
1788859499.550,1,2,-18.133,1.485,7.961,0.057,-3.101,12.632,19.332,-41.906,78.094,1,,0,dropped,channel_loss,415.093,24a9f78b-db8f-403b-ad4e-8c7dc881f1b8,1,2,0,3
1788859499.550,1,3,-18.133,1.485,7.961,17.675,1.953,16.413,36.795,-48.474,71.526,1,,0,received,,403.824,24a9f78b-db8f-403b-ad4e-8c7dc881f1b8,1,2,1,2
1788859499.551,3,2,17.675,1.953,16.413,0.057,-3.101,12.632,18.714,-41.574,78.426,1,,0,received,,407.819,24a9f78b-db8f-403b-ad4e-8c7dc881f1b8,1,2,2,1
1788859499.551,1,3,-18.133,1.485,7.961,17.675,1.953,16.413,36.795,-48.474,71.526,1,,0,received,,404.018,c46ce744-cd93-4762-8cd7-87c898188ca2,1,3,0,3
1788859499.551,2,1,0.057,-3.101,12.632,-18.133,1.485,7.961,19.332,-41.906,78.094,1,,0,received,,413.213,84e9eccd-5366-408d-87cb-6acc8c5c9500,2,1,0,3
1788859499.551,2,3,0.057,-3.101,12.632,17.675,1.953,16.413,18.714,-41.574,78.426,1,,0,received,,411.067,c10ee24b-ee5b-46b0-b694-88d6f1d4e01b,2,3,0,3
1788859499.552,3,1,17.675,1.953,16.413,-18.133,1.485,7.961,36.795,-48.474,71.526,1,,0,received,,402.641,e90372e8-e781-4807-aaff-bdda64da9a46,3,1,0,3
1788859499.552,3,2,17.675,1.953,16.413,0.057,-3.101,12.632,18.714,-41.574,78.426,1,,0,received,,405.767,90952e6d-59c3-43e2-b0b8-edcbf8d9bc78,3,2,0,3
1788859500.595,1,2,-20.423,2.621,8.044,-0.011,-5.428,12.756,22.443,-43.429,76.571,1,,0,received,,410.994,3731137e-1874-4686-9b10-7038be944727,1,2,0,3
1788859500.595,1,3,-20.423,2.621,8.044,19.807,3.044,16.551,41.123,-49.609,70.391,1,,0,received,,396.724,f4874912-5136-4e7c-9417-eaff793f18f9,1,3,0,3
1788859500.595,2,1,-0.011,-5.428,12.756,-20.423,2.621,8.044,22.443,-43.429,76.571,1,,0,received,,407.538,07444da6-d76f-4d21-bee5-b324d577ec97,2,1,0,3
1788859500.596,2,3,-0.011,-5.428,12.756,19.807,3.044,16.551,21.884,-43.171,76.829,1,,0,received,,413.401,84a1bac5-8c30-4b2a-a195-b5e620aa1de9,2,3,0,3
1788859500.596,3,1,19.807,3.044,16.551,-20.423,2.621,8.044,41.123,-49.609,70.391,1,,0,received,,404.367,f040a31a-64a7-46bf-a470-15c9574fc21f,3,1,0,3
1788859500.596,3,2,19.807,3.044,16.551,-0.011,-5.428,12.756,21.884,-43.171,76.829,1,,0,received,,400.251,4b169fb5-8fcf-4b3f-a81a-a4622a28fe6f,3,2,0,3
1788859501.628,1,2,-22.601,3.689,8.065,-0.101,-7.643,12.801,25.634,-44.786,75.214,1,,0,received,,411.237,ec3b5ff7-0a5d-43a2-b177-b13f79dafa79,1,2,0,3
1788859501.628,1,3,-22.601,3.689,8.065,22.098,4.112,16.662,45.520,-50.646,69.354,1,,0,received,,408.696,7023b741-05c9-4ff4-a857-27a0a7fbbea1,1,3,0,3
1788859501.628,2,1,-0.101,-7.643,12.801,-22.601,3.689,8.065,25.634,-44.786,75.214,1,,0,received,,403.979,6c3f2fa0-7473-4631-939a-c1b18dd93209,2,1,0,3
1788859501.628,2,3,-0.101,-7.643,12.801,22.098,4.112,16.662,25.414,-44.698,75.302,1,,0,received,,406.896,a83eb9b4-ef1f-41ca-93b0-e0eafa6f1dba,2,3,0,3
1788859501.628,3,1,22.098,4.112,16.662,-22.601,3.689,8.065,45.520,-50.646,69.354,1,,0,received,,403.630,c44d54d0-8dcb-43e7-bcce-ed687542d782,3,1,0,3
1788859501.629,3,2,22.098,4.112,16.662,-0.101,-7.643,12.801,25.414,-44.698,75.302,1,,0,received,,412.050,378ac1bf-7920-4190-9673-d686ec7a507f,3,2,0,3
1788859502.667,1,2,-25.804,5.159,8.090,-0.176,-10.905,12.840,30.616,-46.598,73.402,1,,0,received,,402.838,3193afca-dde0-40f4-b25d-280bb0503ace,1,2,0,3
1788859502.668,1,3,-25.804,5.159,8.090,25.112,5.470,16.773,51.652,-51.936,68.064,1,,0,received,,399.888,90f912ff-7600-403d-b39a-153ec35e997e,1,3,0,3
1788859502.668,2,1,-0.176,-10.905,12.840,-25.804,5.159,8.090,30.616,-46.598,73.402,1,,0,received,,406.640,14bf69ce-4226-4fc6-851b-89d291d8de4b,2,1,0,3
1788859502.668,2,3,-0.176,-10.905,12.840,25.112,5.470,16.773,30.383,-46.520,73.480,1,,0,dropped,channel_loss,401.049,2dfef165-c8f8-4f3c-853a-4afc4f6f7694,2,3,0,3
1788859502.669,2,1,-0.176,-10.905,12.840,-25.804,5.159,8.090,30.616,-46.598,73.402,1,,0,dropped,channel_loss,408.309,2dfef165-c8f8-4f3c-853a-4afc4f6f7694,2,3,1,2
1788859502.669,3,1,25.112,5.470,16.773,-25.804,5.159,8.090,51.652,-51.936,68.064,1,,0,received,,406.463,2a905b98-73b1-4816-ad6f-978397491b9f,3,1,0,3
1788859502.669,3,2,25.112,5.470,16.773,-0.176,-10.905,12.840,30.383,-46.520,73.480,1,,0,received,,410.037,901f4ce8-8890-4960-ad1d-e8ecaa81d56f,3,2,0,3
1788859503.716,1,2,-29.360,6.784,8.112,-0.169,-14.534,12.866,36.458,-48.381,71.619,1,,0,received,,407.272,bfe46db3-65c3-4af7-a500-2b7fe9e8fa36,1,2,0,3
1788859503.716,1,3,-29.360,6.784,8.112,28.827,7.185,16.924,58.852,-53.268,66.732,1,,0,received,,413.227,72049a3a-9194-4181-be59-62bf68d92698,1,3,0,3
1788859503.716,2,1,-0.169,-14.534,12.866,-29.360,6.784,8.112,36.458,-48.381,71.619,1,,0,received,,411.121,b52f2dc0-45f7-49be-9c3b-db1a1a285e3e,2,1,0,3
1788859503.717,2,3,-0.169,-14.534,12.866,28.827,7.185,16.924,36.454,-48.379,71.621,1,,0,received,,402.191,c12ba291-e189-43f4-898d-90b412163cb1,2,3,0,3
1788859503.717,3,1,28.827,7.185,16.924,-29.360,6.784,8.112,58.852,-53.268,66.732,1,,0,received,,407.562,80c5c341-3145-45b5-951f-4c18567b466c,3,1,0,3
1788859503.717,3,2,28.827,7.185,16.924,-0.169,-14.534,12.866,36.454,-48.379,71.621,1,,0,received,,409.563,41f7dc78-e7ef-4a06-a7af-b737549cd4e4,3,2,0,3
1788859504.723,1,2,-33.384,8.699,8.116,-0.116,-18.675,12.908,43.348,-50.147,69.853,1,,0,received,,411.911,63dfb72b-c722-4f48-bc2c-b120e7d4c1e1,1,2,0,3
1788859504.723,1,3,-33.384,8.699,8.116,32.655,8.966,16.971,66.630,-54.535,65.465,1,,0,received,,413.212,b4d79eb2-5edd-4e3a-9d60-b5d113b90679,1,3,0,3
1788859504.723,2,1,-0.116,-18.675,12.908,-33.384,8.699,8.116,43.348,-50.147,69.853,1,,0,received,,401.323,9c85df43-a370-4be1-b47c-41d46a060ed3,2,1,0,3
1788859504.724,2,3,-0.116,-18.675,12.908,32.655,8.966,16.971,43.063,-50.080,69.920,1,,0,received,,406.736,ae254c34-e75a-4950-8446-fab6f30de8c1,2,3,0,3
1788859504.724,3,1,32.655,8.966,16.971,-33.384,8.699,8.116,66.630,-54.535,65.465,1,,0,received,,396.947,f8a59905-7309-4c55-b543-7d0ba584a3e1,3,1,0,3
1788859504.724,3,2,32.655,8.966,16.971,-0.116,-18.675,12.908,43.063,-50.080,69.920,1,,0,received,,410.094,d2af9d9a-6450-4fd8-b84c-8d23cedbfbe3,3,2,0,3
1788859505.773,1,2,-37.966,11.014,8.084,-0.033,-23.506,12.931,51.517,-51.909,68.091,1,,0,received,,397.787,fad0ee13-e1c1-4f5a-80c4-5b2229514a51,1,2,0,3
1788859505.773,1,3,-37.966,11.014,8.084,37.545,11.304,17.067,76.044,-55.883,64.117,1,,0,received,,414.574,3b9706dd-a282-494d-9e27-7c1fcadd0ced,1,3,0,3
1788859505.773,2,1,-0.033,-23.506,12.931,-37.966,11.014,8.084,51.517,-51.909,68.091,1,,0,received,,413.414,eb081f61-4422-4180-91fa-0d8ee3f959cf,2,1,0,3
1788859505.774,2,3,-0.033,-23.506,12.931,37.545,11.304,17.067,51.390,-51.884,68.116,1,,0,received,,400.284,837c82c5-ea50-404e-949b-0113301ef45e,2,3,0,3
1788859505.774,3,1,37.545,11.304,17.067,-37.966,11.014,8.084,76.044,-55.883,64.117,1,,0,received,,404.781,4d420e35-1661-4e2f-bfe8-7f3abf78bdcb,3,1,0,3
1788859505.774,3,2,37.545,11.304,17.067,-0.033,-23.506,12.931,51.390,-51.884,68.116,1,,0,received,,410.075,96b85445-5789-43d7-aa44-79ae01339f9a,3,2,0,3
1788859506.811,1,2,-42.675,13.575,8.041,0.035,-28.816,12.920,60.373,-53.528,66.472,1,,0,received,,397.448,b728e789-160b-48f3-ad82-1662bb7e4ace,1,2,0,3
1788859506.811,1,3,-42.675,13.575,8.041,42.360,13.708,17.111,85.518,-57.082,62.918,1,,0,dropped,channel_loss,397.959,39461463-3be7-428c-bd34-7f885ee87357,1,3,0,3
1788859506.812,1,2,-42.675,13.575,8.041,0.035,-28.816,12.920,60.373,-53.528,66.472,1,,0,dropped,channel_loss,412.347,39461463-3be7-428c-bd34-7f885ee87357,1,3,1,2
1788859506.812,2,1,0.035,-28.816,12.920,-42.675,13.575,8.041,60.373,-53.528,66.472,1,,0,received,,414.743,f019aac6-2f02-4665-b5aa-a23fc3f7ae34,2,1,0,3
1788859506.812,2,3,0.035,-28.816,12.920,42.360,13.708,17.111,60.144,-53.489,66.511,1,,0,dropped,channel_loss,411.236,77e2d0cb-247c-4aa1-9028-ba115106df07,2,3,0,3
1788859506.812,2,1,0.035,-28.816,12.920,-42.675,13.575,8.041,60.373,-53.528,66.472,1,,0,received,,410.958,77e2d0cb-247c-4aa1-9028-ba115106df07,2,3,1,2
1788859506.812,1,3,-42.675,13.575,8.041,42.360,13.708,17.111,85.518,-57.082,62.918,1,,0,received,,405.876,77e2d0cb-247c-4aa1-9028-ba115106df07,2,3,2,1
1788859506.813,3,1,42.360,13.708,17.111,-42.675,13.575,8.041,85.518,-57.082,62.918,1,,0,received,,408.601,dbe1ed29-dccc-4add-b85b-44a0a10d1dca,3,1,0,3
1788859506.813,3,2,42.360,13.708,17.111,0.035,-28.816,12.920,60.144,-53.489,66.511,1,,0,received,,406.835,4eec82a6-c7d7-4329-b9fb-e48008ea8354,3,2,0,3
1788859507.860,1,2,-46.782,15.834,8.025,0.057,-33.558,12.914,68.245,-54.779,65.221,1,,0,received,,413.950,f0ace757-b4fd-40e9-9504-521cfbddb1fe,1,2,0,3
1788859507.861,1,3,-46.782,15.834,8.025,46.557,15.790,17.141,93.783,-58.023,61.977,1,,0,received,,399.821,9da4e252-422a-4b00-9bfe-7638945e83f0,1,3,0,3
1788859507.861,2,1,0.057,-33.558,12.914,-46.782,15.834,8.025,68.245,-54.779,65.221,1,,0,received,,412.829,22685498-3cbd-41ce-9e68-f6496a6848a8,2,1,0,3
1788859507.861,2,3,0.057,-33.558,12.914,46.557,15.790,17.141,67.936,-54.733,65.267,1,,0,received,,413.449,10a5c83d-c9a2-4491-9f5b-4784464e5b88,2,3,0,3
1788859507.862,3,1,46.557,15.790,17.141,-46.782,15.834,8.025,93.783,-58.023,61.977,1,,0,received,,396.409,d13bcddb-134e-490a-a3fd-a27d16bfff8f,3,1,0,3
1788859507.862,3,2,46.557,15.790,17.141,0.057,-33.558,12.914,67.936,-54.733,65.267,1,,0,received,,413.332,6a5451a7-8bef-440a-aab3-cd0846fffd9b,3,2,0,3
1788859508.879,1,2,-50.745,17.938,7.943,0.057,-37.844,12.841,75.608,-55.825,64.175,1,,0,received,,403.310,3f2c7ccb-af68-453d-a055-75e586bc09b9,1,2,0,3
1788859508.880,1,3,-50.745,17.938,7.943,50.574,17.771,17.209,101.742,-58.855,61.145,1,,0,received,,414.070,14e86026-36f9-4fc3-a987-c4f66d82aea0,1,3,0,3
1788859508.880,2,1,0.057,-37.844,12.841,-50.745,17.938,7.943,75.608,-55.825,64.175,1,,0,received,,404.997,06b92397-b69b-443c-b5f2-73bae59d8288,2,1,0,3
1788859508.880,2,3,0.057,-37.844,12.841,50.574,17.771,17.209,75.260,-55.778,64.222,1,,0,received,,412.889,566e54c9-9e89-4ff8-8cc7-ddbe33c7775f,2,3,0,3
1788859508.881,3,1,50.574,17.771,17.209,-50.745,17.938,7.943,101.742,-58.855,61.145,1,,0,received,,404.217,0fd72122-1dc3-402d-9589-f8255c710a43,3,1,0,3
1788859508.881,3,2,50.574,17.771,17.209,0.057,-37.844,12.841,75.260,-55.778,64.222,1,,0,received,,410.007,0851f09d-138c-4973-a13c-1b2a5891a30f,3,2,0,3
1788859509.883,1,2,-55.199,20.231,7.921,0.042,-41.996,12.845,83.355,-56.820,63.180,1,,0,dropped,channel_loss,403.527,c7de912b-a0b2-4a43-9a50-b3772b98416f,1,2,0,3
1788859509.883,1,3,-55.199,20.231,7.921,55.042,19.964,17.285,110.638,-59.710,60.290,1,,0,received,,398.235,c7de912b-a0b2-4a43-9a50-b3772b98416f,1,2,1,2
1788859509.884,3,2,55.042,19.964,17.285,0.042,-41.996,12.845,82.969,-56.773,63.227,1,,0,received,,397.125,c7de912b-a0b2-4a43-9a50-b3772b98416f,1,2,2,1
1788859509.884,1,3,-55.199,20.231,7.921,55.042,19.964,17.285,110.638,-59.710,60.290,1,,0,received,,403.307,dcd0243a-0e4b-416d-bef8-7a0861cb8810,1,3,0,3
1788859509.884,2,1,0.042,-41.996,12.845,-55.199,20.231,7.921,83.355,-56.820,63.180,1,,0,dropped,channel_loss,395.799,aa03d0ab-9e3f-46d8-8273-b03e5f2b9986,2,1,0,3
1788859509.884,2,3,0.042,-41.996,12.845,55.042,19.964,17.285,82.969,-56.773,63.227,1,,0,received,,404.012,aa03d0ab-9e3f-46d8-8273-b03e5f2b9986,2,1,1,2
1788859509.885,3,1,55.042,19.964,17.285,-55.199,20.231,7.921,110.638,-59.710,60.290,1,,0,dropped,channel_loss,412.253,aa03d0ab-9e3f-46d8-8273-b03e5f2b9986,2,1,2,1
1788859509.885,2,3,0.042,-41.996,12.845,55.042,19.964,17.285,82.969,-56.773,63.227,1,,0,received,,408.858,24cf3b7e-0904-40f6-8400-573f49356b2c,2,3,0,3
1788859509.885,3,1,55.042,19.964,17.285,-55.199,20.231,7.921,110.638,-59.710,60.290,1,,0,received,,414.701,1738ee4b-6091-4512-8b98-c08618d9a68e,3,1,0,3
1788859509.885,3,2,55.042,19.964,17.285,0.042,-41.996,12.845,82.969,-56.773,63.227,1,,0,received,,403.107,4b6a39b8-72fa-4947-9e58-a5b413b9f438,3,2,0,3
1788859510.927,1,2,-60.157,22.714,7.975,0.012,-45.870,12.926,91.370,-57.757,62.243,1,,0,received,,397.587,463abdb3-7157-4b38-9284-10744849a09b,1,2,0,3
1788859510.927,1,3,-60.157,22.714,7.975,59.970,22.402,17.401,120.496,-60.581,59.419,1,,0,received,,404.239,bd24056c-5cb6-44b5-92fd-8b15a496014e,1,3,0,3
1788859510.928,2,1,0.012,-45.870,12.926,-60.157,22.714,7.975,91.370,-57.757,62.243,1,,0,received,,407.978,95988128-4d8a-41cb-b5d0-bb229b35badb,2,1,0,3
1788859510.928,2,3,0.012,-45.870,12.926,59.970,22.402,17.401,90.973,-57.713,62.287,1,,0,received,,395.571,413fd0e9-f361-4f15-856f-c1a30479325e,2,3,0,3
1788859510.928,3,1,59.970,22.402,17.401,-60.157,22.714,7.975,120.496,-60.581,59.419,1,,0,received,,400.016,475ea06a-fe3c-41eb-9714-52a4ae9e47ee,3,1,0,3
1788859510.928,3,2,59.970,22.402,17.401,0.012,-45.870,12.926,90.973,-57.713,62.287,1,,0,received,,406.436,5dc006a8-24f2-4823-a050-57ecb852baf1,3,2,0,3
1788859511.981,1,2,-64.912,25.107,7.963,-0.011,-49.087,12.930,98.700,-58.545,61.455,1,,0,received,,410.447,b8980b07-2349-48f6-9bd9-04a95d605e12,1,2,0,3
1788859511.981,1,3,-64.912,25.107,7.963,64.695,24.773,17.425,129.951,-61.352,58.648,1,,0,received,,399.463,7ee70cf6-f817-4617-8a7e-fbdcc9fcb6c5,1,3,0,3
1788859511.981,2,1,-0.011,-49.087,12.930,-64.912,25.107,7.963,98.700,-58.545,61.455,1,,0,received,,401.716,1dfdf48b-6d92-478f-81e6-e6dee4028e94,2,1,0,3
1788859511.981,2,3,-0.011,-49.087,12.930,64.695,24.773,17.425,98.297,-58.503,61.497,1,,0,received,,413.155,f5b0a8f8-a922-451b-8b19-9fc2f74219b1,2,3,0,3
1788859511.981,3,1,64.695,24.773,17.425,-64.912,25.107,7.963,129.951,-61.352,58.648,1,,0,received,,412.313,68667b83-954e-4470-bddc-56b4fe5cf0b1,3,1,0,3
1788859511.982,3,2,64.695,24.773,17.425,-0.011,-49.087,12.930,98.297,-58.503,61.497,1,,0,received,,397.744,a6300ad3-58f0-4247-a779-5dad2eee70a9,3,2,0,3
1788859512.984,1,2,-69.086,27.233,7.954,-0.003,-51.648,12.946,104.974,-59.174,60.826,1,,0,received,,398.634,f67b194b-6b61-41c5-ba6b-763c3088e808,1,2,0,3
1788859512.984,1,3,-69.086,27.233,7.954,68.651,26.799,17.483,138.067,-61.971,58.029,1,,0,received,,395.660,843fdf6e-a3f5-4af1-8c9e-a8bacacc2cd1,1,3,0,3
1788859512.984,2,1,-0.003,-51.648,12.946,-69.086,27.233,7.954,104.974,-59.174,60.826,1,,0,received,,410.944,083f3e6b-8598-47f1-b0d2-bf8d65ca372a,2,1,0,3
1788859512.984,2,3,-0.003,-51.648,12.946,68.651,26.799,17.483,104.345,-59.112,60.888,1,,0,received,,401.620,d45f47a9-d96c-4c56-a391-c21cf8f3c5c2,2,3,0,3
1788859512.985,3,1,68.651,26.799,17.483,-69.086,27.233,7.954,138.067,-61.971,58.029,1,,0,received,,396.192,de3ecbbb-ebff-4702-a7db-dbfb0614871f,3,1,0,3
1788859512.985,3,2,68.651,26.799,17.483,-0.003,-51.648,12.946,104.345,-59.112,60.888,1,,0,received,,405.666,8749efef-05c8-4f2a-9c1a-47b369b696d6,3,2,0,3
1788859514.013,1,2,-72.839,29.159,7.947,-0.003,-53.718,12.966,110.449,-59.693,60.307,1,,0,received,,404.669,362da853-4018-472c-8e00-264ea1a99996,1,2,0,3
1788859514.014,1,3,-72.839,29.159,7.947,72.637,28.870,17.581,145.794,-62.526,57.474,1,,0,received,,405.409,344fbabb-5281-4fd4-88aa-786a8a73bfc6,1,3,0,3
1788859514.014,2,1,-0.003,-53.718,12.966,-72.839,29.159,7.947,110.449,-59.693,60.307,1,,0,received,,405.221,016ef2ac-b47a-4631-8ba3-c638e01df40c,2,1,0,3
1788859514.014,2,3,-0.003,-53.718,12.966,72.637,28.870,17.581,110.084,-59.659,60.341,1,,0,dropped,channel_loss,396.012,790093d4-5164-4dea-855f-a934edbd1999,2,3,0,3
1788859514.014,2,1,-0.003,-53.718,12.966,-72.839,29.159,7.947,110.449,-59.693,60.307,1,,0,received,,412.484,790093d4-5164-4dea-855f-a934edbd1999,2,3,1,2
1788859514.015,1,3,-72.839,29.159,7.947,72.637,28.870,17.581,145.794,-62.526,57.474,1,,0,received,,404.305,790093d4-5164-4dea-855f-a934edbd1999,2,3,2,1
1788859514.015,3,1,72.637,28.870,17.581,-72.839,29.159,7.947,145.794,-62.526,57.474,1,,0,dropped,channel_loss,396.361,1885c72a-c17b-4584-8f24-ea044b1677b0,3,1,0,3
1788859514.015,3,2,72.637,28.870,17.581,-0.003,-53.718,12.966,110.084,-59.659,60.341,1,,0,received,,403.177,1885c72a-c17b-4584-8f24-ea044b1677b0,3,1,1,2
1788859514.015,2,1,-0.003,-53.718,12.966,-72.839,29.159,7.947,110.449,-59.693,60.307,1,,0,received,,404.950,1885c72a-c17b-4584-8f24-ea044b1677b0,3,1,2,1
1788859514.015,3,2,72.637,28.870,17.581,-0.003,-53.718,12.966,110.084,-59.659,60.341,1,,0,received,,396.614,d8682580-86f0-4f44-afe0-61060e1471bd,3,2,0,3
1788859515.029,1,2,-76.350,30.963,7.947,-0.026,-55.399,12.977,115.365,-60.137,59.863,1,,0,received,,407.310,da21ff86-60e9-462c-8538-2100d23b6fbd,1,2,0,3
1788859515.029,1,3,-76.350,30.963,7.947,76.178,30.695,17.643,152.836,-63.008,56.992,1,,0,received,,400.645,d43d600d-9d9a-41f4-b7e0-928c49a77ea3,1,3,0,3
1788859515.029,2,1,-0.026,-55.399,12.977,-76.350,30.963,7.947,115.365,-60.137,59.863,1,,0,received,,406.112,48f019c0-b620-4952-980d-461a0c50c3c0,2,1,0,3
1788859515.030,2,3,-0.026,-55.399,12.977,76.178,30.695,17.643,115.070,-60.111,59.889,1,,0,received,,415.037,e24ef9fb-9dad-494f-a141-ff05c2e5433d,2,3,0,3
1788859515.030,3,1,76.178,30.695,17.643,-76.350,30.963,7.947,152.836,-63.008,56.992,1,,0,received,,404.219,946ae181-6aa8-4100-b027-27afbd157cf3,3,1,0,3
1788859515.030,3,2,76.178,30.695,17.643,-0.026,-55.399,12.977,115.070,-60.111,59.889,1,,0,received,,397.128,81ebed95-f5b6-4657-842f-fbdc0a4be196,3,2,0,3
1788859516.058,1,2,-79.583,32.599,7.958,-0.026,-56.724,12.988,119.721,-60.515,59.485,1,,0,received,,412.200,727e51a6-61be-461c-9c13-81b41f49ec6a,1,2,0,3
1788859516.058,1,3,-79.583,32.599,7.958,79.283,32.276,17.666,159.162,-63.422,56.578,1,,0,received,,410.524,a6348ecc-3a3f-438e-8cb7-2aee053d1d94,1,3,0,3
1788859516.058,2,1,-0.026,-56.724,12.988,-79.583,32.599,7.958,119.721,-60.515,59.485,1,,0,received,,399.445,07eaee41-349f-4fad-91f2-4c06fc017cde,2,1,0,3
1788859516.058,2,3,-0.026,-56.724,12.988,79.283,32.276,17.666,119.301,-60.480,59.520,1,,0,received,,399.714,2765a4b3-71ea-4a9f-8782-b194807e39f9,2,3,0,3
1788859516.059,3,1,79.283,32.276,17.666,-79.583,32.599,7.958,159.162,-63.422,56.578,1,,0,received,,404.215,36eeb231-babb-445a-adc4-5f7edb7b8422,3,1,0,3
1788859516.059,3,2,79.283,32.276,17.666,-0.026,-56.724,12.988,119.301,-60.480,59.520,1,,0,received,,397.046,810d92c6-f3e6-4ef8-ac9d-737940e8fe64,3,2,0,3
1788859517.067,1,2,-82.077,34.024,7.988,0.163,-57.681,13.017,123.282,-60.815,59.185,1,,0,received,,408.447,aa55f0c4-43e7-4b5f-a8a6-06e229d0eebd,1,2,0,3
1788859517.067,1,3,-82.077,34.024,7.988,81.965,33.712,17.741,164.332,-63.748,56.252,1,,0,received,,398.197,64cc6aa6-c6f4-4cb8-bac5-697faa4182f1,1,3,0,3
1788859517.067,2,1,0.163,-57.681,13.017,-82.077,34.024,7.988,123.282,-60.815,59.185,1,,0,dropped,channel_loss,396.487,d9e6aaa5-6803-48f8-94a1-3b0a09ec8d80,2,1,0,3
1788859517.068,2,3,0.163,-57.681,13.017,81.965,33.712,17.741,122.747,-60.770,59.230,1,,0,received,,397.009,d9e6aaa5-6803-48f8-94a1-3b0a09ec8d80,2,1,1,2
1788859517.068,3,1,81.965,33.712,17.741,-82.077,34.024,7.988,164.332,-63.748,56.252,1,,0,received,,409.920,d9e6aaa5-6803-48f8-94a1-3b0a09ec8d80,2,1,2,1
1788859517.068,2,3,0.163,-57.681,13.017,81.965,33.712,17.741,122.747,-60.770,59.230,1,,0,received,,406.272,3d63c8e9-6bbf-4cc8-994e-c9e371b89b06,2,3,0,3
1788859517.068,3,1,81.965,33.712,17.741,-82.077,34.024,7.988,164.332,-63.748,56.252,1,,0,received,,406.376,769a00dc-fbab-484e-81b8-31d73ac11e80,3,1,0,3
1788859517.068,3,2,81.965,33.712,17.741,0.163,-57.681,13.017,122.747,-60.770,59.230,1,,0,received,,397.589,e69654c2-8e87-411a-9562-1388ee809e66,3,2,0,3
1788859518.097,1,2,-84.556,35.983,8.027,0.818,-58.839,13.058,127.692,-61.173,58.827,1,,0,received,,408.451,d4f59c30-1719-42c5-a9bd-b068965ecd8e,1,2,0,3
1788859518.097,1,3,-84.556,35.983,8.027,85.281,35.794,17.903,170.124,-64.101,55.899,1,,0,received,,412.506,d4e15611-dc50-4e9b-87d4-a2f2738cd999,1,3,0,3
1788859518.097,2,1,0.818,-58.839,13.058,-84.556,35.983,8.027,127.692,-61.173,58.827,1,,0,received,,414.512,69a88c95-57cd-408a-bb53-f0cb90fe1a7e,2,1,0,3
1788859518.098,2,3,0.818,-58.839,13.058,85.281,35.794,17.903,126.936,-61.113,58.887,1,,0,received,,402.177,1324a65a-9625-4d03-973f-53575a1fbce4,2,3,0,3
1788859518.098,3,1,85.281,35.794,17.903,-84.556,35.983,8.027,170.124,-64.101,55.899,1,,0,received,,399.399,182bf9d8-f960-4efc-a0d5-f2e17a65782b,3,1,0,3
1788859518.098,3,2,85.281,35.794,17.903,0.818,-58.839,13.058,126.936,-61.113,58.887,1,,0,received,,399.629,f26e5a43-f818-4782-badf-3ba28ca785ab,3,2,0,3
1788859519.107,1,2,-86.930,38.377,8.056,1.843,-60.386,13.089,132.891,-61.581,58.419,1,,0,received,,412.052,de5c6f5b-a08b-4a54-9dc0-c96097db3b50,1,2,0,3
1788859519.107,1,3,-86.930,38.377,8.056,88.702,38.254,17.944,175.910,-64.443,55.557,1,,0,received,,410.397,0295a82d-9612-42d6-a0e0-00771d931a1a,1,3,0,3
1788859519.108,2,1,1.843,-60.386,13.089,-86.930,38.377,8.056,132.891,-61.581,58.419,1,,0,received,,411.289,c7e4009f-31e5-47f7-a03f-97199e0c4173,2,1,0,3
1788859519.108,2,3,1.843,-60.386,13.089,88.702,38.254,17.944,131.521,-61.475,58.525,1,,0,received,,414.635,9c066df6-8a81-423a-be91-bb4ec3535d7e,2,3,0,3
1788859519.108,3,1,88.702,38.254,17.944,-86.930,38.377,8.056,175.910,-64.443,55.557,1,,0,received,,407.416,6e22f808-0de7-49bb-b017-0f16073a5b90,3,1,0,3
1788859519.108,3,2,88.702,38.254,17.944,1.843,-60.386,13.089,131.521,-61.475,58.525,1,,0,received,,395.670,0c153870-8f24-4281-9988-8add7aa687a6,3,2,0,3
1788859520.112,1,2,-89.800,41.249,8.097,3.184,-62.579,13.090,139.468,-62.074,57.926,1,,0,dropped,channel_loss,411.734,5eaa798f-0c8e-4fc9-8f7b-0f7ad1e41093,1,2,0,3
1788859520.112,1,3,-89.800,41.249,8.097,92.628,41.260,17.879,182.690,-64.829,55.171,1,,0,received,,398.753,5eaa798f-0c8e-4fc9-8f7b-0f7ad1e41093,1,2,1,2
1788859520.112,3,2,92.628,41.260,17.879,3.184,-62.579,13.090,137.133,-61.901,58.099,1,,0,received,,401.324,5eaa798f-0c8e-4fc9-8f7b-0f7ad1e41093,1,2,2,1
1788859520.112,1,3,-89.800,41.249,8.097,92.628,41.260,17.879,182.690,-64.829,55.171,1,,0,received,,395.267,ad443b7e-3bea-4681-b05d-05b730ce41bd,1,3,0,3
1788859520.112,2,1,3.184,-62.579,13.090,-89.800,41.249,8.097,139.468,-62.074,57.926,1,,0,received,,406.471,f5b4cc06-ac5a-4856-a769-d67ea9dba95d,2,1,0,3
1788859520.113,2,3,3.184,-62.579,13.090,92.628,41.260,17.879,137.133,-61.901,58.099,1,,0,received,,397.982,fe93d7c2-5c94-47d4-bd95-53f3dbc6477d,2,3,0,3
1788859520.113,3,1,92.628,41.260,17.879,-89.800,41.249,8.097,182.690,-64.829,55.171,1,,0,received,,395.758,0c26ae55-52d3-4c2a-992f-06e47cac584c,3,1,0,3
1788859520.113,3,2,92.628,41.260,17.879,3.184,-62.579,13.090,137.133,-61.901,58.099,1,,0,received,,399.447,b4cd1872-85c2-4219-8fd7-810f31322021,3,2,0,3
1788859521.151,1,2,-92.385,43.620,8.023,4.367,-64.627,13.001,145.270,-62.490,57.510,1,,0,received,,401.962,1d1c747b-d88c-4d45-a6ae-66852cb9fbd8,1,2,0,3
1788859521.152,1,3,-92.385,43.620,8.023,95.755,43.675,17.838,188.396,-65.143,54.857,1,,0,received,,409.577,6b221001-aed3-4ea1-8bf3-e12fb4e3bef0,1,3,0,3
1788859521.152,2,1,4.367,-64.627,13.001,-92.385,43.620,8.023,145.270,-62.490,57.510,1,,0,received,,406.496,243ad24e-2818-4173-87bc-f86e71beff72,2,1,0,3
1788859521.153,2,3,4.367,-64.627,13.001,95.755,43.675,17.838,141.790,-62.242,57.758,1,,0,received,,396.197,4ad2629a-c574-42c9-b44b-aa806eaaaf13,2,3,0,3
1788859521.153,3,1,95.755,43.675,17.838,-92.385,43.620,8.023,188.396,-65.143,54.857,1,,0,received,,407.501,0740a2ce-3c5e-404c-8a84-16beb7cafb49,3,1,0,3
1788859521.155,3,2,95.755,43.675,17.838,4.367,-64.627,13.001,141.790,-62.242,57.758,1,,0,received,,400.587,0c08765f-c66c-484b-800c-93db9dc2d2f3,3,2,0,3
1788859522.197,1,2,-94.653,45.646,7.991,5.437,-66.464,12.988,150.372,-62.842,57.158,1,,0,received,,404.858,422adb9a-c64a-4813-b3a1-76e2e3a08211,1,2,0,3
1788859522.197,1,3,-94.653,45.646,7.991,98.234,45.590,17.818,193.137,-65.396,54.604,1,,0,received,,400.608,7487a813-3a3e-4b0c-bb72-307fb1d6f10e,1,3,0,3
1788859522.197,2,1,5.437,-66.464,12.988,-94.653,45.646,7.991,150.372,-62.842,57.158,1,,0,received,,397.421,2820a28d-3cc1-4044-ac77-5332704620a8,2,1,0,3
1788859522.197,2,3,5.437,-66.464,12.988,98.234,45.590,17.818,145.570,-62.511,57.489,1,,0,received,,400.809,974cbcec-ddc3-4932-9199-950e5d5dc12c,2,3,0,3
1788859522.198,3,1,98.234,45.590,17.818,-94.653,45.646,7.991,193.137,-65.396,54.604,1,,0,received,,404.877,70330ad7-e9a3-4f69-90f8-ba2cb41cc280,3,1,0,3
1788859522.198,3,2,98.234,45.590,17.818,5.437,-66.464,12.988,145.570,-62.511,57.489,1,,0,received,,396.053,461a09f1-8e0b-4166-8562-ac0b97b8d2a3,3,2,0,3
1788859523.244,1,2,-98.504,49.141,8.001,7.306,-69.871,13.053,159.327,-63.432,56.568,1,,0,received,,407.131,dbc12eb8-3db3-4232-b6e3-572c489da077,1,2,0,3
1788859523.244,1,3,-98.504,49.141,8.001,102.205,48.607,17.807,200.949,-65.801,54.199,1,,0,received,,401.173,765e2aa2-e9b2-4892-9c0f-aa3d8f2202bc,1,3,0,3
1788859523.244,2,1,7.306,-69.871,13.053,-98.504,49.141,8.001,159.327,-63.432,56.568,1,,0,received,,397.889,5235fd19-630b-4e8f-a5c2-5acfd93931df,2,1,0,3
1788859523.245,2,3,7.306,-69.871,13.053,102.205,48.607,17.807,151.873,-62.943,57.057,1,,0,received,,401.707,1e863c02-e044-464f-9760-922d184c09b3,2,3,0,3
1788859523.245,3,1,102.205,48.607,17.807,-98.504,49.141,8.001,200.949,-65.801,54.199,1,,0,received,,410.085,ca8311fa-d328-4023-b427-fa3c7bde7166,3,1,0,3
1788859523.245,3,2,102.205,48.607,17.807,7.306,-69.871,13.053,151.873,-62.943,57.057,1,,0,received,,402.749,3506f88d-bcfd-4acb-93bb-1fd62eb2805b,3,2,0,3
1788859524.275,1,2,-102.347,52.692,7.977,9.137,-73.911,13.053,168.769,-64.020,55.980,1,,0,received,,405.150,0015acf5-cc04-4770-8c0d-50acc61ffe35,1,2,0,3
1788859524.275,1,3,-102.347,52.692,7.977,106.236,51.668,17.818,208.817,-66.193,53.807,1,,0,received,,411.269,8dbd5002-d7bc-49af-b900-75e87871d29e,1,3,0,3
1788859524.275,2,1,9.137,-73.911,13.053,-102.347,52.692,7.977,168.769,-64.020,55.980,1,,0,received,,412.380,2b01c2db-3654-4a8b-acdc-5e580b013c6b,2,1,0,3
1788859524.275,2,3,9.137,-73.911,13.053,106.236,51.668,17.818,158.812,-63.399,56.601,1,,0,received,,395.519,6c9915c1-0b03-43f9-b9ac-0a2dec621f04,2,3,0,3
1788859524.275,3,1,106.236,51.668,17.818,-102.347,52.692,7.977,208.817,-66.193,53.807,1,,0,dropped,channel_loss,412.387,9cae3758-12c3-482b-b22d-e1915a412186,3,1,0,3
1788859524.276,3,2,106.236,51.668,17.818,9.137,-73.911,13.053,158.812,-63.399,56.601,1,,0,received,,406.613,9cae3758-12c3-482b-b22d-e1915a412186,3,1,1,2
1788859524.276,2,1,9.137,-73.911,13.053,-102.347,52.692,7.977,168.769,-64.020,55.980,1,,0,received,,403.498,9cae3758-12c3-482b-b22d-e1915a412186,3,1,2,1
1788859524.276,3,2,106.236,51.668,17.818,9.137,-73.911,13.053,158.812,-63.399,56.601,1,,0,received,,395.562,4a0ab1f4-52d8-46c5-a4eb-8bff06be38d9,3,2,0,3
1788859525.328,1,2,-106.190,56.277,7.905,10.931,-78.643,12.956,178.734,-64.605,55.395,1,,0,received,,411.171,38ca1136-aa8d-40c7-8495-8b22c89b68ed,1,2,0,3
1788859525.328,1,3,-106.190,56.277,7.905,110.418,54.863,17.825,216.840,-66.578,53.422,1,,0,received,,411.785,5349931d-d8d7-4689-a3f4-9ed6babd4038,1,3,0,3
1788859525.329,2,1,10.931,-78.643,12.956,-106.190,56.277,7.905,178.734,-64.605,55.395,1,,0,dropped,channel_loss,396.907,c48e7b7c-82e1-4fa0-94b3-d96ea3fd2dca,2,1,0,3
1788859525.329,2,3,10.931,-78.643,12.956,110.418,54.863,17.825,166.569,-63.886,56.114,1,,0,received,,400.011,c48e7b7c-82e1-4fa0-94b3-d96ea3fd2dca,2,1,1,2
1788859525.329,3,1,110.418,54.863,17.825,-106.190,56.277,7.905,216.840,-66.578,53.422,1,,0,received,,405.624,c48e7b7c-82e1-4fa0-94b3-d96ea3fd2dca,2,1,2,1
1788859525.329,2,3,10.931,-78.643,12.956,110.418,54.863,17.825,166.569,-63.886,56.114,1,,0,received,,401.350,8afbe839-c3cb-4157-b471-cdc38f0e5582,2,3,0,3
1788859525.329,3,1,110.418,54.863,17.825,-106.190,56.277,7.905,216.840,-66.578,53.422,1,,0,received,,401.806,24ef2443-7814-4c23-ac42-70bf1da7c81d,3,1,0,3
1788859525.329,3,2,110.418,54.863,17.825,10.931,-78.643,12.956,166.569,-63.886,56.114,1,,0,received,,405.354,5b43fc62-e1a8-4f34-8a9f-69bd0e363ce9,3,2,0,3
1788859526.351,1,2,-110.244,60.050,7.968,12.799,-83.930,12.996,189.460,-65.200,54.800,1,,0,received,,405.344,4f2a6f0d-f6f8-41d0-bc72-d86ec7a3a0df,1,2,0,3
1788859526.351,1,3,-110.244,60.050,7.968,114.857,58.269,17.869,225.325,-66.969,53.031,1,,0,received,,402.132,51e7b132-a1cd-47de-9b05-44fe2ef2228a,1,3,0,3
1788859526.351,2,1,12.799,-83.930,12.996,-110.244,60.050,7.968,189.460,-65.200,54.800,1,,0,received,,411.524,5888f8eb-3651-4a9b-895f-2b769988679c,2,1,0,3
1788859526.351,2,3,12.799,-83.930,12.996,114.857,58.269,17.869,175.100,-64.396,55.604,1,,0,received,,399.870,7f7fb6c2-3830-44f9-84ed-d440c6c1a48e,2,3,0,3
1788859526.351,3,1,114.857,58.269,17.869,-110.244,60.050,7.968,225.325,-66.969,53.031,1,,0,received,,399.090,479a4505-175a-44f2-b572-3a871030cb01,3,1,0,3
1788859526.352,3,2,114.857,58.269,17.869,12.799,-83.930,12.996,175.100,-64.396,55.604,1,,0,received,,410.349,3b4038fc-2986-4208-8c47-0a5f4f1a05d0,3,2,0,3
1788859527.390,1,2,-114.689,64.169,7.975,14.841,-89.552,12.979,201.081,-65.808,54.192,1,,0,received,,398.688,0cb5a605-0754-4897-8909-2e480a18a160,1,2,0,3
1788859527.391,1,3,-114.689,64.169,7.975,119.521,61.887,17.835,234.429,-67.374,52.626,1,,0,received,,405.027,6e44a2d8-d75f-4fef-b6f4-e3664e7fd3e3,1,3,0,3
1788859527.391,2,1,14.841,-89.552,12.979,-114.689,64.169,7.975,201.081,-65.808,54.192,1,,0,received,,410.342,33e1ecbc-3916-4de4-b5af-b3e098f806f0,2,1,0,3
1788859527.391,2,3,14.841,-89.552,12.979,119.521,61.887,17.835,184.161,-64.911,55.089,1,,0,received,,413.628,ef7d184f-61eb-4f09-8f4e-b369208b6218,2,3,0,3
1788859527.391,3,1,119.521,61.887,17.835,-114.689,64.169,7.975,234.429,-67.374,52.626,1,,0,received,,407.851,e241627c-6da9-4dc8-afa0-bf566e50b7a4,3,1,0,3
1788859527.391,3,2,119.521,61.887,17.835,14.841,-89.552,12.979,184.161,-64.911,55.089,1,,0,received,,412.430,31d546ea-e728-46bf-8ba2-c7ffe71d9a91,3,2,0,3
1788859528.394,1,2,-118.698,67.865,7.975,16.672,-94.483,12.988,211.441,-66.320,53.680,1,,0,received,,398.164,f3346929-0e7b-43f1-b343-267b2f5ecdc2,1,2,0,3
1788859528.395,1,3,-118.698,67.865,7.975,123.982,65.349,17.839,242.893,-67.736,52.264,1,,0,received,,403.989,c8d438a5-31d1-4ab0-9023-0069314bd31d,1,3,0,3
1788859528.395,2,1,16.672,-94.483,12.988,-118.698,67.865,7.975,211.441,-66.320,53.680,1,,0,received,,400.638,142edad5-1bed-4091-9fd1-fdcac6f52311,2,1,0,3
1788859528.395,2,3,16.672,-94.483,12.988,123.982,65.349,17.839,192.575,-65.367,54.633,1,,0,received,,405.291,3a96c535-dfaf-4da9-b636-e1e86b3e9975,2,3,0,3
1788859528.395,3,1,123.982,65.349,17.839,-118.698,67.865,7.975,242.893,-67.736,52.264,1,,0,received,,404.183,56996252-e038-49d3-aa83-92612ce080be,3,1,0,3
1788859528.395,3,2,123.982,65.349,17.839,16.672,-94.483,12.988,192.575,-65.367,54.633,1,,0,received,,411.779,a44f342e-7a2a-48c7-89f4-16fb3de37d87,3,2,0,3
1788859529.420,1,2,-122.986,71.828,7.983,18.602,-99.815,12.990,222.561,-66.843,53.157,1,,0,received,,412.430,3bb3a0d4-e275-4a73-b316-d0d33ea93727,1,2,0,3
1788859529.421,1,3,-122.986,71.828,7.983,128.631,68.934,17.883,251.828,-68.104,51.896,1,,0,received,,407.445,4b047c22-6a9c-4c26-99ea-6e0262ffd507,1,3,0,3
1788859529.421,2,1,18.602,-99.815,12.990,-122.986,71.828,7.983,222.561,-66.843,53.157,1,,0,received,,404.399,20c14707-9e81-4e4f-935b-9f1ca0db5473,2,1,0,3
1788859529.421,2,3,18.602,-99.815,12.990,128.631,68.934,17.883,201.511,-65.829,54.171,1,,0,received,,410.981,9bab4dd4-33b5-42fe-88c5-35fec7b3e3ac,2,3,0,3
1788859529.421,3,1,128.631,68.934,17.883,-122.986,71.828,7.983,251.828,-68.104,51.896,1,,0,received,,404.140,45a7e5f5-7f9b-417b-b812-bd6ab19ce8cb,3,1,0,3
1788859529.421,3,2,128.631,68.934,17.883,18.602,-99.815,12.990,201.511,-65.829,54.171,1,,0,received,,408.181,8e7da0d7-806d-4615-b5db-f77f93c62494,3,2,0,3
1788859530.435,1,2,-127.371,75.858,7.923,20.553,-105.315,12.909,233.944,-67.353,52.647,1,,0,received,,404.657,0d64a77d-2124-4cd7-8e2a-947e40fafd12,1,2,0,3
1788859530.435,1,3,-127.371,75.858,7.923,133.371,72.596,17.861,260.952,-68.468,51.532,1,,0,received,,396.382,81cfb599-e46e-46d5-b122-537164de0fdc,1,3,0,3
1788859530.435,2,1,20.553,-105.315,12.909,-127.371,75.858,7.923,233.944,-67.353,52.647,1,,0,received,,413.127,71de5662-d8af-4f81-9ebe-92757cd6e1dc,2,1,0,3
1788859530.436,2,3,20.553,-105.315,12.909,133.371,72.596,17.861,210.724,-66.286,53.714,1,,0,received,,409.431,849ef3c0-a5c3-44b1-ba51-edfbbc29c444,2,3,0,3
1788859530.436,3,1,133.371,72.596,17.861,-127.371,75.858,7.923,260.952,-68.468,51.532,1,,0,received,,398.596,76abcf13-e17b-4a9f-836f-3b3ee659da57,3,1,0,3
1788859530.436,3,2,133.371,72.596,17.861,20.553,-105.315,12.909,210.724,-66.286,53.714,1,,0,received,,403.900,cb390e4f-1e7d-4e19-988f-d6a35df1a0a9,3,2,0,3
1788859531.465,1,2,-131.907,80.043,7.988,22.573,-111.048,12.984,245.774,-67.856,52.144,1,,0,received,,405.600,0a8cc927-ac1e-4521-b5f1-15f1bd5058b0,1,2,0,3
1788859531.465,1,3,-131.907,80.043,7.988,138.276,76.370,17.876,270.389,-68.830,51.170,1,,0,received,,402.602,3ab78ea3-4d3c-4340-a185-b0119588862b,1,3,0,3
1788859531.465,2,1,22.573,-111.048,12.984,-131.907,80.043,7.988,245.774,-67.856,52.144,1,,0,received,,403.320,0ebcaea0-8fc2-40b9-9b67-12dc2ed74778,2,1,0,3
1788859531.465,2,3,22.573,-111.048,12.984,138.276,76.370,17.876,220.310,-66.740,53.260,1,,0,received,,407.102,4b12a69e-8c76-4877-acb5-00d18217deee,2,3,0,3
1788859531.465,3,1,138.276,76.370,17.876,-131.907,80.043,7.988,270.389,-68.830,51.170,1,,0,received,,408.091,6c3f4c75-cc2e-46c9-9c29-a11f5a39b610,3,1,0,3
1788859531.465,3,2,138.276,76.370,17.876,22.573,-111.048,12.984,220.310,-66.740,53.260,1,,0,received,,397.035,ff752ce0-4dab-429e-81d5-1e86fa564115,3,2,0,3
1788859532.479,1,2,-136.429,84.240,7.983,24.592,-116.825,12.979,257.643,-68.337,51.663,1,,0,received,,400.828,e579c773-8fc3-45f8-8d12-0ba63c6878ff,1,2,0,3
1788859532.479,1,3,-136.429,84.240,7.983,142.963,79.965,17.884,279.600,-69.172,50.828,1,,0,received,,408.276,981ade34-2614-4903-ba43-a5741e90ead8,1,3,0,3
1788859532.479,2,1,24.592,-116.825,12.979,-136.429,84.240,7.983,257.643,-68.337,51.663,1,,0,received,,412.610,bc28b19b-7e59-4be9-b383-6d6189c7843b,2,1,0,3
1788859532.480,2,3,24.592,-116.825,12.979,142.963,79.965,17.884,229.700,-67.166,52.834,1,,0,received,,406.800,b5f05181-754a-43bc-8205-069edb842933,2,3,0,3
1788859532.480,3,1,142.963,79.965,17.884,-136.429,84.240,7.983,279.600,-69.172,50.828,1,,0,received,,402.141,331fceb6-3892-437c-a1ea-c5fce9488590,3,1,0,3
1788859532.480,3,2,142.963,79.965,17.884,24.592,-116.825,12.979,229.700,-67.166,52.834,1,,0,dropped,channel_loss,409.114,52a375c2-5a7b-4045-ad41-da814a2f5ba8,3,2,0,3
1788859532.480,3,1,142.963,79.965,17.884,-136.429,84.240,7.983,279.600,-69.172,50.828,1,,0,received,,407.046,52a375c2-5a7b-4045-ad41-da814a2f5ba8,3,2,1,2
1788859532.481,1,2,-136.429,84.240,7.983,24.592,-116.825,12.979,257.643,-68.337,51.663,1,,0,dropped,channel_loss,401.336,52a375c2-5a7b-4045-ad41-da814a2f5ba8,3,2,2,1
1788859533.518,1,2,-139.006,86.645,7.978,25.745,-120.120,12.976,264.423,-68.602,51.398,1,,0,received,,410.978,aedae2d1-5ac8-43c3-9c35-aec100e04884,1,2,0,3
1788859533.519,1,3,-139.006,86.645,7.978,145.992,82.303,17.887,285.203,-69.375,50.625,1,,0,received,,408.547,8011b79d-5cb3-4d63-9755-984e1a2c0e75,1,3,0,3
1788859533.519,2,1,25.745,-120.120,12.976,-139.006,86.645,7.978,264.423,-68.602,51.398,1,,0,received,,409.920,551df4b2-9014-40fd-84b0-896f781c89f2,2,1,0,3
1788859533.519,2,3,25.745,-120.120,12.976,145.992,82.303,17.887,235.497,-67.420,52.580,1,,0,received,,405.673,a62089d5-9d4b-413f-a25b-a77948a36ac3,2,3,0,3
1788859533.519,3,1,145.992,82.303,17.887,-139.006,86.645,7.978,285.203,-69.375,50.625,1,,0,received,,403.613,0aef617e-43a9-4827-bac9-cfcd3a8c89b2,3,1,0,3
1788859533.520,3,2,145.992,82.303,17.887,25.745,-120.120,12.976,235.497,-67.420,52.580,1,,0,received,,402.397,4feb316a-ead3-4012-92b4-3f269976f66f,3,2,0,3
1788859534.565,1,2,-142.713,90.084,7.970,27.403,-124.851,12.970,274.156,-68.971,51.029,1,,0,received,,399.429,ae17118b-9f8d-4812-90b1-94579b858609,1,2,0,3
1788859534.565,1,3,-142.713,90.084,7.970,150.001,85.387,17.894,292.920,-69.647,50.353,1,,0,dropped,channel_loss,404.870,ef2280af-8ced-4d3d-a4dc-d44de54d133a,1,3,0,3
1788859534.565,1,2,-142.713,90.084,7.970,27.403,-124.851,12.970,274.156,-68.971,51.029,1,,0,received,,397.896,ef2280af-8ced-4d3d-a4dc-d44de54d133a,1,3,1,2
1788859534.565,2,3,27.403,-124.851,12.970,150.001,85.387,17.894,243.423,-67.758,52.242,1,,0,received,,412.033,ef2280af-8ced-4d3d-a4dc-d44de54d133a,1,3,2,1
1788859534.566,2,1,27.403,-124.851,12.970,-142.713,90.084,7.970,274.156,-68.971,51.029,1,,0,received,,410.562,8999d020-9fa4-4416-b16a-75b170b6b872,2,1,0,3
1788859534.566,2,3,27.403,-124.851,12.970,150.001,85.387,17.894,243.423,-67.758,52.242,1,,0,received,,412.818,92d73ba8-4bfd-4cd6-a3e1-8e40f973559b,2,3,0,3
1788859534.566,3,1,150.001,85.387,17.894,-142.713,90.084,7.970,292.920,-69.647,50.353,1,,0,received,,401.880,69c8a865-0179-4ddd-b2cb-9132a46dfa36,3,1,0,3
1788859534.566,3,2,150.001,85.387,17.894,27.403,-124.851,12.970,243.423,-67.758,52.242,1,,0,received,,397.766,a1b34ed4-5f44-4a2f-94ad-10c5fbffdb41,3,2,0,3
1788859535.588,1,2,-145.169,92.355,7.969,28.488,-127.913,12.961,280.535,-69.206,50.794,1,,0,received,,398.390,046a038c-b597-460d-a6b5-80058d750ba6,1,2,0,3
1788859535.588,1,3,-145.169,92.355,7.969,152.646,87.424,17.940,298.023,-69.823,50.177,1,,0,received,,410.567,336b927a-1e6a-46fa-bc36-981531ddef21,1,3,0,3
1788859535.588,2,1,28.488,-127.913,12.961,-145.169,92.355,7.969,280.535,-69.206,50.794,1,,0,received,,398.456,c071b5f2-0981-4838-ab15-855d8a0745f8,2,1,0,3
1788859535.588,2,3,28.488,-127.913,12.961,152.646,87.424,17.940,248.616,-67.973,52.027,1,,0,received,,403.362,1d7aa81b-ba54-425f-984a-54b0b1b4292c,2,3,0,3
1788859535.588,3,1,152.646,87.424,17.940,-145.169,92.355,7.969,298.023,-69.823,50.177,1,,0,received,,399.896,06cbc754-0bcb-4d16-a4f8-f6f4189f64a9,3,1,0,3
1788859535.588,3,2,152.646,87.424,17.940,28.488,-127.913,12.961,248.616,-67.973,52.027,1,,0,received,,400.843,32d3bef7-92f6-4cce-91b1-da7488aba26f,3,2,0,3
1788859536.621,1,2,-149.668,96.619,7.968,30.477,-133.278,12.957,292.113,-69.619,50.381,1,,0,received,,404.124,171c05c0-b0ed-41c2-b237-605bcfd8d806,1,2,0,3
1788859536.621,1,3,-149.668,96.619,7.968,157.529,91.276,17.904,307.404,-70.140,49.860,1,,0,received,,401.334,98eaeb55-772a-4934-97ea-af4bc3cdad9c,1,3,0,3
1788859536.621,2,1,30.477,-133.278,12.957,-149.668,96.619,7.968,292.113,-69.619,50.381,1,,0,received,,404.525,588baf43-237a-4ad0-9208-84b7481632d8,2,1,0,3
1788859536.621,2,3,30.477,-133.278,12.957,157.529,91.276,17.904,258.052,-68.354,51.646,1,,0,received,,402.502,f98aeb9b-c51a-4091-9d97-f2f9f261da7f,2,3,0,3
1788859536.622,3,1,157.529,91.276,17.904,-149.668,96.619,7.968,307.404,-70.140,49.860,1,,0,dropped,channel_loss,414.834,65b78c22-77db-46bf-8409-ef445df024e5,3,1,0,3
1788859536.622,3,2,157.529,91.276,17.904,30.477,-133.278,12.957,258.052,-68.354,51.646,1,,0,received,,400.780,65b78c22-77db-46bf-8409-ef445df024e5,3,1,1,2
1788859536.622,2,1,30.477,-133.278,12.957,-149.668,96.619,7.968,292.113,-69.619,50.381,1,,0,received,,405.694,65b78c22-77db-46bf-8409-ef445df024e5,3,1,2,1
1788859536.622,3,2,157.529,91.276,17.904,30.477,-133.278,12.957,258.052,-68.354,51.646,1,,0,dropped,channel_loss,411.483,ce3f9e94-f4b0-4d60-9689-dd7403b37a0e,3,2,0,3
1788859536.622,3,1,157.529,91.276,17.904,-149.668,96.619,7.968,307.404,-70.140,49.860,1,,0,received,,397.913,ce3f9e94-f4b0-4d60-9689-dd7403b37a0e,3,2,1,2
1788859536.622,1,2,-149.668,96.619,7.968,30.477,-133.278,12.957,292.113,-69.619,50.381,1,,0,received,,407.969,ce3f9e94-f4b0-4d60-9689-dd7403b37a0e,3,2,2,1
1788859537.646,1,2,-153.496,100.471,7.899,32.346,-137.942,12.923,302.329,-69.970,50.030,1,,0,received,,406.236,51f42623-024f-4474-b813-f1564ba66bf5,1,2,0,3
1788859537.646,1,3,-153.496,100.471,7.899,161.771,94.682,17.904,315.479,-70.404,49.596,1,,0,received,,412.063,82598cd5-1b45-4384-b196-1858079db5aa,1,3,0,3
1788859537.646,2,1,32.346,-137.942,12.923,-153.496,100.471,7.899,302.329,-69.970,50.030,1,,0,received,,400.846,b1d765b4-c730-4e15-b102-4e0b6e04edc1,2,1,0,3
1788859537.646,2,3,32.346,-137.942,12.923,161.771,94.682,17.904,266.251,-68.673,51.327,1,,0,received,,400.601,6e398b90-82d5-4eb8-af57-036bcce186c4,2,3,0,3
1788859537.646,3,1,161.771,94.682,17.904,-153.496,100.471,7.899,315.479,-70.404,49.596,1,,0,received,,398.092,1abfc861-dc52-413d-9a8c-f114c1784433,3,1,0,3
1788859537.646,3,2,161.771,94.682,17.904,32.346,-137.942,12.923,266.251,-68.673,51.327,1,,0,received,,414.073,68403f18-9ab9-4739-9210-beca3c3b95b3,3,2,0,3
1788859538.699,1,2,-157.911,104.801,7.973,34.606,-143.709,13.010,314.397,-70.369,49.631,1,,0,received,,404.168,74e1092a-2f6b-48d3-bba8-e377d0b14255,1,2,0,3
1788859538.699,1,3,-157.911,104.801,7.973,166.646,98.534,17.911,324.770,-70.700,49.300,1,,0,received,,395.678,c7f56264-663e-4a69-bcc2-5fb6a5d705fe,1,3,0,3
1788859538.699,2,1,34.606,-143.709,13.010,-157.911,104.801,7.973,314.397,-70.369,49.631,1,,0,received,,405.185,053174dc-bf31-4515-8839-5392e88cbd16,2,1,0,3
1788859538.700,2,3,34.606,-143.709,13.010,166.646,98.534,17.911,275.935,-69.037,50.963,1,,0,received,,415.035,17fc18c0-e64f-4221-a29f-6b391e8012de,2,3,0,3
1788859538.700,3,1,166.646,98.534,17.911,-157.911,104.801,7.973,324.770,-70.700,49.300,1,,0,received,,395.709,f3782038-7629-4ae4-bbbf-1744c4ab3c26,3,1,0,3
1788859538.700,3,2,166.646,98.534,17.911,34.606,-143.709,13.010,275.935,-69.037,50.963,1,,0,dropped,channel_loss,411.928,54f73372-f049-4687-b02d-0ffddd4089e8,3,2,0,3
1788859538.700,3,1,166.646,98.534,17.911,-157.911,104.801,7.973,324.770,-70.700,49.300,1,,0,received,,410.973,54f73372-f049-4687-b02d-0ffddd4089e8,3,2,1,2
1788859538.700,1,2,-157.911,104.801,7.973,34.606,-143.709,13.010,314.397,-70.369,49.631,1,,0,received,,400.883,54f73372-f049-4687-b02d-0ffddd4089e8,3,2,2,1
1788859539.718,1,2,-162.222,108.986,7.914,36.844,-149.442,12.904,326.247,-70.747,49.253,1,,0,received,,409.067,affe0328-6922-41d5-8b32-88cdf86e843f,1,2,0,3
1788859539.718,1,3,-162.222,108.986,7.914,171.371,102.263,17.921,333.810,-70.981,49.019,1,,0,received,,409.256,6ba163d2-a7e1-4564-b03d-c7fcf0f516af,1,3,0,3
1788859539.718,2,1,36.844,-149.442,12.904,-162.222,108.986,7.914,326.247,-70.747,49.253,1,,0,received,,395.250,397b3851-6c61-4101-8f5d-0aab5dc33aad,2,1,0,3
1788859539.719,2,3,36.844,-149.442,12.904,171.371,102.263,17.921,285.443,-69.383,50.617,1,,0,received,,400.263,4560892b-e498-4e86-af36-451d6aa5ddaf,2,3,0,3
1788859539.719,3,1,171.371,102.263,17.921,-162.222,108.986,7.914,333.810,-70.981,49.019,1,,0,received,,406.121,a92d12be-855a-4a06-8bb8-6cfbc705583d,3,1,0,3
1788859539.719,3,2,171.371,102.263,17.921,36.844,-149.442,12.904,285.443,-69.383,50.617,1,,0,received,,405.700,e2c0caff-2abd-4a3c-9002-04e896160d0c,3,2,0,3
1788859540.746,1,2,-166.682,113.317,7.915,39.120,-155.230,12.897,338.374,-71.119,48.881,1,,0,received,,400.907,29a799a0-a7d5-45a9-a6fe-74f66fb44fbd,1,2,0,3
1788859540.746,1,3,-166.682,113.317,7.915,176.239,106.137,17.918,343.142,-71.262,48.738,1,,0,received,,396.100,4f2f488c-b5e6-4552-8e06-a3a2df5e2be9,1,3,0,3
1788859540.746,2,1,39.120,-155.230,12.897,-166.682,113.317,7.915,338.374,-71.119,48.881,1,,0,received,,411.023,7aecf97c-f0f7-46b0-81ce-dcffbf195a5f,2,1,0,3
1788859540.746,2,3,39.120,-155.230,12.897,176.239,106.137,17.918,295.194,-69.726,50.274,1,,0,received,,397.362,621d7c07-0c5b-4c2a-b13e-31b767623490,2,3,0,3
1788859540.746,3,1,176.239,106.137,17.918,-166.682,113.317,7.915,343.142,-71.262,48.738,1,,0,received,,407.080,d88c977e-83b1-4a20-ad31-73c6b6fcae0d,3,1,0,3
1788859540.746,3,2,176.239,106.137,17.918,39.120,-155.230,12.897,295.194,-69.726,50.274,1,,0,received,,405.452,5b9f4dd3-625e-486e-a887-b00a5f0eda63,3,2,0,3
1788859541.763,1,2,-170.774,117.347,7.981,41.207,-160.540,12.979,349.546,-71.451,48.549,1,,0,received,,398.017,86244b2f-8db5-4db0-8141-1895762a3b70,1,2,0,3
1788859541.763,1,3,-170.774,117.347,7.981,180.760,109.710,17.916,351.757,-71.515,48.485,1,,0,received,,407.441,b034106a-2fee-4922-8c2c-e02575228ee4,1,3,0,3
1788859541.763,2,1,41.207,-160.540,12.979,-170.774,117.347,7.981,349.546,-71.451,48.549,1,,0,received,,403.477,ab48952f-04de-47ae-a174-a4aa9ee17b2f,2,1,0,3
1788859541.763,2,3,41.207,-160.540,12.979,180.760,109.710,17.916,304.195,-70.032,49.968,1,,0,received,,396.857,e58d7385-e94c-4e86-995e-06d1ae673849,2,3,0,3
1788859541.763,3,1,180.760,109.710,17.916,-170.774,117.347,7.981,351.757,-71.515,48.485,1,,0,dropped,channel_loss,396.499,8760a4d2-2f1d-4ad8-b68f-65e2be0b30ac,3,1,0,3
1788859541.764,3,2,180.760,109.710,17.916,41.207,-160.540,12.979,304.195,-70.032,49.968,1,,0,received,,405.292,8760a4d2-2f1d-4ad8-b68f-65e2be0b30ac,3,1,1,2
1788859541.764,2,1,41.207,-160.540,12.979,-170.774,117.347,7.981,349.546,-71.451,48.549,1,,0,dropped,channel_loss,406.228,8760a4d2-2f1d-4ad8-b68f-65e2be0b30ac,3,1,2,1
1788859541.765,3,2,180.760,109.710,17.916,41.207,-160.540,12.979,304.195,-70.032,49.968,1,,0,received,,404.548,cb014586-01ac-4118-9b82-be45efa6f947,3,2,0,3
1788859542.802,1,2,-175.212,121.710,7.977,43.460,-166.307,12.983,361.658,-71.798,48.202,1,,0,received,,414.766,59e6bbcf-1949-46c9-9ede-47fd1f54baeb,1,2,0,3
1788859542.803,1,3,-175.212,121.710,7.977,185.665,113.584,17.918,361.106,-71.783,48.217,1,,0,received,,395.470,f80e7993-97f9-4cf5-9a74-812e5c159192,1,3,0,3
1788859542.803,2,1,43.460,-166.307,12.983,-175.212,121.710,7.977,361.658,-71.798,48.202,1,,0,received,,402.041,9a9534c6-ae46-477c-a855-cee39ff27112,2,1,0,3
1788859542.803,2,3,43.460,-166.307,12.983,185.665,113.584,17.918,313.983,-70.356,49.644,1,,0,received,,407.710,a84d890c-5bfa-444a-8d7d-d8990e360c6b,2,3,0,3
1788859542.803,3,1,185.665,113.584,17.918,-175.212,121.710,7.977,361.106,-71.783,48.217,1,,0,received,,409.849,3e4084b2-035e-4ec7-a71b-d30dbd9ce659,3,1,0,3
1788859542.803,3,2,185.665,113.584,17.918,43.460,-166.307,12.983,313.983,-70.356,49.644,1,,0,received,,396.032,c12d895f-2311-49cc-a6d8-2751e54c9db2,3,2,0,3
1788859543.844,1,2,-179.455,125.874,7.977,45.585,-171.839,12.982,373.230,-72.120,47.880,1,,0,received,,411.415,4fed3ae7-9b03-46ef-aea6-7641ffbf5c47,1,2,0,3
1788859543.844,1,3,-179.455,125.874,7.977,190.330,117.280,17.961,370.019,-72.032,47.968,1,,0,received,,410.728,11041e47-e08d-48e6-9b53-2df83533775d,1,3,0,3
1788859543.844,2,1,45.585,-171.839,12.982,-179.455,125.874,7.977,373.230,-72.120,47.880,1,,0,received,,409.053,e1f46eb7-97dd-4497-a4b3-0c6c930f0428,2,1,0,3
1788859543.845,2,3,45.585,-171.839,12.982,190.330,117.280,17.961,323.366,-70.656,49.344,1,,0,received,,411.375,84ee431b-d8e2-46a3-b445-b35ee58ca37b,2,3,0,3
1788859543.845,3,1,190.330,117.280,17.961,-179.455,125.874,7.977,370.019,-72.032,47.968,1,,0,received,,410.669,e29e8425-59e0-4be4-8e41-0790f31c7c85,3,1,0,3
1788859543.845,3,2,190.330,117.280,17.961,45.585,-171.839,12.982,323.366,-70.656,49.344,1,,0,received,,401.014,a4a6df3a-37a8-4e5d-9254-a8331e2c33d1,3,2,0,3
1788859544.853,1,2,-183.893,130.249,7.983,47.831,-177.628,12.979,385.368,-72.447,47.553,1,,0,received,,399.135,d2f888f8-a03b-4bc5-ae35-87a975815fa9,1,2,0,3
1788859544.853,1,3,-183.893,130.249,7.983,195.054,121.054,17.926,379.189,-72.282,47.718,1,,0,received,,413.813,9e6873e2-d2b8-449b-ae0e-1a7c42d5ba8c,1,3,0,3
1788859544.853,2,1,47.831,-177.628,12.979,-183.893,130.249,7.983,385.368,-72.447,47.553,1,,0,received,,414.928,d1ce56e5-e71e-481e-a69b-d9356fc78279,2,1,0,3
1788859544.854,2,3,47.831,-177.628,12.979,195.054,121.054,17.926,333.031,-70.957,49.043,1,,0,received,,400.211,a0fa2993-2bce-4429-a7a7-7b0b7f277b43,2,3,0,3
1788859544.854,3,1,195.054,121.054,17.926,-183.893,130.249,7.983,379.189,-72.282,47.718,1,,0,received,,398.967,d53809be-ccef-4a28-a268-b1748f0719d5,3,1,0,3
1788859544.854,3,2,195.054,121.054,17.926,47.831,-177.628,12.979,333.031,-70.957,49.043,1,,0,received,,410.762,e5a158a8-ef49-404a-9e83-5d8b611c659f,3,2,0,3
1788859545.864,1,2,-188.316,134.623,7.990,50.091,-183.416,12.983,397.508,-72.763,47.237,1,,0,received,,401.784,a8512f63-e4ca-414b-8396-b518f12a8ce0,1,2,0,3
1788859545.864,1,3,-188.316,134.623,7.990,200.095,125.050,17.973,388.658,-72.533,47.467,1,,0,received,,402.506,7c31e1b9-5574-44c0-ad06-c6fa38ceb556,1,3,0,3
1788859545.865,2,1,50.091,-183.416,12.983,-188.316,134.623,7.990,397.508,-72.763,47.237,1,,0,received,,410.011,a1438f2a-e23a-4375-b57a-83c76c7b170a,2,1,0,3
1788859545.865,2,3,50.091,-183.416,12.983,200.095,125.050,17.973,343.042,-71.259,48.741,1,,0,received,,402.878,f680b08b-c7ac-457b-9020-53459abccf0f,2,3,0,3
1788859545.865,3,1,200.095,125.050,17.973,-188.316,134.623,7.990,388.658,-72.533,47.467,1,,0,dropped,channel_loss,405.069,d6da8927-e2ab-41ef-9311-25e3d1aae4de,3,1,0,3
1788859545.865,3,2,200.095,125.050,17.973,50.091,-183.416,12.983,343.042,-71.259,48.741,1,,0,received,,413.631,d6da8927-e2ab-41ef-9311-25e3d1aae4de,3,1,1,2
1788859545.865,2,1,50.091,-183.416,12.983,-188.316,134.623,7.990,397.508,-72.763,47.237,1,,0,received,,411.168,d6da8927-e2ab-41ef-9311-25e3d1aae4de,3,1,2,1
1788859545.866,3,2,200.095,125.050,17.973,50.091,-183.416,12.983,343.042,-71.259,48.741,1,,0,received,,396.724,d42a5085-9c64-49b2-ab1a-0bdd796b449e,3,2,0,3
1788859546.906,1,2,-192.928,139.210,7.989,52.465,-189.472,12.983,410.212,-73.084,46.916,1,,0,received,,411.592,ea2fc099-8319-4fa8-bd29-caa79fefb554,1,2,0,3
1788859546.906,1,3,-192.928,139.210,7.989,205.227,129.080,17.968,398.408,-72.786,47.214,1,,0,received,,401.570,546e5d14-0f01-4a54-9258-7c83308f425a,1,3,0,3
1788859546.906,2,1,52.465,-189.472,12.983,-192.928,139.210,7.989,410.212,-73.084,46.916,1,,0,received,,408.364,b2481135-7cdd-4466-b499-8157fd38900a,2,1,0,3
1788859546.907,2,3,52.465,-189.472,12.983,205.227,129.080,17.968,353.322,-71.560,48.440,1,,0,received,,407.198,e9d0de40-be98-4319-917b-e0d42c83dcda,2,3,0,3
1788859546.907,3,1,205.227,129.080,17.968,-192.928,139.210,7.989,398.408,-72.786,47.214,1,,0,received,,408.941,56dbb05f-cbca-47b8-b308-1f43f2315981,3,1,0,3
1788859546.907,3,2,205.227,129.080,17.968,52.465,-189.472,12.983,353.322,-71.560,48.440,1,,0,received,,395.992,555c4dad-76c5-4cc4-bb87-45626bb50e58,3,2,0,3
1788859547.919,1,2,-197.155,143.373,7.984,54.620,-195.005,12.988,421.800,-73.368,46.632,1,,0,received,,402.197,7d5015da-5fe3-408c-aa51-3aa29a11ffa6,1,2,0,3
1788859547.920,1,3,-197.155,143.373,7.984,209.906,132.753,17.965,407.322,-73.012,46.988,1,,0,dropped,channel_loss,400.636,894456e7-db3a-4850-b819-919b06b0a66c,1,3,0,3
1788859547.920,1,2,-197.155,143.373,7.984,54.620,-195.005,12.988,421.800,-73.368,46.632,1,,0,dropped,channel_loss,414.103,894456e7-db3a-4850-b819-919b06b0a66c,1,3,1,2
1788859547.920,2,1,54.620,-195.005,12.988,-197.155,143.373,7.984,421.800,-73.368,46.632,1,,0,received,,407.896,6303f39f-d2b7-49c3-822b-70066b9f7008,2,1,0,3
1788859547.920,2,3,54.620,-195.005,12.988,209.906,132.753,17.965,362.717,-71.828,48.172,1,,0,received,,411.167,c203be23-63b4-4925-a074-44823d8c5345,2,3,0,3
1788859547.920,3,1,209.906,132.753,17.965,-197.155,143.373,7.984,407.322,-73.012,46.988,1,,0,received,,414.201,822582dd-0b5b-4dc9-8bbd-66626b44c3cf,3,1,0,3
1788859547.920,3,2,209.906,132.753,17.965,54.620,-195.005,12.988,362.717,-71.828,48.172,1,,0,received,,407.297,f041a1c2-15cd-470a-b8f9-155788181ff2,3,2,0,3
1788859548.947,1,2,-201.465,147.603,7.989,56.820,-200.615,12.990,433.581,-73.650,46.350,1,,0,received,,395.841,de8dea1e-d785-4a5e-938e-b458e0a535e0,1,2,0,3
1788859548.948,1,3,-201.465,147.603,7.989,214.638,136.516,17.923,416.370,-73.236,46.764,1,,0,received,,410.716,1c1d6f58-1e0f-4a05-88f5-f783ab7a1347,1,3,0,3
1788859548.948,2,1,56.820,-200.615,12.990,-201.465,147.603,7.989,433.581,-73.650,46.350,1,,0,received,,402.803,a61c5c5b-fea3-4da0-b596-12754ffccf54,2,1,0,3
1788859548.948,2,3,56.820,-200.615,12.990,214.638,136.516,17.923,372.274,-72.094,47.906,1,,0,received,,407.247,03cee33e-e4cb-4b6e-8b5d-98b545e2544f,2,3,0,3
1788859548.948,3,1,214.638,136.516,17.923,-201.465,147.603,7.989,416.370,-73.236,46.764,1,,0,received,,414.122,25631da5-7fff-478b-9711-a95442c1de5c,3,1,0,3
1788859548.948,3,2,214.638,136.516,17.923,56.820,-200.615,12.990,372.274,-72.094,47.906,1,,0,received,,410.407,c148708e-92fc-4d38-a488-29718041ef8f,3,2,0,3
1788859549.977,1,2,-205.911,151.978,7.996,59.096,-206.426,12.980,445.766,-73.932,46.068,1,,0,received,,405.735,98ad7a4a-5683-46ce-b5d5-fc865bacae4b,1,2,0,3
1788859549.977,1,3,-205.911,151.978,7.996,219.529,140.401,17.920,425.713,-73.463,46.537,1,,0,received,,408.137,ba1e0fd1-7dd2-4bdf-9300-bc808959397d,1,3,0,3
1788859549.977,2,1,59.096,-206.426,12.980,-205.911,151.978,7.996,445.766,-73.932,46.068,1,,0,received,,397.414,5de46806-8e01-4813-9bda-94c643884291,2,1,0,3
1788859549.977,2,3,59.096,-206.426,12.980,219.529,140.401,17.920,382.168,-72.361,47.639,1,,0,received,,405.126,b4be84e8-b37f-415d-81ad-c492d04db844,2,3,0,3
1788859549.977,3,1,219.529,140.401,17.920,-205.911,151.978,7.996,425.713,-73.463,46.537,1,,0,received,,406.379,b1d2ae23-f480-46d4-ad22-8be5a2a3cce5,3,1,0,3
1788859549.978,3,2,219.529,140.401,17.920,59.096,-206.426,12.980,382.168,-72.361,47.639,1,,0,received,,400.351,7e5b950c-328f-4aa5-b7ab-2a34a2381197,3,2,0,3
1788859550.984,1,2,-210.357,156.331,7.995,61.356,-212.215,12.985,457.907,-74.207,45.793,1,,0,received,,415.073,152c1a30-ea2b-484d-ac2e-9d8261f858fb,1,2,0,3
1788859550.984,1,3,-210.357,156.331,7.995,224.419,144.275,17.966,435.057,-73.684,46.316,1,,0,received,,413.475,f0b57ae1-b0e0-46b7-8032-43ec3a57c72e,1,3,0,3
1788859550.984,2,1,61.356,-212.215,12.985,-210.357,156.331,7.995,457.907,-74.207,45.793,1,,0,received,,397.598,9fdbeae5-b1d3-459c-ba34-b28cf869c800,2,1,0,3
1788859550.984,2,3,61.356,-212.215,12.985,224.419,144.275,17.966,392.045,-72.622,47.378,1,,0,received,,404.186,f3b7dbda-e3c6-4443-ac3a-c7381c868a08,2,3,0,3
1788859550.984,3,1,224.419,144.275,17.966,-210.357,156.331,7.995,435.057,-73.684,46.316,1,,0,received,,404.048,775e6382-9bc4-43b3-b12d-9f9bef75cd1a,3,1,0,3
1788859550.984,3,2,224.419,144.275,17.966,61.356,-212.215,12.985,392.045,-72.622,47.378,1,,0,received,,408.784,cfe237e6-b38c-4c1e-b478-e28e7fbc3d6d,3,2,0,3
1788859552.000,1,2,-214.803,160.683,7.991,63.602,-218.015,12.991,470.049,-74.474,45.526,1,,0,received,,401.537,7c6d4845-0e0e-4363-9090-73c0773e3256,1,2,0,3
1788859552.001,1,3,-214.803,160.683,7.991,229.302,148.138,17.977,444.394,-73.901,46.099,1,,0,received,,396.444,155ec9dc-e4d3-44ae-b0af-7b708720a5bd,1,3,0,3
1788859552.001,2,1,63.602,-218.015,12.991,-214.803,160.683,7.991,470.049,-74.474,45.526,1,,0,received,,412.972,af2d1277-9c20-4ef7-b5de-c5e3bbb17cd3,2,1,0,3
1788859552.001,2,3,63.602,-218.015,12.991,229.302,148.138,17.977,401.931,-72.876,47.124,1,,0,received,,409.382,ef9955fa-474e-46fe-9928-c862fe618493,2,3,0,3
1788859552.001,3,1,229.302,148.138,17.977,-214.803,160.683,7.991,444.394,-73.901,46.099,1,,0,dropped,channel_loss,407.899,0b84882f-8f5a-464e-9522-2f1693e1af00,3,1,0,3
1788859552.001,3,2,229.302,148.138,17.977,63.602,-218.015,12.991,401.931,-72.876,47.124,1,,0,received,,405.320,0b84882f-8f5a-464e-9522-2f1693e1af00,3,1,1,2
1788859552.001,2,1,63.602,-218.015,12.991,-214.803,160.683,7.991,470.049,-74.474,45.526,1,,0,received,,399.165,0b84882f-8f5a-464e-9522-2f1693e1af00,3,1,2,1
1788859552.001,3,2,229.302,148.138,17.977,63.602,-218.015,12.991,401.931,-72.876,47.124,1,,0,received,,410.953,2d828498-41dd-4841-ad2a-783fceabca25,3,2,0,3
1788859553.035,1,2,-219.030,164.847,7.986,65.757,-223.558,12.995,481.650,-74.723,45.277,1,,0,received,,406.226,1bc7d22d-ec19-4ecf-b7aa-af885382c7c5,1,2,0,3
1788859553.035,1,3,-219.030,164.847,7.986,233.966,151.811,17.944,453.293,-74.103,45.897,1,,0,received,,411.219,acaa744c-c80b-4eb2-8408-9c7ab7d2be8d,1,3,0,3
1788859553.035,2,1,65.757,-223.558,12.995,-219.030,164.847,7.986,481.650,-74.723,45.277,1,,0,received,,407.385,a3628796-a668-481c-8831-f8cde6c17659,2,1,0,3
1788859553.035,2,3,65.757,-223.558,12.995,233.966,151.811,17.944,411.365,-73.113,46.887,1,,0,received,,401.331,09efd3eb-a28c-46f0-aead-488359f71f58,2,3,0,3
1788859553.035,3,1,233.966,151.811,17.944,-219.030,164.847,7.986,453.293,-74.103,45.897,1,,0,dropped,channel_loss,409.523,a0009419-dbd3-4362-b053-ed7d6bf6f4b4,3,1,0,3
1788859553.035,3,2,233.966,151.811,17.944,65.757,-223.558,12.995,411.365,-73.113,46.887,1,,0,received,,410.529,a0009419-dbd3-4362-b053-ed7d6bf6f4b4,3,1,1,2
1788859553.036,2,1,65.757,-223.558,12.995,-219.030,164.847,7.986,481.650,-74.723,45.277,1,,0,received,,396.621,a0009419-dbd3-4362-b053-ed7d6bf6f4b4,3,1,2,1
1788859553.036,3,2,233.966,151.811,17.944,65.757,-223.558,12.995,411.365,-73.113,46.887,1,,0,dropped,channel_loss,407.992,84c14287-0f9e-46bd-bd58-faf6f5f887db,3,2,0,3
1788859553.036,3,1,233.966,151.811,17.944,-219.030,164.847,7.986,453.293,-74.103,45.897,1,,0,received,,408.748,84c14287-0f9e-46bd-bd58-faf6f5f887db,3,2,1,2
1788859553.036,1,2,-219.030,164.847,7.986,65.757,-223.558,12.995,481.650,-74.723,45.277,1,,0,received,,412.705,84c14287-0f9e-46bd-bd58-faf6f5f887db,3,2,2,1
1788859554.069,1,2,-223.325,169.066,7.980,67.912,-229.102,12.991,493.337,-74.967,45.033,1,,0,received,,407.942,a0477073-78ff-4379-8184-4ebd603a2b40,1,2,0,3
1788859554.069,1,3,-223.325,169.066,7.980,238.713,155.551,17.946,462.343,-74.305,45.695,1,,0,received,,414.471,5c1834c1-58e9-4408-bff9-96e465dfda59,1,3,0,3
1788859554.069,2,1,67.912,-229.102,12.991,-223.325,169.066,7.980,493.337,-74.967,45.033,1,,0,received,,413.360,f7894a81-5c58-4417-8815-099c5c10cdeb,2,1,0,3
1788859554.069,2,3,67.912,-229.102,12.991,238.713,155.551,17.946,420.899,-73.347,46.653,1,,0,received,,397.629,488664dd-eafd-4e1f-b12b-9822cba0ec94,2,3,0,3
1788859554.069,3,1,238.713,155.551,17.946,-223.325,169.066,7.980,462.343,-74.305,45.695,1,,0,received,,398.439,97e45a85-b22f-41be-8602-fc598201bc9b,3,1,0,3
1788859554.069,3,2,238.713,155.551,17.946,67.912,-229.102,12.991,420.899,-73.347,46.653,1,,0,received,,409.332,eeee11e6-3fd7-417d-a805-612a16352f89,3,2,0,3
1788859555.119,1,2,-227.899,173.552,7.981,70.014,-234.456,12.977,505.221,-75.210,44.790,1,,0,received,,413.964,52daf621-3868-43de-946d-b46cc414e4a5,1,2,0,3
1788859555.119,1,3,-227.899,173.552,7.981,243.754,159.537,17.946,471.967,-74.515,45.485,1,,0,received,,412.064,3cb31bf0-e2f4-4901-8b7a-c6ac9458eb00,1,3,0,3
1788859555.119,2,1,70.014,-234.456,12.977,-227.899,173.552,7.981,505.221,-75.210,44.790,1,,0,received,,407.847,6113ba11-470e-420a-b8c4-0e0ccfa19082,2,1,0,3
1788859555.119,2,3,70.014,-234.456,12.977,243.754,159.537,17.946,430.628,-73.580,46.420,1,,0,received,,397.649,17455d4c-5cf6-4679-8903-539c68c0d840,2,3,0,3
1788859555.120,3,1,243.754,159.537,17.946,-227.899,173.552,7.981,471.967,-74.515,45.485,1,,0,received,,405.815,42ea3d8a-65d0-486c-ba58-bb739aa04e6d,3,1,0,3
1788859555.120,3,2,243.754,159.537,17.946,70.014,-234.456,12.977,430.628,-73.580,46.420,1,,0,received,,398.518,6204e9fe-f273-45de-a44e-9c4f4a0b269d,3,2,0,3
1788859556.131,1,2,-232.194,177.771,7.971,71.793,-238.987,12.968,515.868,-75.423,44.577,1,,0,dropped,channel_loss,398.230,d27b2ace-febb-4f9e-966f-9c98bdedc399,1,2,0,3
1788859556.131,1,3,-232.194,177.771,7.971,248.622,163.411,17.945,481.134,-74.712,45.288,1,,0,received,,409.558,d27b2ace-febb-4f9e-966f-9c98bdedc399,1,2,1,2
1788859556.131,3,2,248.622,163.411,17.945,71.793,-238.987,12.968,439.565,-73.789,46.211,1,,0,received,,411.996,d27b2ace-febb-4f9e-966f-9c98bdedc399,1,2,2,1
1788859556.131,1,3,-232.194,177.771,7.971,248.622,163.411,17.945,481.134,-74.712,45.288,1,,0,received,,411.650,e63b120d-6e4f-4932-a5f7-8d74c3c085c3,1,3,0,3
1788859556.131,2,1,71.793,-238.987,12.968,-232.194,177.771,7.971,515.868,-75.423,44.577,1,,0,received,,396.055,be592a79-9638-40bd-a2fb-3b77b06f86a3,2,1,0,3
1788859556.131,2,3,71.793,-238.987,12.968,248.622,163.411,17.945,439.565,-73.789,46.211,1,,0,received,,406.681,0c284ac4-cfdf-4f61-9afe-521febca4d6e,2,3,0,3
1788859556.132,3,1,248.622,163.411,17.945,-232.194,177.771,7.971,481.134,-74.712,45.288,1,,0,received,,410.485,e230f187-5001-49a8-8bd1-02017e76ec4b,3,1,0,3
1788859556.132,3,2,248.622,163.411,17.945,71.793,-238.987,12.968,439.565,-73.789,46.211,1,,0,received,,407.925,a503d4b0-7439-49c4-9418-5c2f70b6a4d5,3,2,0,3
1788859557.173,1,2,-236.602,182.123,8.021,73.714,-243.507,13.008,526.766,-75.636,44.364,1,,0,received,,407.689,c3a3633d-5efd-402e-b48d-9d19bc6b16a4,1,2,0,3
1788859557.174,1,3,-236.602,182.123,8.021,253.701,167.496,17.941,490.621,-74.911,45.089,1,,0,received,,414.279,8687b84c-df3a-4bf1-940c-055235be7bf6,1,3,0,3
1788859557.174,2,1,73.714,-243.507,13.008,-236.602,182.123,8.021,526.766,-75.636,44.364,1,,0,received,,411.240,50906987-2d7e-443f-99ca-9b4a64d7cb30,2,1,0,3
1788859557.174,2,3,73.714,-243.507,13.008,253.701,167.496,17.941,448.712,-74.000,46.000,1,,0,received,,401.094,dffb830f-0541-4d1c-bdbb-96ebd34b0bef,2,3,0,3
1788859557.174,3,1,253.701,167.496,17.941,-236.602,182.123,8.021,490.621,-74.911,45.089,1,,0,received,,396.344,6a1769e3-f935-429f-983d-9fafd9519e0e,3,1,0,3
1788859557.174,3,2,253.701,167.496,17.941,73.714,-243.507,13.008,448.712,-74.000,46.000,1,,0,received,,404.831,d4a53cfd-1a91-4825-96ee-6444c9e1ef95,3,2,0,3
1788859558.208,1,2,-241.070,186.565,8.000,75.847,-248.382,13.062,538.183,-75.855,44.145,1,,0,received,,407.279,dbbde11b-dc2c-4c90-90c1-10e773ebfb78,1,2,0,3
1788859558.208,1,3,-241.070,186.565,8.000,258.576,171.381,17.976,499.977,-75.104,44.896,1,,0,received,,409.513,a97c3d19-d467-46c9-9986-a87466b9a684,1,3,0,3
1788859558.208,2,1,75.847,-248.382,13.062,-241.070,186.565,8.000,538.183,-75.855,44.145,1,,0,received,,412.361,bd17e7c2-3613-4ab6-89fb-6613b25a4b8b,2,1,0,3
1788859558.208,2,3,75.847,-248.382,13.062,258.576,171.381,17.976,457.838,-74.205,45.795,1,,0,dropped,channel_loss,397.761,78b05854-24f3-4b03-8c78-e6b6e87a8b8f,2,3,0,3
1788859558.208,2,1,75.847,-248.382,13.062,-241.070,186.565,8.000,538.183,-75.855,44.145,1,,0,received,,406.379,78b05854-24f3-4b03-8c78-e6b6e87a8b8f,2,3,1,2
1788859558.208,1,3,-241.070,186.565,8.000,258.576,171.381,17.976,499.977,-75.104,44.896,1,,0,received,,404.475,78b05854-24f3-4b03-8c78-e6b6e87a8b8f,2,3,2,1
1788859558.208,3,1,258.576,171.381,17.976,-241.070,186.565,8.000,499.977,-75.104,44.896,1,,0,received,,400.104,5b771566-f28b-4472-b29e-a7471da1faba,3,1,0,3
1788859558.209,3,2,258.576,171.381,17.976,75.847,-248.382,13.062,457.838,-74.205,45.795,1,,0,received,,400.950,1b1b86a4-a4ef-4c6a-9c28-68f487044fa5,3,2,0,3
1788859559.245,1,2,-245.313,190.806,7.982,78.077,-253.781,13.034,549.786,-76.073,43.927,1,,0,received,,407.453,5de4077e-cf18-400b-b7a7-37361f47ec4d,1,2,0,3
1788859559.245,1,3,-245.313,190.806,7.982,263.233,175.088,17.938,508.886,-75.284,44.716,1,,0,received,,412.452,cf2a53bf-59d7-4caf-89be-e1b8cc94cf46,1,3,0,3
1788859559.246,2,1,78.077,-253.781,13.034,-245.313,190.806,7.982,549.786,-76.073,43.927,1,,0,received,,401.695,136e9156-d76e-43d5-9bdb-59a9dce0b328,2,1,0,3
1788859559.246,2,3,78.077,-253.781,13.034,263.233,175.088,17.938,467.157,-74.411,45.589,1,,0,received,,401.400,792a4c5c-b2bf-4182-aecd-66bb238ff08b,2,3,0,3
1788859559.246,3,1,263.233,175.088,17.938,-245.313,190.806,7.982,508.886,-75.284,44.716,1,,0,received,,405.111,fac362bd-a3ea-4666-aa30-ff4738011580,3,1,0,3
1788859559.246,3,2,263.233,175.088,17.938,78.077,-253.781,13.034,467.157,-74.411,45.589,1,,0,received,,405.121,00321efb-6d24-4528-9fb0-044b4a227f8f,3,2,0,3
1788859560.258,1,2,-249.698,195.203,7.985,80.534,-259.726,12.981,562.173,-76.300,43.700,1,,0,received,,395.609,0365aac3-2cb7-4369-8fec-50cd79272e90,1,2,0,3
1788859560.258,1,3,-249.698,195.203,7.985,268.116,178.973,17.946,518.164,-75.468,44.532,1,,0,dropped,channel_loss,405.255,a019ca49-549e-4239-8dd6-3496d3327599,1,3,0,3
1788859560.258,1,2,-249.698,195.203,7.985,80.534,-259.726,12.981,562.173,-76.300,43.700,1,,0,dropped,channel_loss,399.449,a019ca49-549e-4239-8dd6-3496d3327599,1,3,1,2
1788859560.258,2,1,80.534,-259.726,12.981,-249.698,195.203,7.985,562.173,-76.300,43.700,1,,0,received,,396.157,297f21ff-325d-4729-8ad9-4b4b8136194a,2,1,0,3
1788859560.259,2,3,80.534,-259.726,12.981,268.116,178.973,17.946,477.146,-74.627,45.373,1,,0,received,,412.792,05afbce7-1a64-4607-9ffe-33a46bf3caa1,2,3,0,3
1788859560.259,3,1,268.116,178.973,17.946,-249.698,195.203,7.985,518.164,-75.468,44.532,1,,0,received,,404.557,a198d9af-9ef5-45aa-b10d-373b528d1e22,3,1,0,3
1788859560.259,3,2,268.116,178.973,17.946,80.534,-259.726,12.981,477.146,-74.627,45.373,1,,0,received,,412.089,47e85063-1492-4da9-b55b-d9f70ae76198,3,2,0,3
1788859561.276,1,2,-254.091,199.589,7.983,82.892,-265.470,12.970,574.337,-76.519,43.481,1,,0,received,,412.795,05ec0f06-be52-4d50-b17e-80f1b470417d,1,2,0,3
1788859561.276,1,3,-254.091,199.589,7.983,272.999,182.847,17.950,527.450,-75.650,44.350,1,,0,received,,410.423,e2028529-44e7-42c8-b7bb-00915c405190,1,3,0,3
1788859561.276,2,1,82.892,-265.470,12.970,-254.091,199.589,7.983,574.337,-76.519,43.481,1,,0,received,,403.158,da3f9d46-464c-4bd6-a40c-3bb030dd94a8,2,1,0,3
1788859561.276,2,3,82.892,-265.470,12.970,272.999,182.847,17.950,486.984,-74.835,45.165,1,,0,received,,399.039,9f6a6f5c-54bb-456a-8fc1-b49113c5fbe4,2,3,0,3
1788859561.277,3,1,272.999,182.847,17.950,-254.091,199.589,7.983,527.450,-75.650,44.350,1,,0,received,,396.616,1ca103ce-3282-4fe2-a232-487deaba0f38,3,1,0,3
1788859561.277,3,2,272.999,182.847,17.950,82.892,-265.470,12.970,486.984,-74.835,45.165,1,,0,received,,410.434,0585c34b-9e2b-4e2e-9ed1-a9723949810a,3,2,0,3
1788859562.291,1,2,-256.653,202.139,7.980,84.196,-268.776,12.975,581.347,-76.643,43.357,1,,0,received,,414.928,9ba6270d-3f43-41e6-809c-bf76f0e482b8,1,2,0,3
1788859562.292,1,3,-256.653,202.139,7.980,275.862,185.118,17.950,532.881,-75.754,44.246,1,,0,received,,397.522,cd02c18f-cde5-4012-b362-15029ba03d40,1,3,0,3
1788859562.294,2,1,84.196,-268.776,12.975,-256.653,202.139,7.980,581.347,-76.643,43.357,1,,0,dropped,channel_loss,403.024,c966423a-da35-47c1-8c41-764db8b65adc,2,1,0,3
1788859562.294,2,3,84.196,-268.776,12.975,275.862,185.118,17.950,492.728,-74.955,45.045,1,,0,received,,401.927,c966423a-da35-47c1-8c41-764db8b65adc,2,1,1,2
1788859562.294,3,1,275.862,185.118,17.950,-256.653,202.139,7.980,532.881,-75.754,44.246,1,,0,dropped,channel_loss,410.245,c966423a-da35-47c1-8c41-764db8b65adc,2,1,2,1
1788859562.295,2,3,84.196,-268.776,12.975,275.862,185.118,17.950,492.728,-74.955,45.045,1,,0,received,,405.328,b254dd67-dddb-4b61-aea3-46a72383b4d8,2,3,0,3
1788859562.295,3,1,275.862,185.118,17.950,-256.653,202.139,7.980,532.881,-75.754,44.246,1,,0,received,,396.052,86512bc1-008b-4ebb-ad63-53508434471c,3,1,0,3
1788859562.296,3,2,275.862,185.118,17.950,84.196,-268.776,12.975,492.728,-74.955,45.045,1,,0,received,,401.806,6bb8fd9a-0826-44ad-89cb-236a89207a12,3,2,0,3
1788859563.335,1,2,-260.172,205.645,7.981,85.951,-273.329,12.986,590.968,-76.810,43.190,1,,0,received,,404.286,9a20c42a-fa4b-4f42-805a-0519a6558cec,1,2,0,3
1788859563.335,1,3,-260.172,205.645,7.981,279.780,188.224,17.948,540.326,-75.896,44.104,1,,0,received,,405.456,2b81542e-f251-4597-9fa2-79aeb68ac205,1,3,0,3
1788859563.335,2,1,85.951,-273.329,12.986,-260.172,205.645,7.981,590.968,-76.810,43.190,1,,0,received,,407.407,996f1d64-c321-4da8-b242-5b283cd5fe4e,2,1,0,3
1788859563.336,2,3,85.951,-273.329,12.986,279.780,188.224,17.948,500.625,-75.117,44.883,1,,0,received,,414.958,f2ad9d49-ea94-4c28-b1eb-d15b22e20324,2,3,0,3
1788859563.336,3,1,279.780,188.224,17.948,-260.172,205.645,7.981,540.326,-75.896,44.104,1,,0,received,,401.130,b84da2f9-4292-4cba-baef-130e30872293,3,1,0,3
1788859563.336,3,2,279.780,188.224,17.948,85.951,-273.329,12.986,500.625,-75.117,44.883,1,,0,received,,411.711,d11995e6-0a67-49d8-85da-a300b39e8585,3,2,0,3
1788859564.348,1,2,-264.121,209.541,7.919,87.911,-278.439,12.905,601.727,-76.994,43.006,1,,0,received,,409.321,1c6c6ad8-162b-449a-ae64-ebd9efd68b49,1,2,0,3
1788859564.348,1,3,-264.121,209.541,7.919,284.151,191.697,17.950,548.654,-76.052,43.948,1,,0,received,,411.461,2409dfec-ddb5-4adf-973f-43c191b45d70,1,3,0,3
1788859564.348,2,1,87.911,-278.439,12.905,-264.121,209.541,7.919,601.727,-76.994,43.006,1,,0,received,,408.622,30961372-9a46-4921-a7b0-6f9954672880,2,1,0,3
1788859564.349,2,3,87.911,-278.439,12.905,284.151,191.697,17.950,509.473,-75.296,44.704,1,,0,dropped,channel_loss,406.820,8d17865c-a013-4fdc-9035-df8802d5cbae,2,3,0,3
1788859564.349,2,1,87.911,-278.439,12.905,-264.121,209.541,7.919,601.727,-76.994,43.006,1,,0,received,,409.652,8d17865c-a013-4fdc-9035-df8802d5cbae,2,3,1,2
1788859564.349,1,3,-264.121,209.541,7.919,284.151,191.697,17.950,548.654,-76.052,43.948,1,,0,received,,395.679,8d17865c-a013-4fdc-9035-df8802d5cbae,2,3,2,1
1788859564.349,3,1,284.151,191.697,17.950,-264.121,209.541,7.919,548.654,-76.052,43.948,1,,0,received,,414.487,79fff187-9420-4e69-9aa7-7a043a9a1366,3,1,0,3
1788859564.349,3,2,284.151,191.697,17.950,87.911,-278.439,12.905,509.473,-75.296,44.704,1,,0,received,,410.669,b5f3328e-e4a9-4dbd-8124-ffd9e3d54420,3,2,0,3
1788859565.399,1,2,-266.155,211.556,7.921,88.928,-281.099,12.904,607.304,-77.088,42.912,1,,0,received,,409.574,2d21b9ff-4691-4c94-a9b0-25331b09228e,1,2,0,3
1788859565.400,1,3,-266.155,211.556,7.921,286.404,193.500,17.951,552.945,-76.131,43.869,1,,0,received,,398.556,26780d39-8f25-4dff-9d6d-e15379f7256f,1,3,0,3
1788859565.400,2,1,88.928,-281.099,12.904,-266.155,211.556,7.921,607.304,-77.088,42.912,1,,0,received,,407.541,c4929e99-e08f-4aae-b443-4cdcd0cecffb,2,1,0,3
1788859565.400,2,3,88.928,-281.099,12.904,286.404,193.500,17.951,514.069,-75.387,44.613,1,,0,received,,398.101,e50182cc-c515-4c49-9c33-fe26406e64ed,2,3,0,3
1788859565.401,3,1,286.404,193.500,17.951,-266.155,211.556,7.921,552.945,-76.131,43.869,1,,0,received,,395.777,df6a187f-74db-409c-9668-1b5db91c0a51,3,1,0,3
1788859565.401,3,2,286.404,193.500,17.951,88.928,-281.099,12.904,514.069,-75.387,44.613,1,,0,dropped,channel_loss,397.344,e15d210b-f0e8-42eb-9824-96879ae9bba9,3,2,0,3
1788859565.401,3,1,286.404,193.500,17.951,-266.155,211.556,7.921,552.945,-76.131,43.869,1,,0,received,,401.420,e15d210b-f0e8-42eb-9824-96879ae9bba9,3,2,1,2
1788859565.401,1,2,-266.155,211.556,7.921,88.928,-281.099,12.904,607.304,-77.088,42.912,1,,0,received,,408.956,e15d210b-f0e8-42eb-9824-96879ae9bba9,3,2,2,1
1788859566.406,1,2,-267.851,213.237,7.988,89.787,-283.315,12.984,611.958,-77.166,42.834,1,,0,received,,410.645,a15fe5fb-f662-4978-b607-e1a5d9262bbd,1,2,0,3
1788859566.407,1,3,-267.851,213.237,7.988,288.280,194.992,17.953,556.519,-76.197,43.803,1,,0,dropped,channel_loss,412.602,501c9ba2-2c63-4931-a77c-f1978f72bd26,1,3,0,3
1788859566.407,1,2,-267.851,213.237,7.988,89.787,-283.315,12.984,611.958,-77.166,42.834,1,,0,received,,396.392,501c9ba2-2c63-4931-a77c-f1978f72bd26,1,3,1,2
1788859566.407,2,3,89.787,-283.315,12.984,288.280,194.992,17.953,517.882,-75.463,44.537,1,,0,received,,399.293,501c9ba2-2c63-4931-a77c-f1978f72bd26,1,3,2,1
1788859566.407,2,1,89.787,-283.315,12.984,-267.851,213.237,7.988,611.958,-77.166,42.834,1,,0,received,,408.391,75356193-594e-477c-b093-fd1e02457297,2,1,0,3
1788859566.408,2,3,89.787,-283.315,12.984,288.280,194.992,17.953,517.882,-75.463,44.537,1,,0,received,,401.421,daa7c6d9-3c80-4a55-bfa9-aa34ea7dc1d4,2,3,0,3
1788859566.408,3,1,288.280,194.992,17.953,-267.851,213.237,7.988,556.519,-76.197,43.803,1,,0,received,,413.388,4f02255d-320c-465a-a578-350ec61656b4,3,1,0,3
1788859566.408,3,2,288.280,194.992,17.953,89.787,-283.315,12.984,517.882,-75.463,44.537,1,,0,received,,402.231,cc8ebd8a-bf67-477d-a097-64c655a99d3b,3,2,0,3
1788859567.436,1,2,-272.055,217.412,7.990,91.919,-288.814,12.977,623.511,-77.357,42.643,1,,0,received,,409.565,fec469aa-7a42-4fdf-be8f-af7a4699aea6,1,2,0,3
1788859567.436,1,3,-272.055,217.412,7.990,292.764,198.588,17.952,565.220,-76.356,43.644,1,,0,received,,409.012,c7131b5a-1e5c-4abb-9f32-e834d69dce11,1,3,0,3
1788859567.436,2,1,91.919,-288.814,12.977,-272.055,217.412,7.990,623.511,-77.357,42.643,1,,0,received,,398.991,29c2d121-37a7-48dd-89aa-0bb2685486d2,2,1,0,3
1788859567.436,2,3,91.919,-288.814,12.977,292.764,198.588,17.952,527.184,-75.645,44.355,1,,0,received,,406.307,35278b87-b7d4-4311-ae73-c5434e245018,2,3,0,3
1788859567.436,3,1,292.764,198.588,17.952,-272.055,217.412,7.990,565.220,-76.356,43.644,1,,0,received,,414.604,5ad67b16-b3d8-40c6-b3cc-e32e1e23be58,3,1,0,3
1788859567.436,3,2,292.764,198.588,17.952,91.919,-288.814,12.977,527.184,-75.645,44.355,1,,0,received,,400.926,d280ac2d-c9a4-4274-8ec8-b10cfaf25085,3,2,0,3
1788859568.468,1,2,-276.139,221.464,7.993,93.992,-294.135,12.976,634.715,-77.539,42.461,1,,0,received,,409.246,b19b616a-0ca2-4090-86a4-d77b41360e24,1,2,0,3
1788859568.468,1,3,-276.139,221.464,7.993,297.405,202.294,17.952,573.951,-76.512,43.488,1,,0,received,,402.122,5ef60478-53cf-42d1-8d99-f46f5745032f,1,3,0,3
1788859568.468,2,1,93.992,-294.135,12.976,-276.139,221.464,7.993,634.715,-77.539,42.461,1,,0,dropped,channel_loss,411.054,824c7dc8-6ae8-4309-9782-33c94b963851,2,1,0,3
1788859568.469,2,3,93.992,-294.135,12.976,297.405,202.294,17.952,536.511,-75.824,44.176,1,,0,received,,397.583,824c7dc8-6ae8-4309-9782-33c94b963851,2,1,1,2
1788859568.469,3,1,297.405,202.294,17.952,-276.139,221.464,7.993,573.951,-76.512,43.488,1,,0,received,,402.740,824c7dc8-6ae8-4309-9782-33c94b963851,2,1,2,1
1788859568.470,2,3,93.992,-294.135,12.976,297.405,202.294,17.952,536.511,-75.824,44.176,1,,0,dropped,channel_loss,411.513,c4ce2dec-b252-4ff7-a37b-b73c599cd37a,2,3,0,3
1788859568.470,2,1,93.992,-294.135,12.976,-276.139,221.464,7.993,634.715,-77.539,42.461,1,,0,dropped,channel_loss,411.238,c4ce2dec-b252-4ff7-a37b-b73c599cd37a,2,3,1,2
1788859568.470,3,1,297.405,202.294,17.952,-276.139,221.464,7.993,573.951,-76.512,43.488,1,,0,received,,400.899,ba01ed5c-8a09-4f1c-aaf2-664a7ef21a63,3,1,0,3
1788859568.470,3,2,297.405,202.294,17.952,93.992,-294.135,12.976,536.511,-75.824,44.176,1,,0,received,,402.073,23c9fad2-f036-4985-bf19-f0eeb323a498,3,2,0,3
1788859569.503,1,2,-280.547,225.850,7.987,96.252,-299.912,12.985,646.861,-77.732,42.268,1,,0,received,,400.275,e0deb0a9-c118-451e-8f73-0437946afff6,1,2,0,3
1788859569.504,1,3,-280.547,225.850,7.987,302.130,206.068,17.954,583.098,-76.673,43.327,1,,0,received,,399.187,e60c6e0a-7cf6-46a1-9ad7-9dea9c67bdcf,1,3,0,3
1788859569.504,2,1,96.252,-299.912,12.985,-280.547,225.850,7.987,646.861,-77.732,42.268,1,,0,received,,413.807,bd31316f-ba4b-4c15-80ca-902205eba971,2,1,0,3
1788859569.504,2,3,96.252,-299.912,12.985,302.130,206.068,17.954,546.284,-76.008,43.992,1,,0,received,,397.891,db14ab5a-622d-43e1-9d6d-5a5aac58d562,2,3,0,3
1788859569.504,3,1,302.130,206.068,17.954,-280.547,225.850,7.987,583.098,-76.673,43.327,1,,0,received,,406.883,3bed8f00-f74c-414c-adcc-1153906dd189,3,1,0,3
1788859569.504,3,2,302.130,206.068,17.954,96.252,-299.912,12.985,546.284,-76.008,43.992,1,,0,received,,408.543,e1782bbe-4ca0-4c0a-ac28-ebe8876748d3,3,2,0,3
1788859570.529,1,2,-284.820,230.091,7.917,98.475,-305.489,12.914,658.625,-77.916,42.084,1,,0,received,,407.905,e5e86f64-4ff9-431d-b2e0-88c25dbd5dec,1,2,0,3
1788859570.529,1,3,-284.820,230.091,7.917,307.005,209.953,17.952,592.253,-76.832,43.168,1,,0,received,,403.412,b97059ca-629d-44ca-9620-2a006942beeb,1,3,0,3
1788859570.529,2,1,98.475,-305.489,12.914,-284.820,230.091,7.917,658.625,-77.916,42.084,1,,0,received,,397.157,6ba4b1fa-f66b-4262-aa88-f6a857a10891,2,1,0,3
1788859570.529,2,3,98.475,-305.489,12.914,307.005,209.953,17.952,556.050,-76.189,43.811,1,,0,received,,395.249,e00776ac-c499-411b-ae94-78cf67de49f1,2,3,0,3
1788859570.530,3,1,307.005,209.953,17.952,-284.820,230.091,7.917,592.253,-76.832,43.168,1,,0,received,,413.728,5ac07146-8d10-4e2e-b562-609cbd87ffcc,3,1,0,3
1788859570.530,3,2,307.005,209.953,17.952,98.475,-305.489,12.914,556.050,-76.189,43.811,1,,0,received,,413.846,4ad71c3d-835f-4a30-9173-ba880a936a25,3,2,0,3
1788859571.546,1,2,-289.236,234.477,7.991,100.766,-311.245,12.992,670.774,-78.103,41.897,1,,0,received,,404.695,0d8a7b18-d8c9-49c4-980c-cc3590c6952c,1,2,0,3
1788859571.547,1,3,-289.236,234.477,7.991,311.888,213.827,17.958,601.561,-76.991,43.009,1,,0,received,,414.424,ff64e325-5060-4148-8e7d-df21cc2ab42d,1,3,0,3
1788859571.547,2,1,100.766,-311.245,12.992,-289.236,234.477,7.991,670.774,-78.103,41.897,1,,0,received,,408.064,713afbb0-158c-440e-82a0-81c5eb0e7ff0,2,1,0,3
1788859571.547,2,3,100.766,-311.245,12.992,311.888,213.827,17.958,565.948,-76.369,43.631,1,,0,dropped,channel_loss,396.935,0ddcb3f8-2eaf-4d62-9226-2cc09cf30986,2,3,0,3
1788859571.547,2,1,100.766,-311.245,12.992,-289.236,234.477,7.991,670.774,-78.103,41.897,1,,0,received,,405.849,0ddcb3f8-2eaf-4d62-9226-2cc09cf30986,2,3,1,2
1788859571.547,1,3,-289.236,234.477,7.991,311.888,213.827,17.958,601.561,-76.991,43.009,1,,0,received,,413.879,0ddcb3f8-2eaf-4d62-9226-2cc09cf30986,2,3,2,1
1788859571.547,3,1,311.888,213.827,17.958,-289.236,234.477,7.991,601.561,-76.991,43.009,1,,0,dropped,channel_loss,398.647,6e6212a9-db53-4c80-a5be-ac36979b5943,3,1,0,3
1788859571.548,3,2,311.888,213.827,17.958,100.766,-311.245,12.992,565.948,-76.369,43.631,1,,0,received,,398.662,6e6212a9-db53-4c80-a5be-ac36979b5943,3,1,1,2
1788859571.548,2,1,100.766,-311.245,12.992,-289.236,234.477,7.991,670.774,-78.103,41.897,1,,0,dropped,channel_loss,415.090,6e6212a9-db53-4c80-a5be-ac36979b5943,3,1,2,1
1788859571.548,3,2,311.888,213.827,17.958,100.766,-311.245,12.992,565.948,-76.369,43.631,1,,0,received,,405.054,e6bc4204-cb23-462b-b826-3245559141a5,3,2,0,3
1788859572.575,1,2,-293.101,238.329,7.994,102.763,-316.321,12.989,681.446,-78.264,41.736,1,,0,dropped,channel_loss,414.389,f07a49ac-866a-4500-9b2b-87dbda77d830,1,2,0,3
1788859572.575,1,3,-293.101,238.329,7.994,316.168,217.234,18.000,609.716,-77.129,42.871,1,,0,dropped,channel_loss,412.681,f07a49ac-866a-4500-9b2b-87dbda77d830,1,2,1,2
1788859572.575,1,3,-293.101,238.329,7.994,316.168,217.234,18.000,609.716,-77.129,42.871,1,,0,received,,406.505,e12f089e-b00e-420e-ac82-7e509cb94647,1,3,0,3
1788859572.576,2,1,102.763,-316.321,12.989,-293.101,238.329,7.994,681.446,-78.264,41.736,1,,0,received,,414.806,92336415-4a8f-4e56-8ff5-e125cef39161,2,1,0,3
1788859572.576,2,3,102.763,-316.321,12.989,316.168,217.234,18.000,574.671,-76.525,43.475,1,,0,received,,414.928,3982fcd9-3ce9-4698-bad9-665b02fd5b04,2,3,0,3
1788859572.576,3,1,316.168,217.234,18.000,-293.101,238.329,7.994,609.716,-77.129,42.871,1,,0,received,,405.024,b1d6c729-3df0-4bbc-8c22-c4607a663463,3,1,0,3
1788859572.576,3,2,316.168,217.234,18.000,102.763,-316.321,12.989,574.671,-76.525,43.475,1,,0,dropped,channel_loss,412.167,9804a3b7-58ff-4896-95bf-ac4ef3287cd9,3,2,0,3
1788859572.576,3,1,316.168,217.234,18.000,-293.101,238.329,7.994,609.716,-77.129,42.871,1,,0,received,,399.002,9804a3b7-58ff-4896-95bf-ac4ef3287cd9,3,2,1,2
1788859572.576,1,2,-293.101,238.329,7.994,102.763,-316.321,12.989,681.446,-78.264,41.736,1,,0,received,,398.396,9804a3b7-58ff-4896-95bf-ac4ef3287cd9,3,2,2,1
1788859573.628,1,2,-297.381,242.581,7.995,104.963,-321.920,12.997,693.230,-78.439,41.561,1,,0,received,,400.292,d562297b-f8f4-44ab-b1a9-f1f7b6a4beb1,1,2,0,3
1788859573.628,1,3,-297.381,242.581,7.995,320.908,220.996,17.948,618.746,-77.279,42.721,1,,0,received,,409.878,6925b904-9e57-421a-af0b-41e99ca3712b,1,3,0,3
1788859573.628,2,1,104.963,-321.920,12.997,-297.381,242.581,7.995,693.230,-78.439,41.561,1,,0,received,,406.502,d38a5a5a-53a5-47b6-8919-6a1c548c2860,2,1,0,3
1788859573.628,2,3,104.963,-321.920,12.997,320.908,220.996,17.948,584.307,-76.694,43.306,1,,0,received,,398.656,297a16cf-732b-43bd-b394-42d05ade39bd,2,3,0,3
1788859573.629,3,1,320.908,220.996,17.948,-297.381,242.581,7.995,618.746,-77.279,42.721,1,,0,received,,413.087,6f8a87c8-bc4d-4b3b-b065-3226f25b88aa,3,1,0,3
1788859573.629,3,2,320.908,220.996,17.948,104.963,-321.920,12.997,584.307,-76.694,43.306,1,,0,received,,405.452,4f5d7090-9b13-4927-bc6d-7a6959cd0ca3,3,2,0,3
1788859574.662,1,2,-301.782,246.978,7.999,107.223,-327.664,12.993,705.354,-78.616,41.384,1,,0,received,,408.531,978a8443-644d-452f-aa4b-c8b22a39efd6,1,2,0,3
1788859574.662,1,3,-301.782,246.978,7.999,325.783,224.892,17.992,628.033,-77.431,42.569,1,,0,received,,397.958,7d63d2a6-b3c1-430d-ad65-efb7a397cda2,1,3,0,3
1788859574.662,2,1,107.223,-327.664,12.993,-301.782,246.978,7.999,705.354,-78.616,41.384,1,,0,received,,400.107,1b08a0c2-e16d-434b-9933-07ce06575e29,2,1,0,3
1788859574.662,2,3,107.223,-327.664,12.993,325.783,224.892,17.992,594.232,-76.866,43.134,1,,0,received,,399.856,8ffad147-b26f-4621-a8e8-5d734712d120,2,3,0,3
1788859574.663,3,1,325.783,224.892,17.992,-301.782,246.978,7.999,628.033,-77.431,42.569,1,,0,received,,414.227,1f75dd9c-73c0-49c9-823b-00741592869f,3,1,0,3
1788859574.663,3,2,325.783,224.892,17.992,107.223,-327.664,12.993,594.232,-76.866,43.134,1,,0,received,,409.604,34449802-f666-4070-8a80-bdf03d37c10b,3,2,0,3
1788859575.686,1,2,-306.190,251.364,7.998,109.333,-333.008,12.984,717.060,-78.784,41.216,1,,0,received,,408.220,30075d0c-d275-42d7-a070-3d125dba5b2d,1,2,0,3
1788859575.686,1,3,-306.190,251.364,7.998,330.643,228.789,17.954,637.311,-77.581,42.419,1,,0,received,,396.389,c0600a7c-b42a-4c60-9964-050793d7f840,1,3,0,3
1788859575.686,2,1,109.333,-333.008,12.984,-306.190,251.364,7.998,717.060,-78.784,41.216,1,,0,received,,401.283,257b5705-8c41-43e2-a006-5f8c96bf68b4,2,1,0,3
1788859575.686,2,3,109.333,-333.008,12.984,330.643,228.789,17.954,603.836,-77.030,42.970,1,,0,received,,405.196,5747c746-e8f5-47f6-be13-c67ca8bc0406,2,3,0,3
1788859575.686,3,1,330.643,228.789,17.954,-306.190,251.364,7.998,637.311,-77.581,42.419,1,,0,received,,409.217,7ea1152f-96fc-4a15-b319-0564f742db4b,3,1,0,3
1788859575.686,3,2,330.643,228.789,17.954,109.333,-333.008,12.984,603.836,-77.030,42.970,1,,0,received,,397.494,d382a0a6-be39-4c41-ab4d-bb7b869deea7,3,2,0,3
1788859576.714,1,2,-310.477,255.628,7.994,111.112,-337.572,12.979,727.769,-78.935,41.065,1,,0,dropped,channel_loss,401.047,342053ea-732d-46b1-848f-6bf1a28e665d,1,2,0,3
1788859576.714,1,3,-310.477,255.628,7.994,335.390,232.529,18.001,646.358,-77.725,42.275,1,,0,received,,399.529,342053ea-732d-46b1-848f-6bf1a28e665d,1,2,1,2
1788859576.714,3,2,335.390,232.529,18.001,111.112,-337.572,12.979,612.651,-77.178,42.822,1,,0,received,,398.210,342053ea-732d-46b1-848f-6bf1a28e665d,1,2,2,1
1788859576.714,1,3,-310.477,255.628,7.994,335.390,232.529,18.001,646.358,-77.725,42.275,1,,0,received,,407.261,05aa6076-2c43-4c84-bd1d-fc8db4864f48,1,3,0,3
1788859576.714,2,1,111.112,-337.572,12.979,-310.477,255.628,7.994,727.769,-78.935,41.065,1,,0,received,,406.131,9bb6625c-becf-4652-8786-41950c57062f,2,1,0,3
1788859576.715,2,3,111.112,-337.572,12.979,335.390,232.529,18.001,612.651,-77.178,42.822,1,,0,received,,405.896,236d45d8-010c-4908-a443-4702fcdf7f04,2,3,0,3
1788859576.715,3,1,335.390,232.529,18.001,-310.477,255.628,7.994,646.358,-77.725,42.275,1,,0,received,,399.514,5c75fe67-2f42-495c-8159-6727ffef587b,3,1,0,3
1788859576.715,3,2,335.390,232.529,18.001,111.112,-337.572,12.979,612.651,-77.178,42.822,1,,0,received,,410.241,38c7131f-b214-4e21-ba95-513a82041128,3,2,0,3
1788859577.738,1,2,-313.838,258.912,8.001,112.400,-341.011,12.970,735.943,-79.049,40.951,1,,0,received,,396.784,89fc655d-3d55-4a0b-bb28-dea3f9b068af,1,2,0,3
1788859577.738,1,3,-313.838,258.912,8.001,339.143,235.457,17.970,653.478,-77.836,42.164,1,,0,received,,409.222,c8870a4b-b2fb-4424-a66e-eb272b596203,1,3,0,3
1788859577.739,2,1,112.400,-341.011,12.970,-313.838,258.912,8.001,735.943,-79.049,40.951,1,,0,received,,406.430,6ffbd932-3378-4195-9dff-5ea45bb60822,2,1,0,3
1788859577.739,2,3,112.400,-341.011,12.970,339.143,235.457,17.970,619.478,-77.291,42.709,1,,0,received,,406.099,fb065396-34e0-4ff8-ae8d-9b430f4b05f0,2,3,0,3
1788859577.739,3,1,339.143,235.457,17.970,-313.838,258.912,8.001,653.478,-77.836,42.164,1,,0,received,,406.600,cf5c8ee4-343a-4d6e-b3df-97709b63db18,3,1,0,3
1788859577.740,3,2,339.143,235.457,17.970,112.400,-341.011,12.970,619.478,-77.291,42.709,1,,0,received,,401.708,bcde9de2-2b06-450c-bf43-9ae9a1e16c20,3,2,0,3
1788859578.766,1,2,-316.460,261.427,7.980,113.463,-343.839,12.977,742.433,-79.139,40.861,1,,0,received,,397.471,66ecf4d5-9bab-4932-8a01-0f59924165f7,1,2,0,3
1788859578.766,1,3,-316.460,261.427,7.980,342.074,237.883,17.955,659.031,-77.923,42.077,1,,0,received,,406.809,122404aa-4ae4-4361-9e28-7d045e7cb48a,1,3,0,3
1788859578.766,2,1,113.463,-343.839,12.977,-316.460,261.427,7.980,742.433,-79.139,40.861,1,,0,received,,405.354,ec036db8-e57c-4ea5-965d-75f0b2cd0ec2,2,1,0,3
1788859578.766,2,3,113.463,-343.839,12.977,342.074,237.883,17.955,625.051,-77.382,42.618,1,,0,received,,404.215,8813edcd-b3d0-4bcf-807b-5a53ad6c69b9,2,3,0,3
1788859578.766,3,1,342.074,237.883,17.955,-316.460,261.427,7.980,659.031,-77.923,42.077,1,,0,received,,404.282,11d9adf6-a99d-4e23-856d-bdf4d8739520,3,1,0,3
1788859578.767,3,2,342.074,237.883,17.955,113.463,-343.839,12.977,625.051,-77.382,42.618,1,,0,received,,404.394,ee8eb3c9-9fcc-48a5-af26-d3f290e7a712,3,2,0,3
1788859580.548,1,2,-318.081,262.952,7.980,114.209,-345.698,12.994,746.562,-79.195,40.805,1,,0,received,,409.612,de62d2b0-5f1e-4d19-b0b3-9db5293e86e5,1,2,0,3
1788859580.549,1,3,-318.081,262.952,7.980,343.935,239.531,17.998,662.506,-77.976,42.024,1,,0,received,,411.475,e29d5f12-293b-49f6-af9b-2a77b7fde823,1,3,0,3
1788859580.549,2,1,114.209,-345.698,12.994,-318.081,262.952,7.980,746.562,-79.195,40.805,1,,0,received,,406.713,9b7eaa49-8c61-479f-af8c-59bd2dbbccef,2,1,0,3
1788859580.549,2,3,114.209,-345.698,12.994,343.935,239.531,17.998,628.723,-77.442,42.558,1,,0,received,,402.037,92f64817-3ada-4e09-abcd-0640dade1bb8,2,3,0,3
1788859580.550,3,1,343.935,239.531,17.998,-318.081,262.952,7.980,662.506,-77.976,42.024,1,,0,received,,415.029,b15be5e7-238b-4863-bd8b-5dd727aa7d30,3,1,0,3
1788859580.550,3,2,343.935,239.531,17.998,114.209,-345.698,12.994,628.723,-77.442,42.558,1,,0,dropped,channel_loss,396.526,bb9746a5-4207-45ef-a924-effa4476cfee,3,2,0,3
1788859580.550,3,1,343.935,239.531,17.998,-318.081,262.952,7.980,662.506,-77.976,42.024,1,,0,dropped,channel_loss,395.781,bb9746a5-4207-45ef-a924-effa4476cfee,3,2,1,2
