timestamp,sender,receiver,sender_x,sender_y,sender_z,receiver_x,receiver_y,receiver_z,distance,RSSI,SNR,LOS,building_obstacles,terrain_blocked,packet_status,drop_reason,latency_ms,packet_id,source,destination,hop_count,TTL
1788859920.258,1,2,-15.000,-0.000,-0.013,-0.000,-0.000,-0.013,15.000,-39.317,80.683,1,,0,received,,395.644,368030a8-8ee8-42bc-af64-683fa80cd31f,1,2,0,3
1788859920.258,1,3,-15.000,-0.000,-0.013,15.000,-0.000,-0.013,30.000,-46.391,73.609,1,,0,received,,399.608,25e06b54-9df9-4193-b3a5-8a576bbf9e89,1,3,0,3
1788859920.259,2,1,-0.000,-0.000,-0.013,-15.000,-0.000,-0.013,15.000,-39.317,80.683,1,,0,received,,408.678,84686b09-4b94-45e6-9295-ed887edaed4d,2,1,0,3
1788859920.259,2,3,-0.000,-0.000,-0.013,15.000,-0.000,-0.013,15.000,-39.317,80.683,1,,0,received,,396.883,04ee9b5c-70e2-439d-869c-c97abd441ae3,2,3,0,3
1788859920.259,3,1,15.000,-0.000,-0.013,-15.000,-0.000,-0.013,30.000,-46.391,73.609,1,,0,received,,395.740,eff187a7-bfea-4fe9-be60-fccb65cdd7e2,3,1,0,3
1788859920.259,3,2,15.000,-0.000,-0.013,-0.000,-0.000,-0.013,15.000,-39.317,80.683,1,,0,received,,405.251,585752ee-a4c1-49ea-b2c3-e09df7d1df5c,3,2,0,3
1788859921.325,1,2,-15.000,-0.000,-0.013,-0.000,-0.000,-0.013,15.000,-39.317,80.683,1,,0,received,,399.121,9c0f8851-903d-4fe1-a09d-46c29b9627c4,1,2,0,3
1788859921.325,1,3,-15.000,-0.000,-0.013,15.000,-0.000,-0.013,30.000,-46.391,73.609,1,,0,received,,406.043,c6aa2d3f-52fa-475f-8cf6-ea0164275ec9,1,3,0,3
1788859921.325,2,1,-0.000,-0.000,-0.013,-15.000,-0.000,-0.013,15.000,-39.317,80.683,1,,0,received,,406.929,d2997122-3a7f-448f-b290-3cebc4cdda46,2,1,0,3
1788859921.325,2,3,-0.000,-0.000,-0.013,15.000,-0.000,-0.013,15.000,-39.317,80.683,1,,0,received,,395.274,22473a94-6d72-41b2-8535-4cba4d82b71b,2,3,0,3
1788859921.326,3,1,15.000,-0.000,-0.013,-15.000,-0.000,-0.013,30.000,-46.391,73.609,1,,0,received,,409.107,9b1d7ac8-7380-47e1-9be2-fab9838dbbc8,3,1,0,3
1788859921.326,3,2,15.000,-0.000,-0.013,-0.000,-0.000,-0.013,15.000,-39.317,80.683,1,,0,received,,398.254,2ec40138-11c1-47c1-b1c8-7c8f212ecf58,3,2,0,3
1788859922.439,1,2,-15.000,-0.000,-0.013,-0.000,-0.000,-0.013,15.000,-39.317,80.683,1,,0,dropped,channel_loss,401.876,062fbcb5-3df5-4d2a-8cd0-47e312d0a48e,1,2,0,3
1788859922.440,1,3,-15.000,-0.000,-0.013,15.000,-0.000,-0.013,30.000,-46.391,73.609,1,,0,received,,397.078,062fbcb5-3df5-4d2a-8cd0-47e312d0a48e,1,2,1,2
1788859922.440,3,2,15.000,-0.000,-0.013,-0.000,-0.000,-0.013,15.000,-39.317,80.683,1,,0,received,,407.219,062fbcb5-3df5-4d2a-8cd0-47e312d0a48e,1,2,2,1
1788859922.440,1,3,-15.000,-0.000,-0.013,15.000,-0.000,-0.013,30.000,-46.391,73.609,1,,0,received,,409.739,84d418e4-678c-4031-a9a1-60a9a4ca7648,1,3,0,3
1788859922.440,2,1,-0.000,-0.000,-0.013,-15.000,-0.000,-0.013,15.000,-39.317,80.683,1,,0,received,,414.606,bf6bea30-adb5-4837-8acf-df193817fa80,2,1,0,3
1788859922.440,2,3,-0.000,-0.000,-0.013,15.000,-0.000,-0.013,15.000,-39.317,80.683,1,,0,received,,406.185,13ff0c1a-d267-4cc9-a882-43e89c391035,2,3,0,3
1788859922.440,3,1,15.000,-0.000,-0.013,-15.000,-0.000,-0.013,30.000,-46.391,73.609,1,,0,received,,407.514,c64fc346-9a02-4d5e-8630-02220e379671,3,1,0,3
1788859922.441,3,2,15.000,-0.000,-0.013,-0.000,-0.000,-0.013,15.000,-39.317,80.683,1,,0,received,,406.691,a1c6c253-f5a0-4b78-af92-dc6345d9fd52,3,2,0,3
1788859923.464,1,2,-14.976,0.005,-0.055,-0.003,-0.006,-0.058,14.973,-39.298,80.702,1,,0,received,,396.061,ca7b68fb-bb9d-48ee-be33-b06c687a883b,1,2,0,3
1788859923.465,1,3,-14.976,0.005,-0.055,14.977,-0.018,0.032,29.953,-46.375,73.625,1,,0,received,,400.932,8e6404e3-6723-4d70-8bd5-52f21a0255be,1,3,0,3
1788859923.465,2,1,-0.003,-0.006,-0.058,-14.976,0.005,-0.055,14.973,-39.298,80.702,1,,0,received,,399.800,ce90a1c7-b4fa-4bb4-9076-e4b70d176420,2,1,0,3
1788859923.465,2,3,-0.003,-0.006,-0.058,14.977,-0.018,0.032,14.980,-39.303,80.697,1,,0,received,,400.704,d0112922-ee32-4086-b17e-3bc6cf00d51b,2,3,0,3
1788859923.465,3,1,14.977,-0.018,0.032,-14.976,0.005,-0.055,29.953,-46.375,73.625,1,,0,received,,402.441,445e17df-92fb-47cf-9bc4-40bf317c989d,3,1,0,3
1788859923.465,3,2,14.977,-0.018,0.032,-0.003,-0.006,-0.058,14.980,-39.303,80.697,1,,0,received,,399.334,2172b8f2-3014-4278-a5c2-1b4fbff27156,3,2,0,3
1788859924.501,1,2,-14.991,0.005,-0.048,-0.011,-0.006,-0.056,14.980,-39.303,80.697,1,,0,received,,413.877,d145b610-e6d4-4967-af6c-5857c1848cf2,1,2,0,3
1788859924.501,1,3,-14.991,0.005,-0.048,14.970,-0.006,0.048,29.960,-46.377,73.623,1,,0,received,,407.327,1c3e8c0e-41ac-4b03-9a38-cfbd5348cb57,1,3,0,3
1788859924.502,2,1,-0.011,-0.006,-0.056,-14.991,0.005,-0.048,14.980,-39.303,80.697,1,,0,received,,409.727,270b101e-24c4-4595-9410-15c5a4692594,2,1,0,3
1788859924.502,2,3,-0.011,-0.006,-0.056,14.970,-0.006,0.048,14.980,-39.303,80.697,1,,0,received,,402.733,786ec498-9db7-4a01-966e-a0f50538bd3c,2,3,0,3
1788859924.502,3,1,14.970,-0.006,0.048,-14.991,0.005,-0.048,29.960,-46.377,73.623,1,,0,dropped,channel_loss,407.944,81ac683e-635f-4c01-91ec-da85d41dd321,3,1,0,3
1788859924.502,3,2,14.970,-0.006,0.048,-0.011,-0.006,-0.056,14.980,-39.303,80.697,1,,0,received,,408.836,81ac683e-635f-4c01-91ec-da85d41dd321,3,1,1,2
1788859924.502,2,1,-0.011,-0.006,-0.056,-14.991,0.005,-0.048,14.980,-39.303,80.697,1,,0,received,,410.664,81ac683e-635f-4c01-91ec-da85d41dd321,3,1,2,1
1788859924.503,3,2,14.970,-0.006,0.048,-0.011,-0.006,-0.056,14.980,-39.303,80.697,1,,0,received,,395.786,451dadf7-fcfb-4d9c-a36e-57768f5d301d,3,2,0,3
1788859925.544,1,2,-14.991,0.005,-0.046,-0.011,-0.006,-0.058,14.980,-39.303,80.697,1,,0,received,,400.499,6d48049b-b0ac-4f74-9358-420937a72721,1,2,0,3
1788859925.544,1,3,-14.991,0.005,-0.046,14.962,-0.006,0.056,29.953,-46.375,73.625,1,,0,received,,414.002,2bfb4a56-220c-4061-a01f-c9b92a69fe8d,1,3,0,3
1788859925.545,2,1,-0.011,-0.006,-0.058,-14.991,0.005,-0.046,14.980,-39.303,80.697,1,,0,received,,401.438,d489f451-748d-4bfb-9e3b-5267304eb007,2,1,0,3
1788859925.545,2,3,-0.011,-0.006,-0.058,14.962,-0.006,0.056,14.973,-39.298,80.702,1,,0,received,,403.057,46d223cc-e366-41d5-85ae-97e53a4013e1,2,3,0,3
1788859925.545,3,1,14.962,-0.006,0.056,-14.991,0.005,-0.046,29.953,-46.375,73.625,1,,0,received,,404.321,68123271-aa86-4a50-bf43-1920ac7c0c2c,3,1,0,3
1788859925.546,3,2,14.962,-0.006,0.056,-0.011,-0.006,-0.058,14.973,-39.298,80.702,1,,0,received,,400.077,0d0915ba-d909-409b-ac0a-c4884134177f,3,2,0,3
1788859926.546,1,2,-14.991,-0.006,-0.045,-0.003,-0.006,-0.063,14.988,-39.308,80.692,1,,0,received,,400.399,09820cd0-9173-420a-9c2d-1b5c9e7d09cc,1,2,0,3
1788859926.547,1,3,-14.991,-0.006,-0.045,14.962,-0.029,0.034,29.953,-46.375,73.625,1,,0,received,,413.101,53f50703-6c6a-4288-af4f-5db153cfde75,1,3,0,3
1788859926.547,2,1,-0.003,-0.006,-0.063,-14.991,-0.006,-0.045,14.988,-39.308,80.692,1,,0,received,,399.530,75cdd7f5-4d1c-4873-b54a-4c0a9307ea23,2,1,0,3
1788859926.547,2,3,-0.003,-0.006,-0.063,14.962,-0.029,0.034,14.965,-39.293,80.707,1,,0,dropped,channel_loss,405.335,ccdd11f1-2ff1-4955-b956-6ddcd0a7ed4a,2,3,0,3
1788859926.547,2,1,-0.003,-0.006,-0.063,-14.991,-0.006,-0.045,14.988,-39.308,80.692,1,,0,received,,396.086,ccdd11f1-2ff1-4955-b956-6ddcd0a7ed4a,2,3,1,2
1788859926.547,1,3,-14.991,-0.006,-0.045,14.962,-0.029,0.034,29.953,-46.375,73.625,1,,0,received,,407.693,ccdd11f1-2ff1-4955-b956-6ddcd0a7ed4a,2,3,2,1
1788859926.548,3,1,14.962,-0.029,0.034,-14.991,-0.006,-0.045,29.953,-46.375,73.625,1,,0,received,,403.587,1c429313-478c-4faa-8eb0-c4b7cd12c368,3,1,0,3
1788859926.548,3,2,14.962,-0.029,0.034,-0.003,-0.006,-0.063,14.965,-39.293,80.707,1,,0,received,,402.776,010759f6-c7f8-4898-ab46-db8e4d4e1ec9,3,2,0,3
1788859927.579,1,2,-14.983,0.005,-0.043,-0.003,0.005,-0.066,14.980,-39.303,80.697,1,,0,dropped,channel_loss,405.726,b0a8b46b-c8fa-4b35-a8ae-eeddb6df8a81,1,2,0,3
1788859927.579,1,3,-14.983,0.005,-0.043,14.962,-0.040,0.064,29.945,-46.372,73.628,1,,0,dropped,channel_loss,412.360,b0a8b46b-c8fa-4b35-a8ae-eeddb6df8a81,1,2,1,2
1788859927.580,1,3,-14.983,0.005,-0.043,14.962,-0.040,0.064,29.945,-46.372,73.628,1,,0,received,,409.559,827751f9-8692-47b9-8484-772a59dbdc12,1,3,0,3
1788859927.580,2,1,-0.003,0.005,-0.066,-14.983,0.005,-0.043,14.980,-39.303,80.697,1,,0,received,,405.883,be27c8d9-e455-41aa-b425-409764fa7c8d,2,1,0,3
1788859927.580,2,3,-0.003,0.005,-0.066,14.962,-0.040,0.064,14.966,-39.293,80.707,1,,0,received,,407.963,fb0d508f-a4d2-4e97-bfa4-fecbcea9ad66,2,3,0,3
1788859927.580,3,1,14.962,-0.040,0.064,-14.983,0.005,-0.043,29.945,-46.372,73.628,1,,0,received,,403.839,49561d65-1fad-48c6-bf70-721c1d2eec1e,3,1,0,3
1788859927.580,3,2,14.962,-0.040,0.064,-0.003,0.005,-0.066,14.966,-39.293,80.707,1,,0,received,,414.220,634d9d7b-95f9-4400-b259-a3695feaedb9,3,2,0,3
1788859928.668,1,2,-15.000,-0.000,-0.013,-0.000,-0.000,-0.013,15.000,-39.317,80.683,1,,0,received,,400.412,08076ad6-fedc-44ab-8385-d358b980c08e,1,2,0,3
1788859928.668,1,3,-15.000,-0.000,-0.013,15.000,-0.000,-0.013,30.000,-46.391,73.609,1,,0,received,,398.717,28a72772-a718-4f77-b51d-a0dc4366c603,1,3,0,3
1788859928.669,2,1,-0.000,-0.000,-0.013,-15.000,-0.000,-0.013,15.000,-39.317,80.683,1,,0,received,,412.554,1ab8e267-42b4-48a2-88df-b93fae3f8881,2,1,0,3
1788859928.669,2,3,-0.000,-0.000,-0.013,15.000,-0.000,-0.013,15.000,-39.317,80.683,1,,0,received,,407.923,be130696-d958-4500-99b0-6f87088e0efc,2,3,0,3
1788859928.670,3,1,15.000,-0.000,-0.013,-15.000,-0.000,-0.013,30.000,-46.391,73.609,1,,0,received,,398.201,6dfc40f5-d21b-4fc3-9633-f4d659419797,3,1,0,3
1788859928.670,3,2,15.000,-0.000,-0.013,-0.000,-0.000,-0.013,15.000,-39.317,80.683,1,,0,received,,405.932,d5961710-60fe-4741-b247-d4c2d46a7131,3,2,0,3
1788859929.689,1,2,-14.983,-0.006,-0.042,-0.003,-0.006,-0.057,14.980,-39.303,80.697,1,,0,received,,405.751,1ca5c45d-9959-4d62-bdb7-070195ff12b8,1,2,0,3
1788859929.689,1,3,-14.983,-0.006,-0.042,14.970,-0.018,0.057,29.953,-46.375,73.625,1,,0,received,,401.627,eec147ad-33cd-4671-bed7-74ab5b83933c,1,3,0,3
1788859929.690,2,1,-0.003,-0.006,-0.057,-14.983,-0.006,-0.042,14.980,-39.303,80.697,1,,0,received,,413.726,92d5362c-7126-4470-94c5-dc23528d3e4c,2,1,0,3
1788859929.690,2,3,-0.003,-0.006,-0.057,14.970,-0.018,0.057,14.973,-39.298,80.702,1,,0,received,,411.777,3e7563c3-6d8f-4fc8-9678-4c83d9de55ac,2,3,0,3
1788859929.690,3,1,14.970,-0.018,0.057,-14.983,-0.006,-0.042,29.953,-46.375,73.625,1,,0,received,,396.303,d59673be-697c-4ed2-b821-1264994d44f6,3,1,0,3
1788859929.690,3,2,14.970,-0.018,0.057,-0.003,-0.006,-0.057,14.973,-39.298,80.702,1,,0,received,,414.083,6c740b33-a99f-4498-b540-d488b41f71cc,3,2,0,3
1788859930.690,1,2,-14.983,-0.006,0.021,-0.003,-0.018,0.007,14.980,-39.303,80.697,1,,0,received,,404.864,90b66c1e-284d-4168-9ddc-e4fcdf517cce,1,2,0,3
1788859930.690,1,3,-14.983,-0.006,0.021,14.977,-0.029,0.019,29.960,-46.377,73.623,1,,0,received,,410.356,984142fb-670f-488b-8f52-8391d4f038be,1,3,0,3
1788859930.690,2,1,-0.003,-0.018,0.007,-14.983,-0.006,0.021,14.980,-39.303,80.697,1,,0,received,,397.712,3ce9a33b-fce4-4b32-a371-680e77d5e9ef,2,1,0,3
1788859930.691,2,3,-0.003,-0.018,0.007,14.977,-0.029,0.019,14.980,-39.303,80.697,1,,0,received,,406.140,6211a35c-0310-459c-b6a0-0b647639f4dd,2,3,0,3
1788859930.691,3,1,14.977,-0.029,0.019,-14.983,-0.006,0.021,29.960,-46.377,73.623,1,,0,received,,412.593,ab8f1e5b-dd23-47cd-aa26-df7b65154e64,3,1,0,3
1788859930.691,3,2,14.977,-0.029,0.019,-0.003,-0.018,0.007,14.980,-39.303,80.697,1,,0,received,,399.380,8b6063af-eb58-4dd8-b88a-1c4a19330659,3,2,0,3
1788859931.722,1,2,-14.983,-0.018,-0.035,-0.003,-0.029,-0.042,14.980,-39.303,80.697,1,,0,received,,409.743,d0257c2d-0b44-4a38-8627-5dfa27741919,1,2,0,3
1788859931.722,1,3,-14.983,-0.018,-0.035,14.985,-0.029,0.035,29.968,-46.380,73.620,1,,0,received,,401.378,2d81face-ec84-4074-b2ec-5add4461fb3a,1,3,0,3
1788859931.722,2,1,-0.003,-0.029,-0.042,-14.983,-0.018,-0.035,14.980,-39.303,80.697,1,,0,dropped,channel_loss,408.142,9828f483-11fe-45bb-8d87-2279a898780c,2,1,0,3
1788859931.723,2,3,-0.003,-0.029,-0.042,14.985,-0.029,0.035,14.988,-39.308,80.692,1,,0,received,,405.496,9828f483-11fe-45bb-8d87-2279a898780c,2,1,1,2
1788859931.723,3,1,14.985,-0.029,0.035,-14.983,-0.018,-0.035,29.968,-46.380,73.620,1,,0,received,,399.638,9828f483-11fe-45bb-8d87-2279a898780c,2,1,2,1
1788859931.723,2,3,-0.003,-0.029,-0.042,14.985,-0.029,0.035,14.988,-39.308,80.692,1,,0,received,,406.910,e9af02b3-3a69-4c02-adce-4f811c81a971,2,3,0,3
1788859931.723,3,1,14.985,-0.029,0.035,-14.983,-0.018,-0.035,29.968,-46.380,73.620,1,,0,received,,399.548,23a9f3ea-b77d-4c74-bfc9-c94d1c11f95b,3,1,0,3
1788859931.723,3,2,14.985,-0.029,0.035,-0.003,-0.029,-0.042,14.988,-39.308,80.692,1,,0,received,,407.766,fafa3d50-ed68-45ff-9b86-a0a411466e3d,3,2,0,3
1788859932.727,1,2,-14.983,-0.006,-0.032,-0.003,-0.029,-0.047,14.980,-39.303,80.697,1,,0,received,,413.252,74370f0a-2ae7-41a3-ab14-206446b99e2d,1,2,0,3
1788859932.727,1,3,-14.983,-0.006,-0.032,14.985,-0.040,0.033,29.968,-46.380,73.620,1,,0,received,,396.561,9fe3e88a-c160-4a7f-ae64-3dbfda005711,1,3,0,3
1788859932.727,2,1,-0.003,-0.029,-0.047,-14.983,-0.006,-0.032,14.980,-39.303,80.697,1,,0,received,,408.524,830bd398-f7e8-4900-9d20-ea196b2c8cc4,2,1,0,3
1788859932.727,2,3,-0.003,-0.029,-0.047,14.985,-0.040,0.033,14.988,-39.308,80.692,1,,0,received,,397.790,97867cc2-48ad-4278-998d-cfbb94c1f65e,2,3,0,3
1788859932.727,3,1,14.985,-0.040,0.033,-14.983,-0.006,-0.032,29.968,-46.380,73.620,1,,0,dropped,channel_loss,406.565,241e9a46-5afb-4b16-956c-c1d4554fe353,3,1,0,3
1788859932.727,3,2,14.985,-0.040,0.033,-0.003,-0.029,-0.047,14.988,-39.308,80.692,1,,0,received,,410.836,241e9a46-5afb-4b16-956c-c1d4554fe353,3,1,1,2
1788859932.728,2,1,-0.003,-0.029,-0.047,-14.983,-0.006,-0.032,14.980,-39.303,80.697,1,,0,received,,398.952,241e9a46-5afb-4b16-956c-c1d4554fe353,3,1,2,1
1788859932.728,3,2,14.985,-0.040,0.033,-0.003,-0.029,-0.047,14.988,-39.308,80.692,1,,0,received,,403.765,527c2ef9-5c71-4e0c-82e5-e59472c7ca75,3,2,0,3
1788859933.771,1,2,-14.983,-0.006,0.019,0.005,-0.029,-0.002,14.988,-39.308,80.692,1,,0,received,,404.485,d28ea672-0193-4681-bcad-a58a99722e83,1,2,0,3
1788859933.771,1,3,-14.983,-0.006,0.019,14.977,-0.040,0.003,29.960,-46.377,73.623,1,,0,received,,408.611,e73fdec0-cd8c-4e9c-bd3e-e3597e585d27,1,3,0,3
1788859933.771,2,1,0.005,-0.029,-0.002,-14.983,-0.006,0.019,14.988,-39.308,80.692,1,,0,dropped,channel_loss,397.112,7cd574ee-79c8-4f1d-860d-1fa55c1bd24c,2,1,0,3
1788859933.771,2,3,0.005,-0.029,-0.002,14.977,-0.040,0.003,14.973,-39.298,80.702,1,,0,received,,401.930,7cd574ee-79c8-4f1d-860d-1fa55c1bd24c,2,1,1,2
1788859933.772,3,1,14.977,-0.040,0.003,-14.983,-0.006,0.019,29.960,-46.377,73.623,1,,0,received,,400.117,7cd574ee-79c8-4f1d-860d-1fa55c1bd24c,2,1,2,1
1788859933.772,2,3,0.005,-0.029,-0.002,14.977,-0.040,0.003,14.973,-39.298,80.702,1,,0,received,,404.116,b8bc2fd1-0e52-4609-9524-b2bc205255ad,2,3,0,3
1788859933.772,3,1,14.977,-0.040,0.003,-14.983,-0.006,0.019,29.960,-46.377,73.623,1,,0,received,,400.715,fe1f7d14-5a23-418f-bce1-0b47e84dd2ac,3,1,0,3
1788859933.772,3,2,14.977,-0.040,0.003,0.005,-0.029,-0.002,14.973,-39.298,80.702,1,,0,received,,413.609,2fae64b8-5fb0-49b2-977e-44785ab1dc99,3,2,0,3
1788859934.819,1,2,-14.976,-0.006,0.015,0.005,-0.029,-0.060,14.980,-39.303,80.697,1,,0,received,,412.371,89323239-fce5-4336-94c3-5608dffb028d,1,2,0,3
1788859934.819,1,3,-14.976,-0.006,0.015,14.970,-0.040,0.001,29.945,-46.372,73.628,1,,0,received,,396.156,c4374604-f65d-4d28-8d6a-b9c7f4a65c94,1,3,0,3
1788859934.820,2,1,0.005,-0.029,-0.060,-14.976,-0.006,0.015,14.980,-39.303,80.697,1,,0,dropped,channel_loss,411.865,bcc8781c-6620-4be2-b40a-161ad764723f,2,1,0,3
1788859934.820,2,3,0.005,-0.029,-0.060,14.970,-0.040,0.001,14.965,-39.293,80.707,1,,0,dropped,channel_loss,413.671,bcc8781c-6620-4be2-b40a-161ad764723f,2,1,1,2
1788859934.820,2,3,0.005,-0.029,-0.060,14.970,-0.040,0.001,14.965,-39.293,80.707,1,,0,received,,398.470,afbf0d3e-0495-4311-a3cf-208ca73bcc7e,2,3,0,3
1788859934.821,3,1,14.970,-0.040,0.001,-14.976,-0.006,0.015,29.945,-46.372,73.628,1,,0,received,,399.419,8adb9489-c5a2-49f6-8cdb-dbe9d4eb97d8,3,1,0,3
1788859934.821,3,2,14.970,-0.040,0.001,0.005,-0.029,-0.060,14.965,-39.293,80.707,1,,0,received,,396.317,c545ff44-573a-4f8e-a342-8b441c49d2a1,3,2,0,3
1788859935.851,1,2,-14.976,-0.006,0.012,0.005,-0.029,-0.062,14.980,-39.303,80.697,1,,0,received,,414.850,c45db8f2-162f-42d5-afad-892e9f262c99,1,2,0,3
1788859935.851,1,3,-14.976,-0.006,0.012,14.962,-0.040,-0.005,29.938,-46.369,73.631,1,,0,received,,410.826,6a8d8b6a-ef04-407a-9d6e-ff1fe4c52135,1,3,0,3
1788859935.851,2,1,0.005,-0.029,-0.062,-14.976,-0.006,0.012,14.980,-39.303,80.697,1,,0,received,,403.604,3d1c4437-c763-4e8c-9bb5-9290e4bf54ec,2,1,0,3
1788859935.851,2,3,0.005,-0.029,-0.062,14.962,-0.040,-0.005,14.958,-39.288,80.712,1,,0,dropped,channel_loss,415.053,f09ec295-d9b7-4405-aadb-9936a01e6da6,2,3,0,3
1788859935.851,2,1,0.005,-0.029,-0.062,-14.976,-0.006,0.012,14.980,-39.303,80.697,1,,0,received,,409.512,f09ec295-d9b7-4405-aadb-9936a01e6da6,2,3,1,2
1788859935.852,1,3,-14.976,-0.006,0.012,14.962,-0.040,-0.005,29.938,-46.369,73.631,1,,0,received,,401.078,f09ec295-d9b7-4405-aadb-9936a01e6da6,2,3,2,1
1788859935.852,3,1,14.962,-0.040,-0.005,-14.976,-0.006,0.012,29.938,-46.369,73.631,1,,0,dropped,channel_loss,406.728,d297c5fc-bf19-4f70-8bd6-1c0556f22b17,3,1,0,3
1788859935.852,3,2,14.962,-0.040,-0.005,0.005,-0.029,-0.062,14.958,-39.288,80.712,1,,0,received,,410.104,d297c5fc-bf19-4f70-8bd6-1c0556f22b17,3,1,1,2
1788859935.852,2,1,0.005,-0.029,-0.062,-14.976,-0.006,0.012,14.980,-39.303,80.697,1,,0,received,,406.828,d297c5fc-bf19-4f70-8bd6-1c0556f22b17,3,1,2,1
1788859935.852,3,2,14.962,-0.040,-0.005,0.005,-0.029,-0.062,14.958,-39.288,80.712,1,,0,received,,412.198,cfbf7cb2-5238-4b6c-9c3e-89fc13abdc67,3,2,0,3
1788859936.904,1,2,-14.968,-0.006,0.004,0.005,-0.029,-0.013,14.973,-39.298,80.702,1,,0,received,,414.360,898e58f1-f27b-4e61-8de8-0845d40feae7,1,2,0,3
1788859936.904,1,3,-14.968,-0.006,0.004,14.954,-0.029,-0.010,29.922,-46.364,73.636,1,,0,received,,398.861,cbdc1708-3e08-4239-8f64-015427893f99,1,3,0,3
1788859936.904,2,1,0.005,-0.029,-0.013,-14.968,-0.006,0.004,14.973,-39.298,80.702,1,,0,received,,408.648,5356ed64-3232-4991-b49c-f1695616d52a,2,1,0,3
1788859936.904,2,3,0.005,-0.029,-0.013,14.954,-0.029,-0.010,14.950,-39.282,80.718,1,,0,received,,397.542,9f15e4c3-1960-4e68-9859-c8e8c35ecc2e,2,3,0,3
1788859936.904,3,1,14.954,-0.029,-0.010,-14.968,-0.006,0.004,29.922,-46.364,73.636,1,,0,received,,400.068,14895931-149a-440c-a900-a94bbd9aee79,3,1,0,3
1788859936.904,3,2,14.954,-0.029,-0.010,0.005,-0.029,-0.013,14.950,-39.282,80.718,1,,0,received,,407.532,93136bd3-5fd2-4c77-b619-024600ffc8b4,3,2,0,3
1788859937.946,1,2,-14.968,-0.006,0.002,0.012,-0.029,-0.067,14.980,-39.303,80.697,1,,0,received,,406.817,f4fbe1cd-16ee-4e4c-929f-5c256730ba76,1,2,0,3
1788859937.946,1,3,-14.968,-0.006,0.002,14.954,-0.018,-0.013,29.922,-46.364,73.636,1,,0,received,,413.838,dce89808-e4c8-440f-ac96-ad497a65c175,1,3,0,3
1788859937.946,2,1,0.012,-0.029,-0.067,-14.968,-0.006,0.002,14.980,-39.303,80.697,1,,0,received,,409.468,5fa3fe48-69b3-4275-9943-131a84f9ed1d,2,1,0,3
1788859937.947,2,3,0.012,-0.029,-0.067,14.954,-0.018,-0.013,14.942,-39.277,80.723,1,,0,received,,403.060,73608365-d24e-4bba-a1c4-e2a885ed4c85,2,3,0,3
1788859937.947,3,1,14.954,-0.018,-0.013,-14.968,-0.006,0.002,29.922,-46.364,73.636,1,,0,received,,401.144,70116b37-4f56-4e74-aad5-a26fbd0309fa,3,1,0,3
1788859937.947,3,2,14.954,-0.018,-0.013,0.012,-0.029,-0.067,14.942,-39.277,80.723,1,,0,received,,410.181,2143d700-a1d5-48b0-8d9f-8b854e6f467d,3,2,0,3
1788859938.968,1,2,-14.960,-0.018,0.002,0.020,-0.029,-0.073,14.980,-39.303,80.697,1,,0,received,,404.310,23aad26c-ee6b-4999-bc4c-4cbdc32fc7c0,1,2,0,3
1788859938.968,1,3,-14.960,-0.018,0.002,14.962,-0.018,-0.012,29.922,-46.364,73.636,1,,0,dropped,channel_loss,415.066,011088a9-d121-4a64-b0d8-46f739a0759e,1,3,0,3
1788859938.968,1,2,-14.960,-0.018,0.002,0.020,-0.029,-0.073,14.980,-39.303,80.697,1,,0,received,,399.407,011088a9-d121-4a64-b0d8-46f739a0759e,1,3,1,2
1788859938.969,2,3,0.020,-0.029,-0.073,14.962,-0.018,-0.012,14.943,-39.277,80.723,1,,0,received,,413.809,011088a9-d121-4a64-b0d8-46f739a0759e,1,3,2,1
1788859938.969,2,1,0.020,-0.029,-0.073,-14.960,-0.018,0.002,14.980,-39.303,80.697,1,,0,received,,412.729,f79702c7-2378-4eda-9f5a-6c30a3eb1b18,2,1,0,3
1788859938.969,2,3,0.020,-0.029,-0.073,14.962,-0.018,-0.012,14.943,-39.277,80.723,1,,0,received,,398.299,9c033fa2-97f6-440e-923a-584a7bb8c2d6,2,3,0,3
1788859938.969,3,1,14.962,-0.018,-0.012,-14.960,-0.018,0.002,29.922,-46.364,73.636,1,,0,received,,409.215,e2df5f56-9990-40f5-ac57-61dcb89eaa1e,3,1,0,3
1788859938.969,3,2,14.962,-0.018,-0.012,0.020,-0.029,-0.073,14.943,-39.277,80.723,1,,0,received,,414.889,779ca4dc-eb53-42e7-bf66-41fdd0de9600,3,2,0,3
1788859940.020,1,2,-14.960,-0.018,0.006,0.020,-0.018,-0.081,14.980,-39.303,80.697,1,,0,received,,395.301,9dc83804-f230-4f5b-b181-f843ab7d67df,1,2,0,3
1788859940.020,1,3,-14.960,-0.018,0.006,14.962,-0.018,-0.015,29.922,-46.364,73.636,1,,0,received,,401.132,6bb66611-dbea-49ec-b966-14e27e65d607,1,3,0,3
1788859940.020,2,1,0.020,-0.018,-0.081,-14.960,-0.018,0.006,14.980,-39.303,80.697,1,,0,received,,413.923,e5a7601f-7673-4d51-833d-ba24dcae40ae,2,1,0,3
1788859940.020,2,3,0.020,-0.018,-0.081,14.962,-0.018,-0.015,14.943,-39.277,80.723,1,,0,received,,397.453,115315f6-7b8c-4700-be44-da325cc92c95,2,3,0,3
1788859940.020,3,1,14.962,-0.018,-0.015,-14.960,-0.018,0.006,29.922,-46.364,73.636,1,,0,received,,406.209,8d142f18-8d9d-44f1-a784-0033e0486969,3,1,0,3
1788859940.020,3,2,14.962,-0.018,-0.015,0.020,-0.018,-0.081,14.943,-39.277,80.723,1,,0,received,,407.241,2978665e-4ebd-4632-83be-10cbc327b9a5,3,2,0,3
1788859941.075,1,2,-14.960,-0.018,-0.050,0.012,-0.006,-0.084,14.973,-39.298,80.702,1,,0,received,,399.216,3f2c38f3-a7d8-4b9f-af94-3865bbc6d30f,1,2,0,3
1788859941.075,1,3,-14.960,-0.018,-0.050,14.962,-0.029,0.013,29.923,-46.364,73.636,1,,0,received,,400.424,5d29b418-661f-4ce3-9f7c-ffabfe4f907d,1,3,0,3
1788859941.075,2,1,0.012,-0.006,-0.084,-14.960,-0.018,-0.050,14.973,-39.298,80.702,1,,0,received,,413.251,03d6852b-7951-4e1a-b580-c830519bcda4,2,1,0,3
1788859941.076,2,3,0.012,-0.006,-0.084,14.962,-0.029,0.013,14.950,-39.283,80.717,1,,0,received,,396.990,480d40f8-77a8-470b-94a3-ba86a067d062,2,3,0,3
1788859941.076,3,1,14.962,-0.029,0.013,-14.960,-0.018,-0.050,29.923,-46.364,73.636,1,,0,received,,400.678,0b58d179-d3df-4a2a-ac2e-508dfea5539d,3,1,0,3
1788859941.076,3,2,14.962,-0.029,0.013,0.012,-0.006,-0.084,14.950,-39.283,80.717,1,,0,received,,410.566,6030fd38-5b69-40f9-a9a6-c79e809089b0,3,2,0,3
1788859942.122,1,2,-14.953,-0.018,-0.003,0.005,0.005,-0.033,14.957,-39.288,80.712,1,,0,received,,400.383,acd77605-2d60-4340-8553-335bc22a09b2,1,2,0,3
1788859942.122,1,3,-14.953,-0.018,-0.003,14.954,-0.029,-0.014,29.907,-46.359,73.641,1,,0,received,,406.178,40da0261-aa4d-4067-8463-4b6fa8d43b31,1,3,0,3
1788859942.122,2,1,0.005,0.005,-0.033,-14.953,-0.018,-0.003,14.957,-39.288,80.712,1,,0,received,,395.337,1d32ef6b-3e00-4385-837d-4803dfa89f89,2,1,0,3
1788859942.122,2,3,0.005,0.005,-0.033,14.954,-0.029,-0.014,14.950,-39.282,80.718,1,,0,received,,412.806,66aed346-ba21-4b09-94ad-b9ac7f5165ab,2,3,0,3
1788859942.122,3,1,14.954,-0.029,-0.014,-14.953,-0.018,-0.003,29.907,-46.359,73.641,1,,0,received,,406.056,ee4d58ee-782e-4c1e-8fc1-cf6adcb2d428,3,1,0,3
1788859942.123,3,2,14.954,-0.029,-0.014,0.005,0.005,-0.033,14.950,-39.282,80.718,1,,0,received,,406.794,c701f8b3-662d-41b4-9a32-77c8c5dff69c,3,2,0,3
1788859943.168,1,2,-14.945,-0.018,-0.061,0.012,0.005,-0.085,14.957,-39.288,80.712,1,,0,received,,397.693,063b50a2-32cc-468c-9bcd-1259fabc43ea,1,2,0,3
1788859943.168,1,3,-14.945,-0.018,-0.061,14.954,-0.018,0.013,29.900,-46.357,73.643,1,,0,received,,413.124,75f2c1d3-fb42-44a1-ae0e-85c7087f62c4,1,3,0,3
1788859943.169,2,1,0.012,0.005,-0.085,-14.945,-0.018,-0.061,14.957,-39.288,80.712,1,,0,received,,412.358,527d5848-3c39-466b-958f-54b5009727fc,2,1,0,3
1788859943.169,2,3,0.012,0.005,-0.085,14.954,-0.018,0.013,14.943,-39.278,80.722,1,,0,received,,399.346,b0bdbfd0-20d9-456e-9d02-725a50f54fa6,2,3,0,3
1788859943.169,3,1,14.954,-0.018,0.013,-14.945,-0.018,-0.061,29.900,-46.357,73.643,1,,0,received,,397.200,0c857c85-42b7-4d0a-ac5b-cb06b649a501,3,1,0,3
1788859943.169,3,2,14.954,-0.018,0.013,0.012,0.005,-0.085,14.943,-39.278,80.722,1,,0,received,,412.827,2f5a6407-ca83-4464-9232-0601615bd92b,3,2,0,3
1788859944.171,1,2,-14.945,-0.018,-0.060,0.012,0.005,-0.081,14.957,-39.288,80.712,1,,0,received,,407.557,ce61c19f-709b-439f-8198-dca27c9e7f0e,1,2,0,3
1788859944.171,1,3,-14.945,-0.018,-0.060,14.962,-0.018,0.000,29.907,-46.359,73.641,1,,0,received,,413.742,a45f335e-b7d8-4bf7-9293-6187795c03bc,1,3,0,3
1788859944.171,2,1,0.012,0.005,-0.081,-14.945,-0.018,-0.060,14.957,-39.288,80.712,1,,0,received,,414.668,a2f9c3ba-04f2-47da-8963-865d2fd51102,2,1,0,3
1788859944.171,2,3,0.012,0.005,-0.081,14.962,-0.018,0.000,14.950,-39.283,80.717,1,,0,received,,412.772,b7f23f77-cd89-4f08-8ef3-b311a1863415,2,3,0,3
1788859944.171,3,1,14.962,-0.018,0.000,-14.945,-0.018,-0.060,29.907,-46.359,73.641,1,,0,received,,409.875,74911389-2815-400c-9e68-9e42445726ff,3,1,0,3
1788859944.172,3,2,14.962,-0.018,0.000,0.012,0.005,-0.081,14.950,-39.283,80.717,1,,0,received,,413.760,20a99cd6-dc2a-4f2c-a19d-5fdd14848147,3,2,0,3
1788859945.213,1,2,-14.945,-0.006,-0.055,0.012,-0.006,-0.080,14.957,-39.288,80.712,1,,0,received,,412.425,38545563-c4fb-4e9d-a02a-b4468c093f58,1,2,0,3
1788859945.214,1,3,-14.945,-0.006,-0.055,14.970,-0.018,-0.008,29.915,-46.362,73.638,1,,0,received,,400.480,31ee91dc-0b60-4ba6-87d8-8de796e2cf4a,1,3,0,3
1788859945.214,2,1,0.012,-0.006,-0.080,-14.945,-0.006,-0.055,14.957,-39.288,80.712,1,,0,received,,397.306,a009db49-2c18-4b8f-90df-3c368878e451,2,1,0,3
1788859945.214,2,3,0.012,-0.006,-0.080,14.970,-0.018,-0.008,14.958,-39.288,80.712,1,,0,received,,412.316,cb098ea7-d18f-4246-9f8b-86494edb5bd8,2,3,0,3
1788859945.214,3,1,14.970,-0.018,-0.008,-14.945,-0.006,-0.055,29.915,-46.362,73.638,1,,0,received,,411.476,c515aea8-d164-44fa-a9f9-577254e45951,3,1,0,3
1788859945.215,3,2,14.970,-0.018,-0.008,0.012,-0.006,-0.080,14.958,-39.288,80.712,1,,0,received,,401.248,21d4da2d-889e-43fc-8d4c-1735b6fc7a39,3,2,0,3
1788859946.259,1,2,-14.938,0.005,0.003,0.020,-0.006,0.006,14.957,-39.288,80.712,1,,0,received,,399.696,8e12aaa4-bd4e-4f84-b6b5-67c8841aa8e3,1,2,0,3
1788859946.259,1,3,-14.938,0.005,0.003,14.977,-0.029,-0.030,29.915,-46.362,73.638,1,,0,received,,399.007,7844df1c-0e47-42d5-874d-f5151f3d7df2,1,3,0,3
1788859946.259,2,1,0.020,-0.006,0.006,-14.938,0.005,0.003,14.957,-39.288,80.712,1,,0,received,,412.431,c421e372-e7b9-48dd-8d1e-246c9d7e2446,2,1,0,3
1788859946.260,2,3,0.020,-0.006,0.006,14.977,-0.029,-0.030,14.958,-39.288,80.712,1,,0,dropped,channel_loss,400.727,f74f5078-971e-40b5-89cd-cc4f9194d570,2,3,0,3
1788859946.260,2,1,0.020,-0.006,0.006,-14.938,0.005,0.003,14.957,-39.288,80.712,1,,0,received,,403.138,f74f5078-971e-40b5-89cd-cc4f9194d570,2,3,1,2
1788859946.260,1,3,-14.938,0.005,0.003,14.977,-0.029,-0.030,29.915,-46.362,73.638,1,,0,dropped,channel_loss,405.868,f74f5078-971e-40b5-89cd-cc4f9194d570,2,3,2,1
1788859946.260,3,1,14.977,-0.029,-0.030,-14.938,0.005,0.003,29.915,-46.362,73.638,1,,0,dropped,channel_loss,397.451,06305675-cce0-4815-aeb6-979dafc17427,3,1,0,3
1788859946.260,3,2,14.977,-0.029,-0.030,0.020,-0.006,0.006,14.958,-39.288,80.712,1,,0,dropped,channel_loss,398.715,06305675-cce0-4815-aeb6-979dafc17427,3,1,1,2
1788859946.260,3,2,14.977,-0.029,-0.030,0.020,-0.006,0.006,14.958,-39.288,80.712,1,,0,dropped,channel_loss,400.453,bd6ac8a9-2215-4daf-842a-b9c515f9199d,3,2,0,3
1788859946.261,3,1,14.977,-0.029,-0.030,-14.938,0.005,0.003,29.915,-46.362,73.638,1,,0,received,,403.835,bd6ac8a9-2215-4daf-842a-b9c515f9199d,3,2,1,2
1788859946.263,1,2,-14.938,0.005,0.003,0.020,-0.006,0.006,14.957,-39.288,80.712,1,,0,received,,401.418,bd6ac8a9-2215-4daf-842a-b9c515f9199d,3,2,2,1
1788859947.298,1,2,-14.938,0.005,-0.046,0.020,-0.018,-0.082,14.958,-39.288,80.712,1,,0,received,,405.373,a6d4fd44-f97d-4b40-8d8e-0a591cab94c0,1,2,0,3
1788859947.298,1,3,-14.938,0.005,-0.046,14.985,-0.018,-0.018,29.922,-46.364,73.636,1,,0,received,,406.676,98cf6066-f788-48c8-8f31-d9be598ae068,1,3,0,3
1788859947.299,2,1,0.020,-0.018,-0.082,-14.938,0.005,-0.046,14.958,-39.288,80.712,1,,0,received,,409.320,c04ddef5-1090-4242-bf91-1c688796e236,2,1,0,3
1788859947.299,2,3,0.020,-0.018,-0.082,14.985,-0.018,-0.018,14.965,-39.293,80.707,1,,0,received,,413.656,52cc9aa0-3440-4310-8792-f6b535e53ae2,2,3,0,3
1788859947.299,3,1,14.985,-0.018,-0.018,-14.938,0.005,-0.046,29.922,-46.364,73.636,1,,0,received,,409.533,3b74dee7-594f-45b8-a829-f0815cb8bb34,3,1,0,3
1788859947.300,3,2,14.985,-0.018,-0.018,0.020,-0.018,-0.082,14.965,-39.293,80.707,1,,0,received,,408.557,9ef4f182-35b3-427e-a927-abadddfdcd17,3,2,0,3
1788859948.340,1,2,-14.945,0.005,-0.044,0.020,-0.018,-0.079,14.965,-39.293,80.707,1,,0,received,,396.544,4765fa21-1937-4ae8-825d-1aefe4c6475e,1,2,0,3
1788859948.340,1,3,-14.945,0.005,-0.044,14.970,-0.006,-0.002,29.915,-46.362,73.638,1,,0,received,,401.748,d261aaf8-beb8-4b0e-af8b-afc10acefe1b,1,3,0,3
1788859948.340,2,1,0.020,-0.018,-0.079,-14.945,0.005,-0.044,14.965,-39.293,80.707,1,,0,received,,412.104,0d7a0e09-098e-4133-89ce-df7fa78d943b,2,1,0,3
1788859948.340,2,3,0.020,-0.018,-0.079,14.970,-0.006,-0.002,14.950,-39.283,80.717,1,,0,received,,401.150,989a9e96-f62c-48bb-bbb0-31b21e92d009,2,3,0,3
1788859948.341,3,1,14.970,-0.006,-0.002,-14.945,0.005,-0.044,29.915,-46.362,73.638,1,,0,received,,403.312,581e0365-fa6f-4e9e-a78f-456ee27ef37c,3,1,0,3
1788859948.341,3,2,14.970,-0.006,-0.002,0.020,-0.018,-0.079,14.950,-39.283,80.717,1,,0,received,,401.057,e874a3d7-3a53-47de-a80f-1bb30d03f3b8,3,2,0,3
1788859949.341,1,2,-14.945,-0.006,-0.040,0.020,-0.018,-0.075,14.965,-39.293,80.707,1,,0,received,,403.553,a567909e-1324-41b5-b596-aefd5ac4c26d,1,2,0,3
1788859949.341,1,3,-14.945,-0.006,-0.040,14.970,-0.006,-0.001,29.915,-46.362,73.638,1,,0,dropped,channel_loss,408.690,5df988b4-0574-47f4-8981-9c74eb05dee2,1,3,0,3
1788859949.342,1,2,-14.945,-0.006,-0.040,0.020,-0.018,-0.075,14.965,-39.293,80.707,1,,0,received,,407.454,5df988b4-0574-47f4-8981-9c74eb05dee2,1,3,1,2
1788859949.342,2,3,0.020,-0.018,-0.075,14.970,-0.006,-0.001,14.950,-39.283,80.717,1,,0,received,,406.103,5df988b4-0574-47f4-8981-9c74eb05dee2,1,3,2,1
1788859949.342,2,1,0.020,-0.018,-0.075,-14.945,-0.006,-0.040,14.965,-39.293,80.707,1,,0,received,,400.882,6188357f-2c25-4457-a25d-21452a9278c3,2,1,0,3
1788859949.342,2,3,0.020,-0.018,-0.075,14.970,-0.006,-0.001,14.950,-39.283,80.717,1,,0,received,,406.744,9601145b-33a2-47dd-879a-6a3817fb2d42,2,3,0,3
1788859949.343,3,1,14.970,-0.006,-0.001,-14.945,-0.006,-0.040,29.915,-46.362,73.638,1,,0,received,,404.444,c6ab8ec9-e0c4-4ab1-a974-a87990c2f8f8,3,1,0,3
1788859949.343,3,2,14.970,-0.006,-0.001,0.020,-0.018,-0.075,14.950,-39.283,80.717,1,,0,received,,399.418,24b9a5c9-4752-460e-a4a1-146dd55d0881,3,2,0,3
1788859950.372,1,2,-14.938,0.005,0.011,0.012,-0.006,-0.066,14.950,-39.283,80.717,1,,0,received,,413.168,6f491695-29a6-4086-8300-d33c48345109,1,2,0,3
1788859950.372,1,3,-14.938,0.005,0.011,14.970,-0.006,-0.031,29.907,-46.359,73.641,1,,0,received,,398.538,e7987a7a-845c-4d05-aa3f-2c282fe4e3ae,1,3,0,3
1788859950.372,2,1,0.012,-0.006,-0.066,-14.938,0.005,0.011,14.950,-39.283,80.717,1,,0,received,,405.453,8e101a76-904a-4614-888f-60c81996284e,2,1,0,3
1788859950.372,2,3,0.012,-0.006,-0.066,14.970,-0.006,-0.031,14.957,-39.288,80.712,1,,0,received,,401.848,1dcf017e-1934-4f1c-8656-14942e8b738a,2,3,0,3
1788859950.372,3,1,14.970,-0.006,-0.031,-14.938,0.005,0.011,29.907,-46.359,73.641,1,,0,received,,410.167,142efe67-e719-4423-b01c-355b7e09df12,3,1,0,3
1788859950.372,3,2,14.970,-0.006,-0.031,0.012,-0.006,-0.066,14.957,-39.288,80.712,1,,0,received,,399.637,619b6340-3e9c-4871-a6f4-9b665c258080,3,2,0,3
1788859951.391,1,2,-14.938,0.016,-0.046,-0.003,0.005,-0.056,14.935,-39.272,80.728,1,,0,received,,395.633,4eaf2770-bed5-4943-9910-84fce9bb9a05,1,2,0,3
1788859951.392,1,3,-14.938,0.016,-0.046,14.970,-0.006,0.005,29.907,-46.359,73.641,1,,0,received,,404.647,f1146243-35d9-4b68-be63-400ded6f8c9a,1,3,0,3
1788859951.392,2,1,-0.003,0.005,-0.056,-14.938,0.016,-0.046,14.935,-39.272,80.728,1,,0,received,,396.601,a3c880ac-7454-4868-b09c-3a03f16a59df,2,1,0,3
1788859951.392,2,3,-0.003,0.005,-0.056,14.970,-0.006,0.005,14.973,-39.298,80.702,1,,0,received,,407.739,cea579e5-257c-4e56-9812-6eaa1f670f4f,2,3,0,3
1788859951.392,3,1,14.970,-0.006,0.005,-14.938,0.016,-0.046,29.907,-46.359,73.641,1,,0,received,,409.071,b982c024-0096-4219-b4da-9f9349fcc02e,3,1,0,3
1788859951.393,3,2,14.970,-0.006,0.005,-0.003,0.005,-0.056,14.973,-39.298,80.702,1,,0,received,,400.024,14a648e4-a039-4a98-9351-a6d8cd70d5cb,3,2,0,3
1788859952.436,1,2,-14.945,0.005,-0.014,-0.011,0.005,-0.048,14.935,-39.272,80.728,1,,0,received,,395.255,98a2b787-e826-4118-9089-23c8b8af0124,1,2,0,3
1788859952.437,1,3,-14.945,0.005,-0.014,14.970,-0.006,-0.034,29.915,-46.362,73.638,1,,0,received,,410.545,ffcc2fb2-dfac-4f34-abf5-14c320279f42,1,3,0,3
1788859952.437,2,1,-0.011,0.005,-0.048,-14.945,0.005,-0.014,14.935,-39.272,80.728,1,,0,received,,403.647,3bc6c6d6-cac4-4548-9870-457db86ff40b,2,1,0,3
1788859952.437,2,3,-0.011,0.005,-0.048,14.970,-0.006,-0.034,14.980,-39.303,80.697,1,,0,received,,414.303,81ed7e8c-a0a1-498c-8413-eb0cae73c4d5,2,3,0,3
1788859952.437,3,1,14.970,-0.006,-0.034,-14.945,0.005,-0.014,29.915,-46.362,73.638,1,,0,received,,396.148,9656b686-842e-4311-a6bb-ee6b416d9de1,3,1,0,3
1788859952.438,3,2,14.970,-0.006,-0.034,-0.011,0.005,-0.048,14.980,-39.303,80.697,1,,0,received,,412.111,6dd3a0e6-03e7-4ff7-b975-3fba320a641f,3,2,0,3
1788859953.485,1,2,-14.976,-0.018,0.171,-0.018,0.005,-0.016,14.959,-39.288,80.712,1,,0,received,,411.172,c7ffd422-9870-45a7-aa5f-f2f9d75b1654,1,2,0,3
1788859953.486,1,3,-14.976,-0.018,0.171,14.970,0.005,-0.036,29.946,-46.372,73.628,1,,0,received,,414.902,694c2855-c4f6-4e97-a4ea-2e393fe747a0,1,3,0,3
1788859953.486,2,1,-0.018,0.005,-0.016,-14.976,-0.018,0.171,14.959,-39.288,80.712,1,,0,received,,414.145,847b7068-e1f6-4745-ae77-25a0e6c445c8,2,1,0,3
1788859953.486,2,3,-0.018,0.005,-0.016,14.970,0.005,-0.036,14.988,-39.308,80.692,1,,0,received,,407.397,6a429526-2be1-4fbf-84b0-8dd49338b31d,2,3,0,3
1788859953.486,3,1,14.970,0.005,-0.036,-14.976,-0.018,0.171,29.946,-46.372,73.628,1,,0,received,,405.240,ebe7b1b9-2764-46d9-b8c7-178803d84709,3,1,0,3
1788859953.486,3,2,14.970,0.005,-0.036,-0.018,0.005,-0.016,14.988,-39.308,80.692,1,,0,received,,406.101,23fd6739-4b77-48c4-b27f-995b6a8dbbb8,3,2,0,3
1788859954.531,1,2,-14.983,-0.051,0.603,-0.003,0.005,0.267,14.984,-39.306,80.694,1,,0,received,,410.017,40addab7-25e5-4548-9258-aa21438b6470,1,2,0,3
1788859954.532,1,3,-14.983,-0.051,0.603,14.970,-0.006,0.000,29.959,-46.377,73.623,1,,0,received,,400.328,e8a543eb-88e7-473a-ae0e-29786b856548,1,3,0,3
1788859954.532,2,1,-0.003,0.005,0.267,-14.983,-0.051,0.603,14.984,-39.306,80.694,1,,0,received,,407.897,e588e18a-f695-4986-a6c5-65051011ea91,2,1,0,3
1788859954.532,2,3,-0.003,0.005,0.267,14.970,-0.006,0.000,14.975,-39.299,80.701,1,,0,received,,405.570,ab728226-fd06-4165-bac0-982c39eb05f9,2,3,0,3
1788859954.532,3,1,14.970,-0.006,0.000,-14.983,-0.051,0.603,29.959,-46.377,73.623,1,,0,received,,400.636,fbb67f4a-8654-46cb-b7af-5240cd045ed2,3,1,0,3
1788859954.532,3,2,14.970,-0.006,0.000,-0.003,0.005,0.267,14.975,-39.299,80.701,1,,0,received,,400.859,fa6c31fb-14d8-43f7-9573-047c3b7acb22,3,2,0,3
1788859955.557,1,2,-14.991,-0.062,1.098,0.020,0.005,0.667,15.017,-39.328,80.672,1,,0,received,,401.538,8808c2b5-8ccd-49dd-9331-1d77d66cfd85,1,2,0,3
1788859955.558,1,3,-14.991,-0.062,1.098,14.985,-0.040,0.227,29.988,-46.387,73.613,1,,0,received,,397.912,7bc4277a-076f-458a-b3c9-c0cdbfa821ce,1,3,0,3
1788859955.558,2,1,0.020,0.005,0.667,-14.991,-0.062,1.098,15.017,-39.328,80.672,1,,0,received,,409.023,4d3f7193-5f65-4e14-b6ad-42cfc9a3e183,2,1,0,3
1788859955.558,2,3,0.020,0.005,0.667,14.985,-0.040,0.227,14.972,-39.297,80.703,1,,0,received,,396.429,09294d17-c7de-4dc5-a03e-2f37a205989d,2,3,0,3
1788859955.559,3,1,14.985,-0.040,0.227,-14.991,-0.062,1.098,29.988,-46.387,73.613,1,,0,received,,405.996,035384ef-f03a-49cf-bfe4-05967365dc79,3,1,0,3
1788859955.559,3,2,14.985,-0.040,0.227,0.020,0.005,0.667,14.972,-39.297,80.703,1,,0,received,,399.281,e3582315-8377-45c2-9a24-bd00e19b1a10,3,2,0,3
1788859956.609,1,2,-14.983,-0.051,1.579,0.027,0.005,1.092,15.018,-39.329,80.671,1,,0,received,,413.241,930acaff-2dc2-4993-8659-b411f8015b4a,1,2,0,3
1788859956.609,1,3,-14.983,-0.051,1.579,14.985,-0.062,0.652,29.982,-46.385,73.615,1,,0,received,,409.055,5325c74f-71eb-4178-9674-8a84577c6afa,1,3,0,3
1788859956.609,2,1,0.027,0.005,1.092,-14.983,-0.051,1.579,15.018,-39.329,80.671,1,,0,received,,410.456,3bb28997-1c41-4d1e-980f-fd078fda1baf,2,1,0,3
1788859956.609,2,3,0.027,0.005,1.092,14.985,-0.062,0.652,14.964,-39.292,80.708,1,,0,received,,395.262,212f7c07-0b37-4421-878e-ef4e1d6c311e,2,3,0,3
1788859956.610,3,1,14.985,-0.062,0.652,-14.983,-0.051,1.579,29.982,-46.385,73.615,1,,0,received,,410.214,8cb78185-fd42-424f-bff0-1c565208d6a8,3,1,0,3
1788859956.610,3,2,14.985,-0.062,0.652,0.027,0.005,1.092,14.964,-39.292,80.708,1,,0,received,,414.213,758a46be-d913-4a4a-8c83-85fc5652a7f2,3,2,0,3
1788859957.646,1,2,-14.960,-0.029,2.129,0.020,-0.006,1.616,14.989,-39.309,80.691,1,,0,received,,410.094,e36d0bbe-b8d5-4e58-9236-d842466ee972,1,2,0,3
1788859957.646,1,3,-14.960,-0.029,2.129,14.985,-0.062,1.170,29.960,-46.377,73.623,1,,0,received,,407.209,a8866043-cef2-44f2-962e-529dbdccb3b1,1,3,0,3
1788859957.646,2,1,0.020,-0.006,1.616,-14.960,-0.029,2.129,14.989,-39.309,80.691,1,,0,received,,399.532,d151b933-0b07-44b8-8573-fc30893ce797,2,1,0,3
1788859957.646,2,3,0.020,-0.006,1.616,14.985,-0.062,1.170,14.972,-39.297,80.703,1,,0,received,,395.725,04e6b2bd-340a-41ca-9fc8-0cf6a3f25efb,2,3,0,3
1788859957.646,3,1,14.985,-0.062,1.170,-14.960,-0.029,2.129,29.960,-46.377,73.623,1,,0,received,,408.727,4313a9cf-fa64-43f7-8a96-ab52394fd556,3,1,0,3
1788859957.646,3,2,14.985,-0.062,1.170,0.020,-0.006,1.616,14.972,-39.297,80.703,1,,0,received,,398.445,cf118e2c-da3c-466c-a252-3b5caa767270,3,2,0,3
1788859958.699,1,2,-14.945,-0.006,2.697,0.020,-0.006,2.154,14.975,-39.299,80.701,1,,0,received,,397.697,41dc7736-2f58-4493-816b-cf4f0d337362,1,2,0,3
1788859958.699,1,3,-14.945,-0.006,2.697,14.992,-0.040,1.667,29.955,-46.376,73.624,1,,0,received,,395.683,7b30c1c4-df59-4f18-b197-e92c003523d8,1,3,0,3
1788859958.699,2,1,0.020,-0.006,2.154,-14.945,-0.006,2.697,14.975,-39.299,80.701,1,,0,received,,406.432,7df5d1dd-2c4d-4434-a1c0-75b14c241ce8,2,1,0,3
1788859958.700,2,3,0.020,-0.006,2.154,14.992,-0.040,1.667,14.980,-39.303,80.697,1,,0,received,,407.999,04b2eeba-78c6-40d9-bad0-e985eae5f640,2,3,0,3
1788859958.700,3,1,14.992,-0.040,1.667,-14.945,-0.006,2.697,29.955,-46.376,73.624,1,,0,received,,404.378,6fb785a5-eb2b-46d0-a33a-50ca3333d481,3,1,0,3
1788859958.700,3,2,14.992,-0.040,1.667,0.020,-0.006,2.154,14.980,-39.303,80.697,1,,0,received,,402.726,532b5625-09f7-4626-bd4a-6647c84cb2e1,3,2,0,3
1788859959.747,1,2,-14.930,-0.006,3.321,0.012,-0.006,2.752,14.953,-39.285,80.715,1,,0,received,,401.681,79ebe77a-803d-4ca7-b3b2-04abeb9b3ea8,1,2,0,3
1788859959.747,1,3,-14.930,-0.006,3.321,14.992,-0.018,2.225,29.943,-46.371,73.629,1,,0,received,,402.727,46d15333-f866-49f3-af94-1de330da0b2a,1,3,0,3
1788859959.748,2,1,0.012,-0.006,2.752,-14.930,-0.006,3.321,14.953,-39.285,80.715,1,,0,received,,411.783,570da577-0451-4eba-9cd8-12fca0765500,2,1,0,3
1788859959.748,2,3,0.012,-0.006,2.752,14.992,-0.018,2.225,14.989,-39.309,80.691,1,,0,received,,396.782,2a5c7511-d274-4dd5-b43f-e17b9606c0e6,2,3,0,3
1788859959.748,3,1,14.992,-0.018,2.225,-14.930,-0.006,3.321,29.943,-46.371,73.629,1,,0,received,,405.932,1ccaa572-6fc1-44ec-8a00-310379c341d5,3,1,0,3
1788859959.748,3,2,14.992,-0.018,2.225,0.012,-0.006,2.752,14.989,-39.309,80.691,1,,0,dropped,channel_loss,402.143,cd04a442-aba4-47b6-99e7-fb3934fe9c39,3,2,0,3
1788859959.749,3,1,14.992,-0.018,2.225,-14.930,-0.006,3.321,29.943,-46.371,73.629,1,,0,received,,410.769,cd04a442-aba4-47b6-99e7-fb3934fe9c39,3,2,1,2
1788859959.749,1,2,-14.930,-0.006,3.321,0.012,-0.006,2.752,14.953,-39.285,80.715,1,,0,received,,410.229,cd04a442-aba4-47b6-99e7-fb3934fe9c39,3,2,2,1
1788859960.796,1,2,-14.915,-0.018,4.026,0.020,0.005,3.453,14.946,-39.280,80.720,1,,0,dropped,channel_loss,399.131,dbe5d25a-cff6-4862-bf1a-ed44be51bbc7,1,2,0,3
1788859960.797,1,3,-14.915,-0.018,4.026,14.977,-0.018,2.786,29.918,-46.363,73.637,1,,0,received,,398.192,dbe5d25a-cff6-4862-bf1a-ed44be51bbc7,1,2,1,2
1788859960.797,3,2,14.977,-0.018,2.786,0.020,0.005,3.453,14.972,-39.298,80.702,1,,0,received,,408.533,dbe5d25a-cff6-4862-bf1a-ed44be51bbc7,1,2,2,1
1788859960.797,1,3,-14.915,-0.018,4.026,14.977,-0.018,2.786,29.918,-46.363,73.637,1,,0,received,,399.503,0529e105-ddd1-4729-a5fe-800b4620d9ef,1,3,0,3
1788859960.797,2,1,0.020,0.005,3.453,-14.915,-0.018,4.026,14.946,-39.280,80.720,1,,0,received,,410.482,b8506637-00c7-414d-b001-6e8d725bae84,2,1,0,3
1788859960.797,2,3,0.020,0.005,3.453,14.977,-0.018,2.786,14.972,-39.298,80.702,1,,0,received,,407.289,dc13082d-a02b-470b-aa0d-7f12aa44308f,2,3,0,3
1788859960.798,3,1,14.977,-0.018,2.786,-14.915,-0.018,4.026,29.918,-46.363,73.637,1,,0,received,,397.435,b7eea4ab-3cb6-477d-8ec2-f8b93171d185,3,1,0,3
1788859960.798,3,2,14.977,-0.018,2.786,0.020,0.005,3.453,14.972,-39.298,80.702,1,,0,received,,414.438,75c3d857-c9a3-414d-b6ff-6ed9f143fd79,3,2,0,3
1788859961.824,1,2,-14.923,-0.029,4.602,0.027,0.005,3.982,14.963,-39.291,80.709,1,,0,received,,395.658,f22113ff-3be0-4171-b4ba-b82d83731611,1,2,0,3
1788859961.824,1,3,-14.923,-0.029,4.602,14.970,-0.018,3.404,29.916,-46.362,73.638,1,,0,received,,408.691,ac326b0f-a2e1-47de-a4a7-e5118d3986ad,1,3,0,3
1788859961.824,2,1,0.027,0.005,3.982,-14.923,-0.029,4.602,14.963,-39.291,80.709,1,,0,dropped,channel_loss,403.077,8611d542-6281-4b06-8b23-97922dfded1a,2,1,0,3
1788859961.825,2,3,0.027,0.005,3.982,14.970,-0.018,3.404,14.954,-39.285,80.715,1,,0,received,,396.664,8611d542-6281-4b06-8b23-97922dfded1a,2,1,1,2
1788859961.825,3,1,14.970,-0.018,3.404,-14.923,-0.029,4.602,29.916,-46.362,73.638,1,,0,received,,407.689,8611d542-6281-4b06-8b23-97922dfded1a,2,1,2,1
1788859961.825,2,3,0.027,0.005,3.982,14.970,-0.018,3.404,14.954,-39.285,80.715,1,,0,received,,410.594,6451ff68-8c56-4ac9-9d66-6d2e390a5acb,2,3,0,3
1788859961.825,3,1,14.970,-0.018,3.404,-14.923,-0.029,4.602,29.916,-46.362,73.638,1,,0,received,,407.152,a1d71d31-95bd-4611-8b6b-1dcc8ba76feb,3,1,0,3
1788859961.825,3,2,14.970,-0.018,3.404,0.027,0.005,3.982,14.954,-39.285,80.715,1,,0,received,,414.821,9ba62287-abdf-417e-b3ec-d8af67002fd1,3,2,0,3
1788859962.864,1,2,-14.930,-0.029,5.252,0.027,0.005,4.614,14.971,-39.297,80.703,1,,0,received,,402.088,9dd25228-111b-4c1e-925b-e5c9ef6315e5,1,2,0,3
1788859962.864,1,3,-14.930,-0.029,5.252,14.970,-0.018,4.049,29.924,-46.365,73.635,1,,0,received,,402.556,1d2c9e54-ae8f-40ab-8a58-0c825484bb98,1,3,0,3
1788859962.864,2,1,0.027,0.005,4.614,-14.930,-0.029,5.252,14.971,-39.297,80.703,1,,0,received,,401.969,2d2af1ba-6fe2-46aa-83d3-ab66a5f4c509,2,1,0,3
1788859962.864,2,3,0.027,0.005,4.614,14.970,-0.018,4.049,14.953,-39.285,80.715,1,,0,received,,411.591,73a314b1-9e3f-478e-bb9b-733548fd3146,2,3,0,3
1788859962.864,3,1,14.970,-0.018,4.049,-14.930,-0.029,5.252,29.924,-46.365,73.635,1,,0,received,,414.360,e96e8be7-b413-43b8-bfc4-566ed03684ba,3,1,0,3
1788859962.864,3,2,14.970,-0.018,4.049,0.027,0.005,4.614,14.953,-39.285,80.715,1,,0,received,,411.718,72011f2b-6c83-42ac-aaa3-fb529e52b935,3,2,0,3
1788859963.867,1,2,-14.938,-0.029,5.839,0.027,-0.006,5.214,14.978,-39.302,80.698,1,,0,received,,403.854,8fe5c787-6a20-4363-8452-afb6ae0c6873,1,2,0,3
1788859963.867,1,3,-14.938,-0.029,5.839,14.977,-0.006,4.613,29.940,-46.370,73.630,1,,0,received,,414.454,4d6da077-9001-42f3-8d01-993f5890ee24,1,3,0,3
1788859963.868,2,1,0.027,-0.006,5.214,-14.938,-0.029,5.839,14.978,-39.302,80.698,1,,0,received,,411.308,9865b257-4711-4540-8170-3eae4a8c2824,2,1,0,3
1788859963.868,2,3,0.027,-0.006,5.214,14.977,-0.006,4.613,14.962,-39.291,80.709,1,,0,received,,404.814,c0594458-3392-40a3-9324-6b548de0f17d,2,3,0,3
1788859963.868,3,1,14.977,-0.006,4.613,-14.938,-0.029,5.839,29.940,-46.370,73.630,1,,0,received,,409.765,761cc1f0-35a7-4f2e-8f57-1cd7cfcafb30,3,1,0,3
1788859963.868,3,2,14.977,-0.006,4.613,0.027,-0.006,5.214,14.962,-39.291,80.709,1,,0,received,,412.178,c5cd9bf1-b008-4468-ac4c-df83d720e17b,3,2,0,3
1788859964.917,1,2,-14.953,-0.018,6.438,0.020,-0.006,5.977,14.980,-39.303,80.697,1,,0,received,,396.877,57763d09-f53f-4d97-a6cb-b1a24afe5de1,1,2,0,3
1788859964.918,1,3,-14.953,-0.018,6.438,14.962,0.005,5.259,29.938,-46.370,73.630,1,,0,received,,400.021,b5b1693a-2a18-4a4c-866b-013f96a5e47d,1,3,0,3
1788859964.918,2,1,0.020,-0.006,5.977,-14.953,-0.018,6.438,14.980,-39.303,80.697,1,,0,received,,407.351,11f80825-61d6-473e-8cba-46f33dfd8b8d,2,1,0,3
1788859964.918,2,3,0.020,-0.006,5.977,14.962,0.005,5.259,14.960,-39.289,80.711,1,,0,received,,395.718,f720b6a1-619b-4920-8ea4-cf089959eb31,2,3,0,3
1788859964.918,3,1,14.962,0.005,5.259,-14.953,-0.018,6.438,29.938,-46.370,73.630,1,,0,received,,398.781,662b316d-b264-4aff-8778-de0314705e0c,3,1,0,3
1788859964.918,3,2,14.962,0.005,5.259,0.020,-0.006,5.977,14.960,-39.289,80.711,1,,0,received,,411.101,f0e83769-99fc-4e50-9194-cb3d83a10ebc,3,2,0,3
1788859965.956,1,2,-14.960,-0.029,6.880,0.020,-0.006,6.654,14.982,-39.304,80.696,1,,0,received,,412.750,5690ff7e-b65d-4fe9-8fd9-f09ef2ff73aa,1,2,0,3
1788859965.957,1,3,-14.960,-0.029,6.880,14.947,0.005,5.929,29.922,-46.364,73.636,1,,0,received,,400.669,adc2069a-1387-4833-9cf5-e7dbbaf015ba,1,3,0,3
1788859965.957,2,1,0.020,-0.006,6.654,-14.960,-0.029,6.880,14.982,-39.304,80.696,1,,0,received,,414.105,ff714cf8-7381-41e9-82bd-b960d7e4e9de,2,1,0,3
1788859965.957,2,3,0.020,-0.006,6.654,14.947,0.005,5.929,14.945,-39.279,80.721,1,,0,received,,409.546,13980ab7-e38d-408c-9a98-9faefff842a5,2,3,0,3
1788859965.957,3,1,14.947,0.005,5.929,-14.960,-0.029,6.880,29.922,-46.364,73.636,1,,0,received,,410.307,17b47f12-67fb-4225-83e3-1e6cf6dd799d,3,1,0,3
1788859965.957,3,2,14.947,0.005,5.929,0.020,-0.006,6.654,14.945,-39.279,80.721,1,,0,received,,408.062,6ba7f818-18e5-48fa-9d3d-75a0573cb0a2,3,2,0,3
1788859967.006,1,2,-14.960,-0.040,7.211,0.020,0.005,7.259,14.980,-39.303,80.697,1,,0,received,,411.003,8d46cd49-9b8d-4b7a-8108-209ea9473ca8,1,2,0,3
1788859967.006,1,3,-14.960,-0.040,7.211,14.954,0.005,6.652,29.920,-46.364,73.636,1,,0,received,,399.576,5bef1053-6455-444c-9142-486403db7bae,1,3,0,3
1788859967.007,2,1,0.020,0.005,7.259,-14.960,-0.040,7.211,14.980,-39.303,80.697,1,,0,received,,401.268,6750ecd0-35d0-48eb-8115-09f1677bbdbe,2,1,0,3
1788859967.007,2,3,0.020,0.005,7.259,14.954,0.005,6.652,14.947,-39.281,80.719,1,,0,received,,404.609,e9a04928-81c5-4c55-b849-e78c5bee9325,2,3,0,3
1788859967.007,3,1,14.954,0.005,6.652,-14.960,-0.040,7.211,29.920,-46.364,73.636,1,,0,received,,403.654,0348f429-00ff-4e83-84d3-06d5b5891180,3,1,0,3
1788859967.007,3,2,14.954,0.005,6.652,0.020,0.005,7.259,14.947,-39.281,80.719,1,,0,received,,401.760,9c045344-c83c-4bff-9e12-0e3d8fc3ae99,3,2,0,3
1788859968.037,1,2,-14.968,-0.029,7.471,0.012,0.005,7.907,14.986,-39.307,80.693,1,,0,received,,400.562,2cd1e87b-70ab-4387-9081-d4f005fe3ae3,1,2,0,3
1788859968.037,1,3,-14.968,-0.029,7.471,14.970,-0.006,7.244,29.938,-46.370,73.630,1,,0,received,,397.557,31efb88c-56c5-4449-bb7a-4166d410788c,1,3,0,3
1788859968.037,2,1,0.012,0.005,7.907,-14.968,-0.029,7.471,14.986,-39.307,80.693,1,,0,received,,397.535,bd7c9943-19e7-4ef7-868e-a8202a15842f,2,1,0,3
1788859968.038,2,3,0.012,0.005,7.907,14.970,-0.006,7.244,14.972,-39.298,80.702,1,,0,received,,410.388,f44d3909-d759-4e5a-8c38-fecce1fb9fd8,2,3,0,3
1788859968.038,3,1,14.970,-0.006,7.244,-14.968,-0.029,7.471,29.938,-46.370,73.630,1,,0,received,,399.472,76801575-17b0-45e5-aee7-47fda2ee9e4b,3,1,0,3
1788859968.038,3,2,14.970,-0.006,7.244,0.012,0.005,7.907,14.972,-39.298,80.702,1,,0,received,,409.636,4ae1bbe1-7340-498b-8dbe-8dc43b725ea0,3,2,0,3
1788859969.076,1,2,-14.976,-0.018,7.551,0.012,0.005,8.620,15.026,-39.334,80.666,1,,0,dropped,channel_loss,405.637,e3bb00bb-f7d2-49f0-8574-974c1bae26b6,1,2,0,3
1788859969.076,1,3,-14.976,-0.018,7.551,14.970,-0.029,7.900,29.947,-46.373,73.627,1,,0,received,,397.155,e3bb00bb-f7d2-49f0-8574-974c1bae26b6,1,2,1,2
1788859969.077,3,2,14.970,-0.029,7.900,0.012,0.005,8.620,14.975,-39.299,80.701,1,,0,received,,399.694,e3bb00bb-f7d2-49f0-8574-974c1bae26b6,1,2,2,1
1788859969.077,1,3,-14.976,-0.018,7.551,14.970,-0.029,7.900,29.947,-46.373,73.627,1,,0,received,,395.427,e93255c5-25a9-4724-bc77-8cb5c2b7f02f,1,3,0,3
1788859969.077,2,1,0.012,0.005,8.620,-14.976,-0.018,7.551,15.026,-39.334,80.666,1,,0,received,,400.630,76fabfd8-875a-41d3-8177-7c3e5028a74a,2,1,0,3
1788859969.077,2,3,0.012,0.005,8.620,14.970,-0.029,7.900,14.975,-39.299,80.701,1,,0,dropped,channel_loss,406.211,f963e164-0858-403c-b009-66d6b3a7f110,2,3,0,3
1788859969.077,2,1,0.012,0.005,8.620,-14.976,-0.018,7.551,15.026,-39.334,80.666,1,,0,received,,397.670,f963e164-0858-403c-b009-66d6b3a7f110,2,3,1,2
1788859969.077,1,3,-14.976,-0.018,7.551,14.970,-0.029,7.900,29.947,-46.373,73.627,1,,0,received,,404.962,f963e164-0858-403c-b009-66d6b3a7f110,2,3,2,1
1788859969.077,3,1,14.970,-0.029,7.900,-14.976,-0.018,7.551,29.947,-46.373,73.627,1,,0,received,,406.625,1e65991a-d474-4a3c-aed6-77bb8dfdecdc,3,1,0,3
1788859969.078,3,2,14.970,-0.029,7.900,0.012,0.005,8.620,14.975,-39.299,80.701,1,,0,received,,403.953,f1ab257a-25aa-495d-95c6-c56946680097,3,2,0,3
1788859970.085,1,2,-14.968,0.005,7.598,0.012,0.016,9.171,15.062,-39.359,80.641,1,,0,received,,396.172,3156f85f-a8e6-40e1-9799-9c45dd73f4a9,1,2,0,3
1788859970.085,1,3,-14.968,0.005,7.598,14.977,-0.040,8.580,29.961,-46.378,73.622,1,,0,dropped,channel_loss,404.699,687cc35e-ad85-480a-b978-77bb4b2197bb,1,3,0,3
1788859970.085,1,2,-14.968,0.005,7.598,0.012,0.016,9.171,15.062,-39.359,80.641,1,,0,received,,403.158,687cc35e-ad85-480a-b978-77bb4b2197bb,1,3,1,2
1788859970.086,2,3,0.012,0.016,9.171,14.977,-0.040,8.580,14.977,-39.301,80.699,1,,0,received,,407.733,687cc35e-ad85-480a-b978-77bb4b2197bb,1,3,2,1
1788859970.086,2,1,0.012,0.016,9.171,-14.968,0.005,7.598,15.062,-39.359,80.641,1,,0,received,,398.128,342d2854-4e08-4381-977d-d7f08dd7829c,2,1,0,3
1788859970.086,2,3,0.012,0.016,9.171,14.977,-0.040,8.580,14.977,-39.301,80.699,1,,0,received,,401.221,77bc54d1-be2a-4a15-ab33-ea1701d4ea49,2,3,0,3
1788859970.086,3,1,14.977,-0.040,8.580,-14.968,0.005,7.598,29.961,-46.378,73.622,1,,0,dropped,channel_loss,397.513,fd5c01f4-f247-442f-bd2e-354e3439d8d4,3,1,0,3
1788859970.086,3,2,14.977,-0.040,8.580,0.012,0.016,9.171,14.977,-39.301,80.699,1,,0,received,,407.270,fd5c01f4-f247-442f-bd2e-354e3439d8d4,3,1,1,2
1788859970.086,2,1,0.012,0.016,9.171,-14.968,0.005,7.598,15.062,-39.359,80.641,1,,0,received,,399.658,fd5c01f4-f247-442f-bd2e-354e3439d8d4,3,1,2,1
1788859970.087,3,2,14.977,-0.040,8.580,0.012,0.016,9.171,14.977,-39.301,80.699,1,,0,received,,404.154,30736a8f-4dc9-4cf0-b6d2-88e4b9d749c9,3,2,0,3
1788859971.117,1,2,-14.945,0.005,7.734,0.012,0.027,9.935,15.119,-39.397,80.603,1,,0,received,,412.347,a37fd3dd-5d1d-474a-a8ef-f2b7602558c0,1,2,0,3
1788859971.117,1,3,-14.945,0.005,7.734,14.970,-0.040,9.210,29.951,-46.374,73.626,1,,0,dropped,channel_loss,401.252,1202c952-1f57-45b3-a2b3-117b72a8e61c,1,3,0,3
1788859971.117,1,2,-14.945,0.005,7.734,0.012,0.027,9.935,15.119,-39.397,80.603,1,,0,received,,407.337,1202c952-1f57-45b3-a2b3-117b72a8e61c,1,3,1,2
1788859971.117,2,3,0.012,0.027,9.935,14.970,-0.040,9.210,14.975,-39.300,80.700,1,,0,received,,414.096,1202c952-1f57-45b3-a2b3-117b72a8e61c,1,3,2,1
1788859971.117,2,1,0.012,0.027,9.935,-14.945,0.005,7.734,15.119,-39.397,80.603,1,,0,received,,399.365,38be8c97-681a-48d8-9bbe-90e27f3eefdb,2,1,0,3
1788859971.118,2,3,0.012,0.027,9.935,14.970,-0.040,9.210,14.975,-39.300,80.700,1,,0,received,,398.285,2d2235ea-721a-4ac8-9be6-528a2e0880eb,2,3,0,3
1788859971.118,3,1,14.970,-0.040,9.210,-14.945,0.005,7.734,29.951,-46.374,73.626,1,,0,received,,396.645,0518268c-4e4f-4790-bf41-f2525415c5f4,3,1,0,3
1788859971.118,3,2,14.970,-0.040,9.210,0.012,0.027,9.935,14.975,-39.300,80.700,1,,0,received,,404.154,5db4da98-ecbe-4069-9b9d-81c26bce79b0,3,2,0,3
1788859972.135,1,2,-14.930,0.016,7.798,0.012,0.038,10.504,15.185,-39.442,80.558,1,,0,received,,400.969,44adb81d-d88d-4013-806e-81635620442c,1,2,0,3
1788859972.135,1,3,-14.930,0.016,7.798,14.962,-0.040,9.904,29.966,-46.379,73.621,1,,0,received,,409.283,287e0734-4290-4891-a45a-263794d9eae7,1,3,0,3
1788859972.136,2,1,0.012,0.038,10.504,-14.930,0.016,7.798,15.185,-39.442,80.558,1,,0,received,,404.225,00616cc7-e8a1-4ebe-97cc-f20fc9d9d3e1,2,1,0,3
1788859972.136,2,3,0.012,0.038,10.504,14.962,-0.040,9.904,14.962,-39.291,80.709,1,,0,received,,413.622,dc20a1ae-a21a-487d-9fc2-5f9c01a46165,2,3,0,3
1788859972.136,3,1,14.962,-0.040,9.904,-14.930,0.016,7.798,29.966,-46.379,73.621,1,,0,received,,407.645,8762e76e-5f6a-4450-a1c6-11ffdb6cf0d1,3,1,0,3
1788859972.136,3,2,14.962,-0.040,9.904,0.012,0.038,10.504,14.962,-39.291,80.709,1,,0,received,,413.817,52c81a12-cc00-4cb2-9950-c916b7e8b9a4,3,2,0,3
1788859973.143,1,2,-14.938,0.027,7.788,0.005,0.027,10.889,15.261,-39.492,80.508,1,,0,received,,406.035,07703b93-2226-4aeb-9b57-2ecd6b6d8c41,1,2,0,3
1788859973.143,1,3,-14.938,0.027,7.788,14.962,-0.029,10.538,30.026,-46.400,73.600,1,,0,received,,413.312,49b175a7-9da5-4ffd-b507-d3e7027640a3,1,3,0,3
1788859973.144,2,1,0.005,0.027,10.889,-14.938,0.027,7.788,15.261,-39.492,80.508,1,,0,received,,396.572,822b969f-d12c-456a-b291-d117a7843f99,2,1,0,3
1788859973.144,2,3,0.005,0.027,10.889,14.962,-0.029,10.538,14.962,-39.290,80.710,1,,0,received,,401.296,3c417545-25ce-4b20-ae12-11eef63f997f,2,3,0,3
1788859973.144,3,1,14.962,-0.029,10.538,-14.938,0.027,7.788,30.026,-46.400,73.600,1,,0,received,,406.528,7e215449-3a6b-44c1-8da8-2b6a535ba5c5,3,1,0,3
1788859973.144,3,2,14.962,-0.029,10.538,0.005,0.027,10.889,14.962,-39.290,80.710,1,,0,received,,397.631,5e9c1544-2c71-4eb8-852d-960755e31f26,3,2,0,3
1788859974.178,1,2,-14.953,0.027,7.828,-0.003,0.016,11.269,15.341,-39.546,80.454,1,,0,received,,409.139,e2cfd6b2-7d52-4cc2-8a50-24ef0059ab38,1,2,0,3
1788859974.178,1,3,-14.953,0.027,7.828,14.954,-0.006,11.574,30.141,-46.439,73.561,1,,0,dropped,channel_loss,405.154,7545a0cb-1710-425c-85cb-b22ae556124b,1,3,0,3
1788859974.178,1,2,-14.953,0.027,7.828,-0.003,0.016,11.269,15.341,-39.546,80.454,1,,0,received,,396.753,7545a0cb-1710-425c-85cb-b22ae556124b,1,3,1,2
1788859974.179,2,3,-0.003,0.016,11.269,14.954,-0.006,11.574,14.961,-39.290,80.710,1,,0,received,,403.785,7545a0cb-1710-425c-85cb-b22ae556124b,1,3,2,1
1788859974.179,2,1,-0.003,0.016,11.269,-14.953,0.027,7.828,15.341,-39.546,80.454,1,,0,received,,400.151,e554b521-adca-4469-9719-2b5bfcf0133e,2,1,0,3
1788859974.179,2,3,-0.003,0.016,11.269,14.954,-0.006,11.574,14.961,-39.290,80.710,1,,0,received,,414.382,a49da88b-53f2-410e-8cd7-cbe886894a4e,2,3,0,3
1788859974.179,3,1,14.954,-0.006,11.574,-14.953,0.027,7.828,30.141,-46.439,73.561,1,,0,received,,406.648,96969b4d-84a9-4563-bb99-7b5f77892ff7,3,1,0,3
1788859974.179,3,2,14.954,-0.006,11.574,-0.003,0.016,11.269,14.961,-39.290,80.710,1,,0,dropped,channel_loss,415.135,ef55980a-55b8-4949-be9e-831e1003f799,3,2,0,3
1788859974.179,3,1,14.954,-0.006,11.574,-14.953,0.027,7.828,30.141,-46.439,73.561,1,,0,received,,400.534,ef55980a-55b8-4949-be9e-831e1003f799,3,2,1,2
1788859974.179,1,2,-14.953,0.027,7.828,-0.003,0.016,11.269,15.341,-39.546,80.454,1,,0,received,,410.269,ef55980a-55b8-4949-be9e-831e1003f799,3,2,2,1
1788859975.185,1,2,-14.953,0.027,7.908,-0.003,0.005,11.682,15.419,-39.598,80.402,1,,0,received,,408.174,e152ae3d-1f15-40e7-ac22-510a77368c20,1,2,0,3
1788859975.185,1,3,-14.953,0.027,7.908,14.939,0.005,12.855,30.299,-46.492,73.508,1,,0,received,,398.774,7bc3daea-3d06-4be3-a62d-947440c1861d,1,3,0,3
1788859975.186,2,1,-0.003,0.005,11.682,-14.953,0.027,7.908,15.419,-39.598,80.402,1,,0,received,,407.840,441d9762-c368-4f20-8ac3-a74438d4ff1c,2,1,0,3
1788859975.186,2,3,-0.003,0.005,11.682,14.939,0.005,12.855,14.988,-39.309,80.691,1,,0,received,,396.969,b37b4297-6498-4137-9298-d621dcfac741,2,3,0,3
1788859975.186,3,1,14.939,0.005,12.855,-14.953,0.027,7.908,30.299,-46.492,73.508,1,,0,received,,401.810,a8484782-a131-49ec-9b68-733c6c0d293e,3,1,0,3
1788859975.186,3,2,14.939,0.005,12.855,-0.003,0.005,11.682,14.988,-39.309,80.691,1,,0,received,,412.299,cca6ccf2-536e-4530-b9e2-a6cdbe7b14fb,3,2,0,3
1788859976.234,1,2,-14.945,0.005,7.923,0.005,0.005,11.874,15.463,-39.627,80.373,1,,0,received,,409.018,64c5f7d2-b441-4eb4-bd06-3b71d18c76c7,1,2,0,3
1788859976.234,1,3,-14.945,0.005,7.923,14.939,0.005,14.039,30.504,-46.561,73.439,1,,0,received,,414.048,8f816bc0-00d2-4318-b0e3-483ef67a1c23,1,3,0,3
1788859976.234,2,1,0.005,0.005,11.874,-14.945,0.005,7.923,15.463,-39.627,80.373,1,,0,received,,406.146,b84c9eaf-1f5e-4eda-8a71-5dbc0e655dcc,2,1,0,3
1788859976.235,2,3,0.005,0.005,11.874,14.939,0.005,14.039,15.091,-39.378,80.622,1,,0,received,,401.434,15a0a684-90c7-4eb4-88fc-38d86d52ec8a,2,3,0,3
1788859976.235,3,1,14.939,0.005,14.039,-14.945,0.005,7.923,30.504,-46.561,73.439,1,,0,received,,414.548,8ba11f6e-da0f-43d5-9642-f412760ece62,3,1,0,3
1788859976.235,3,2,14.939,0.005,14.039,0.005,0.005,11.874,15.091,-39.378,80.622,1,,0,received,,405.436,81d13c78-01b8-4eae-be0c-167ce6cc65f9,3,2,0,3
1788859977.245,1,2,-14.938,-0.018,7.882,0.012,0.016,12.078,15.527,-39.669,80.331,1,,0,dropped,channel_loss,408.297,618304d6-f9ae-42e6-b469-5082f550107e,1,2,0,3
1788859977.246,1,3,-14.938,-0.018,7.882,14.947,-0.006,14.845,30.685,-46.621,73.379,1,,0,received,,403.409,618304d6-f9ae-42e6-b469-5082f550107e,1,2,1,2
1788859977.246,3,2,14.947,-0.006,14.845,0.012,0.016,12.078,15.189,-39.444,80.556,1,,0,received,,402.380,618304d6-f9ae-42e6-b469-5082f550107e,1,2,2,1
1788859977.246,1,3,-14.938,-0.018,7.882,14.947,-0.006,14.845,30.685,-46.621,73.379,1,,0,received,,407.652,f0817501-def1-47d0-bb9e-a0de10dd3b10,1,3,0,3
1788859977.246,2,1,0.012,0.016,12.078,-14.938,-0.018,7.882,15.527,-39.669,80.331,1,,0,received,,399.215,739a8897-9548-4051-a890-6b7ebdd1b4a4,2,1,0,3
1788859977.246,2,3,0.012,0.016,12.078,14.947,-0.006,14.845,15.189,-39.444,80.556,1,,0,received,,413.698,619dbef5-c456-492f-8cc3-7462a493e0d6,2,3,0,3
1788859977.246,3,1,14.947,-0.006,14.845,-14.938,-0.018,7.882,30.685,-46.621,73.379,1,,0,received,,409.109,7626c0f2-eb4b-4ece-afe7-66bff4014f7c,3,1,0,3
1788859977.247,3,2,14.947,-0.006,14.845,0.012,0.016,12.078,15.189,-39.444,80.556,1,,0,received,,414.607,7d4ef404-4f0e-498f-b693-314e83917ce9,3,2,0,3
1788859978.294,1,2,-14.938,-0.018,7.893,0.005,0.016,12.250,15.565,-39.694,80.306,1,,0,received,,399.930,ae597fe8-42b3-4091-938b-86dca168f0b3,1,2,0,3
1788859978.294,1,3,-14.938,-0.018,7.893,14.970,-0.018,15.414,30.839,-46.672,73.328,1,,0,received,,406.161,fa7e0963-e090-449a-8a78-082947917bf1,1,3,0,3
1788859978.294,2,1,0.005,0.016,12.250,-14.938,-0.018,7.893,15.565,-39.694,80.306,1,,0,received,,397.008,bcab389c-a126-4077-b3fb-dfb1444ca100,2,1,0,3
1788859978.295,2,3,0.005,0.016,12.250,14.970,-0.018,15.414,15.296,-39.516,80.484,1,,0,dropped,channel_loss,413.403,2161af3d-7dc0-4b70-a664-5735105b749e,2,3,0,3
1788859978.295,2,1,0.005,0.016,12.250,-14.938,-0.018,7.893,15.565,-39.694,80.306,1,,0,received,,397.493,2161af3d-7dc0-4b70-a664-5735105b749e,2,3,1,2
1788859978.295,1,3,-14.938,-0.018,7.893,14.970,-0.018,15.414,30.839,-46.672,73.328,1,,0,received,,405.112,2161af3d-7dc0-4b70-a664-5735105b749e,2,3,2,1
1788859978.295,3,1,14.970,-0.018,15.414,-14.938,-0.018,7.893,30.839,-46.672,73.328,1,,0,received,,405.322,9d0cd247-86a7-4190-8c6a-d29367cd30a6,3,1,0,3
1788859978.296,3,2,14.970,-0.018,15.414,0.005,0.016,12.250,15.296,-39.516,80.484,1,,0,received,,411.839,ef5d96f0-5d78-4117-8aaa-298f84a380bc,3,2,0,3
1788859979.294,1,2,-15.028,0.060,7.922,-0.011,-0.062,12.385,15.667,-39.761,80.239,1,,0,dropped,channel_loss,400.019,ae7b4857-5c7f-4a90-93db-05a3cc4fd957,1,2,0,3
1788859979.294,1,3,-15.028,0.060,7.922,15.045,0.027,15.875,31.107,-46.761,73.239,1,,0,received,,402.816,ae7b4857-5c7f-4a90-93db-05a3cc4fd957,1,2,1,2
1788859979.295,3,2,15.045,0.027,15.875,-0.011,-0.062,12.385,15.455,-39.621,80.379,1,,0,dropped,channel_loss,405.309,ae7b4857-5c7f-4a90-93db-05a3cc4fd957,1,2,2,1
1788859979.295,1,3,-15.028,0.060,7.922,15.045,0.027,15.875,31.107,-46.761,73.239,1,,0,received,,412.425,96c4facc-65e7-44ee-983e-2ef31a0f689a,1,3,0,3
1788859979.295,2,1,-0.011,-0.062,12.385,-15.028,0.060,7.922,15.667,-39.761,80.239,1,,0,received,,410.944,26975f14-df0e-4400-ade5-80c0714b4d23,2,1,0,3
1788859979.295,2,3,-0.011,-0.062,12.385,15.045,0.027,15.875,15.455,-39.621,80.379,1,,0,received,,413.829,44dfaff3-20f2-4690-827e-5efb99eed574,2,3,0,3
1788859979.295,3,1,15.045,0.027,15.875,-15.028,0.060,7.922,31.107,-46.761,73.239,1,,0,received,,411.555,56aafa19-b45a-480c-9298-0ff25d1aa07c,3,1,0,3
1788859979.295,3,2,15.045,0.027,15.875,-0.011,-0.062,12.385,15.455,-39.621,80.379,1,,0,received,,401.115,814fc495-2b8e-42f8-ab1a-77a585ccf896,3,2,0,3
1788859980.332,1,2,-15.518,0.383,8.008,-0.011,-0.518,12.512,16.173,-40.085,79.915,1,,0,received,,415.122,85030788-de06-4634-8c0e-53a479eb8cd1,1,2,0,3
1788859980.332,1,3,-15.518,0.383,8.008,15.361,0.328,16.123,31.928,-47.026,72.974,1,,0,received,,398.116,419ac6e0-9d1b-468f-b540-dc373c8a7d1b,1,3,0,3
1788859980.332,2,1,-0.011,-0.518,12.512,-15.518,0.383,8.008,16.173,-40.085,79.915,1,,0,received,,402.047,a8eb2004-587d-481c-ac1d-4c8995a9f760,2,1,0,3
1788859980.333,2,3,-0.011,-0.518,12.512,15.361,0.328,16.123,15.813,-39.855,80.145,1,,0,received,,406.013,c5e7f3a3-e7af-4bb5-b210-1bf84acbc66d,2,3,0,3
1788859980.333,3,1,15.361,0.328,16.123,-15.518,0.383,8.008,31.928,-47.026,72.974,1,,0,received,,401.580,12b4e345-bd89-44d0-8c29-c9eb9355c30f,3,1,0,3
1788859980.333,3,2,15.361,0.328,16.123,-0.011,-0.518,12.512,15.813,-39.855,80.145,1,,0,received,,409.094,c4d17990-0f94-47f6-97f2-4a1042886819,3,2,0,3
1788859981.416,1,2,-15.824,0.446,8.011,0.035,-0.775,12.569,16.547,-40.318,79.682,1,,0,received,,399.815,c0d9e3a8-55fa-4dde-af8e-cae11972eed7,1,2,0,3
1788859981.416,1,3,-15.824,0.446,8.011,15.581,0.542,16.094,32.430,-47.186,72.814,1,,0,received,,396.017,c6fecbd8-3b9c-4d46-a010-d00180f8b925,1,3,0,3
1788859981.416,2,1,0.035,-0.775,12.569,-15.824,0.446,8.011,16.547,-40.318,79.682,1,,0,received,,409.249,fbb183b1-e0d7-435d-8054-374f31ced6c8,2,1,0,3
1788859981.416,2,3,0.035,-0.775,12.569,15.581,0.542,16.094,15.995,-39.972,80.028,1,,0,received,,402.866,73839544-8cdd-47df-a505-91eaaf7c6a7a,2,3,0,3
1788859981.417,3,1,15.581,0.542,16.094,-15.824,0.446,8.011,32.430,-47.186,72.814,1,,0,received,,411.559,3efa5753-8e22-4fbd-b0d2-b8ebf2629ccc,3,1,0,3
1788859981.417,3,2,15.581,0.542,16.094,0.035,-0.775,12.569,15.995,-39.972,80.028,1,,0,dropped,channel_loss,405.051,3f4cd5ed-c63a-4d84-a4cb-152e0cc3afae,3,2,0,3
1788859981.417,3,1,15.581,0.542,16.094,-15.824,0.446,8.011,32.430,-47.186,72.814,1,,0,received,,405.190,3f4cd5ed-c63a-4d84-a4cb-152e0cc3afae,3,2,1,2
1788859981.417,1,2,-15.824,0.446,8.011,0.035,-0.775,12.569,16.547,-40.318,79.682,1,,0,received,,412.538,3f4cd5ed-c63a-4d84-a4cb-152e0cc3afae,3,2,2,1
1788859982.444,1,2,-17.605,1.251,8.024,0.035,-2.478,12.687,18.623,-41.525,78.475,1,,0,received,,403.950,ed42deeb-469f-4faa-96d8-b8cbebaa2060,1,2,0,3
1788859982.444,1,3,-17.605,1.251,8.024,16.997,1.530,16.336,35.587,-48.134,71.866,1,,0,received,,404.283,62aa5bbb-20ad-4206-85dd-74461f97ad1c,1,3,0,3
1788859982.445,2,1,0.035,-2.478,12.687,-17.605,1.251,8.024,18.623,-41.525,78.475,1,,0,received,,403.344,d9ed9411-cb79-4a2a-81e2-27f1d1f0de36,2,1,0,3
1788859982.445,2,3,0.035,-2.478,12.687,16.997,1.530,16.336,17.807,-41.067,78.933,1,,0,received,,398.231,47f7f020-0800-4c80-8fa2-0a4ea7ecbbea,2,3,0,3
1788859982.445,3,1,16.997,1.530,16.336,-17.605,1.251,8.024,35.587,-48.134,71.866,1,,0,received,,414.528,5525ab32-ca03-4994-a9fc-64b2e85b8513,3,1,0,3
1788859982.445,3,2,16.997,1.530,16.336,0.035,-2.478,12.687,17.807,-41.067,78.933,1,,0,received,,408.998,f147dc66-e561-4fe7-8b59-a79aa7e904c8,3,2,0,3
1788859983.483,1,2,-19.067,1.931,7.983,0.012,-3.947,12.630,20.498,-42.504,77.496,1,,0,received,,412.179,a152d0cc-416e-463f-b3aa-9404cc38004b,1,2,0,3
1788859983.483,1,3,-19.067,1.931,7.983,18.443,2.387,16.449,38.457,-48.925,71.075,1,,0,received,,412.331,677e51c2-fbc4-4958-af78-0eee5f09957f,1,3,0,3
1788859983.484,2,1,0.012,-3.947,12.630,-19.067,1.931,7.983,20.498,-42.504,77.496,1,,0,received,,401.477,96ee7ea0-cee5-43be-952b-53be1b1a8404,2,1,0,3
1788859983.484,2,3,0.012,-3.947,12.630,18.443,2.387,16.449,19.860,-42.181,77.819,1,,0,received,,410.332,561cc44e-5f4a-464b-8871-ae6615ea87b4,2,3,0,3
1788859983.484,3,1,18.443,2.387,16.449,-19.067,1.931,7.983,38.457,-48.925,71.075,1,,0,received,,395.862,cc0677f4-58e1-4f22-9390-ff026e2b6239,3,1,0,3
1788859983.484,3,2,18.443,2.387,16.449,0.012,-3.947,12.630,19.860,-42.181,77.819,1,,0,received,,407.767,4eb2cb95-62af-4c26-ae86-3ee9b6306b86,3,2,0,3
1788859984.493,1,2,-20.815,2.810,8.054,-0.048,-5.673,12.741,22.917,-43.642,76.358,1,,0,dropped,channel_loss,415.093,ad0f000e-bf9c-4d51-9ca5-2e9b27afa10c,1,2,0,3
1788859984.493,1,3,-20.815,2.810,8.054,20.018,3.177,16.547,41.709,-49.754,70.246,1,,0,received,,403.824,ad0f000e-bf9c-4d51-9ca5-2e9b27afa10c,1,2,1,2
1788859984.493,3,2,20.018,3.177,16.547,-0.048,-5.673,12.741,22.259,-43.345,76.655,1,,0,received,,407.819,ad0f000e-bf9c-4d51-9ca5-2e9b27afa10c,1,2,2,1
1788859984.494,1,3,-20.815,2.810,8.054,20.018,3.177,16.547,41.709,-49.754,70.246,1,,0,received,,404.018,1709eea6-50ac-42f2-93a5-592a7651ccb0,1,3,0,3
1788859984.494,2,1,-0.048,-5.673,12.741,-20.815,2.810,8.054,22.917,-43.642,76.358,1,,0,received,,413.213,98734d17-e167-4939-b3c9-9c8219908be0,2,1,0,3
1788859984.494,2,3,-0.048,-5.673,12.741,20.018,3.177,16.547,22.259,-43.345,76.655,1,,0,received,,411.067,0f517483-a454-4a88-80e5-f3532804b268,2,3,0,3
1788859984.494,3,1,20.018,3.177,16.547,-20.815,2.810,8.054,41.709,-49.754,70.246,1,,0,received,,402.641,44504272-18d3-42e1-a12d-923916a0e726,3,1,0,3
1788859984.494,3,2,20.018,3.177,16.547,-0.048,-5.673,12.741,22.259,-43.345,76.655,1,,0,received,,405.767,83dc0a21-9284-4901-ac36-99dc38a42562,3,2,0,3
1788859985.507,1,2,-23.460,4.124,8.022,-0.124,-8.367,12.719,26.882,-45.271,74.729,1,,0,received,,410.994,7089259d-6c35-4fa7-b534-36e0e1bb2760,1,2,0,3
1788859985.507,1,3,-23.460,4.124,8.022,22.784,4.469,16.707,47.054,-50.984,69.016,1,,0,received,,396.724,27a5b530-9c0e-4bbf-a441-3a8cb3c5165c,1,3,0,3
1788859985.507,2,1,-0.124,-8.367,12.719,-23.460,4.124,8.022,26.882,-45.271,74.729,1,,0,received,,407.538,28ec8710-cf67-4357-aa3e-48dbbcabcb94,2,1,0,3
1788859985.507,2,3,-0.124,-8.367,12.719,22.784,4.469,16.707,26.559,-45.147,74.853,1,,0,received,,413.401,427406ac-f811-4c14-ac97-865a93235fcb,2,3,0,3
1788859985.508,3,1,22.784,4.469,16.707,-23.460,4.124,8.022,47.054,-50.984,69.016,1,,0,received,,404.367,05124c31-b38f-44b5-84b1-3b3cd3805a9b,3,1,0,3
1788859985.508,3,2,22.784,4.469,16.707,-0.124,-8.367,12.719,26.559,-45.147,74.853,1,,0,received,,400.251,cbf5cfff-e341-4830-91f7-1b53ad88e5da,3,2,0,3
1788859986.557,1,2,-26.949,5.738,8.091,-0.146,-11.895,12.845,32.433,-47.187,72.813,1,,0,received,,411.237,3e4aebc4-0a4c-4879-942d-8884956b00bb,1,2,0,3
1788859986.557,1,3,-26.949,5.738,8.091,26.046,5.949,16.782,53.704,-52.334,67.666,1,,0,received,,408.696,06fd25e3-38b7-4557-bdfb-86019e10be21,1,3,0,3
1788859986.558,2,1,-0.146,-11.895,12.845,-26.949,5.738,8.091,32.433,-47.187,72.813,1,,0,received,,403.979,9cc60088-2412-406d-889e-4df84a64d9c3,2,1,0,3
1788859986.558,2,3,-0.146,-11.895,12.845,26.046,5.949,16.782,31.937,-47.029,72.971,1,,0,received,,406.896,fa821b7f-55fb-45a3-ace2-3b211a5bd17c,2,3,0,3
1788859986.558,3,1,26.046,5.949,16.782,-26.949,5.738,8.091,53.704,-52.334,67.666,1,,0,received,,403.630,5a9c4d69-d4b0-4c61-b015-d0183dd39859,3,1,0,3
1788859986.558,3,2,26.046,5.949,16.782,-0.146,-11.895,12.845,31.937,-47.029,72.971,1,,0,received,,412.050,c6bb16ef-14d1-4c7b-9f24-6938d982d165,3,2,0,3
1788859987.587,1,2,-30.686,7.452,8.052,-0.124,-15.669,12.807,38.617,-48.968,71.032,1,,0,received,,402.838,5ea14347-10b8-4f49-b5ef-b021f720a6c0,1,2,0,3
1788859987.587,1,3,-30.686,7.452,8.052,29.935,7.719,16.925,61.268,-53.678,66.322,1,,0,received,,399.888,8c3b9aa6-544d-4cbe-8659-305be989ff10,1,3,0,3
1788859987.587,2,1,-0.124,-15.669,12.807,-30.686,7.452,8.052,38.617,-48.968,71.032,1,,0,received,,406.640,51a94f20-6314-4938-b8ef-ce530a27be07,2,1,0,3
1788859987.588,2,3,-0.124,-15.669,12.807,29.935,7.719,16.925,38.307,-48.886,71.114,1,,0,dropped,channel_loss,401.049,81e61b9f-09ef-4123-9e04-7e3e558bee26,2,3,0,3
1788859987.588,2,1,-0.124,-15.669,12.807,-30.686,7.452,8.052,38.617,-48.968,71.032,1,,0,dropped,channel_loss,408.309,81e61b9f-09ef-4123-9e04-7e3e558bee26,2,3,1,2
1788859987.588,3,1,29.935,7.719,16.925,-30.686,7.452,8.052,61.268,-53.678,66.322,1,,0,received,,406.463,326d809b-4766-4f5b-8040-223635742296,3,1,0,3
1788859987.588,3,2,29.935,7.719,16.925,-0.124,-15.669,12.807,38.307,-48.886,71.114,1,,0,received,,410.038,beea7d72-fa6f-49cd-8acb-730870d61af9,3,2,0,3
1788859988.628,1,2,-34.906,9.478,8.091,-0.086,-19.966,12.836,45.847,-50.719,69.281,1,,0,received,,407.272,36553245-1ec0-4002-b68a-e6b4aefcb115,1,2,0,3
1788859988.629,1,3,-34.906,9.478,8.091,33.898,9.545,16.971,69.375,-54.947,65.053,1,,0,received,,413.227,ceb584fd-f966-4638-b759-81cde3da9eeb,1,3,0,3
1788859988.629,2,1,-0.086,-19.966,12.836,-34.906,9.478,8.091,45.847,-50.719,69.281,1,,0,received,,411.121,09d0ffe0-2bb4-4bbe-9ec6-8eed16354230,2,1,0,3
1788859988.629,2,3,-0.086,-19.966,12.836,33.898,9.545,16.971,45.198,-50.574,69.426,1,,0,received,,402.191,18610db8-0bc6-4847-a294-5c4d3673bfef,2,3,0,3
1788859988.629,3,1,33.898,9.545,16.971,-34.906,9.478,8.091,69.375,-54.947,65.053,1,,0,received,,407.562,52bcd7d4-0fdc-4846-a98f-6dfd75b9ca8a,3,1,0,3
1788859988.629,3,2,33.898,9.545,16.971,-0.086,-19.966,12.836,45.198,-50.574,69.426,1,,0,received,,409.563,9877575a-c44e-43d1-b939-51cdc9bc8774,3,2,0,3
1788859989.668,1,2,-38.990,11.582,8.002,-0.033,-24.307,12.842,53.190,-52.235,67.765,1,,0,received,,411.911,64ed9d71-1c29-4318-a947-3285f011e231,1,2,0,3
1788859989.668,1,3,-38.990,11.582,8.002,38.268,11.638,17.024,77.784,-56.114,63.886,1,,0,received,,413.212,cef74850-1d87-4773-b651-e0e49d8cd5fc,1,3,0,3
1788859989.669,2,1,-0.033,-24.307,12.842,-38.990,11.582,8.002,53.190,-52.235,67.765,1,,0,received,,401.323,3afa1b41-427a-4ecb-b412-1b06f9bc6ae5,2,1,0,3
1788859989.669,2,3,-0.033,-24.307,12.842,38.268,11.638,17.024,52.693,-52.140,67.860,1,,0,received,,406.736,3ef63ad2-537a-4d02-a16d-f5a3519320f7,2,3,0,3
1788859989.669,3,1,38.268,11.638,17.024,-38.990,11.582,8.002,77.784,-56.114,63.886,1,,0,received,,396.947,1496d0d7-ea00-4d22-b047-ee933d01e2ec,3,1,0,3
1788859989.669,3,2,38.268,11.638,17.024,-0.033,-24.307,12.842,52.693,-52.140,67.860,1,,0,received,,410.094,4d961b37-a956-4459-89dd-ddbb40f0e67e,3,2,0,3
1788859990.673,1,2,-42.630,13.586,7.972,0.005,-28.437,12.831,60.060,-53.475,66.525,1,,0,received,,397.787,165507bc-0047-4481-a7e0-f4861349277e,1,2,0,3
1788859990.674,1,3,-42.630,13.586,7.972,41.998,13.508,17.103,85.119,-57.034,62.966,1,,0,received,,414.574,262d9115-dfd3-450b-be2a-b716ff3e2328,1,3,0,3
1788859990.674,2,1,0.005,-28.437,12.831,-42.630,13.586,7.972,60.060,-53.475,66.525,1,,0,received,,413.414,11daa437-4518-42e0-8e05-98c4031f0ba8,2,1,0,3
1788859990.674,2,3,0.005,-28.437,12.831,41.998,13.508,17.103,59.507,-53.381,66.619,1,,0,received,,400.284,bc7b5d4c-6096-422f-b970-d708c829e4cc,2,3,0,3
1788859990.674,3,1,41.998,13.508,17.103,-42.630,13.586,7.972,85.119,-57.034,62.966,1,,0,received,,404.781,b643c4f6-787c-4d80-bda6-389158c7b5df,3,1,0,3
1788859990.674,3,2,41.998,13.508,17.103,0.005,-28.437,12.831,59.507,-53.381,66.619,1,,0,received,,410.075,6a5d2eaf-949b-4c38-9a20-4477d25f7f26,3,2,0,3
1788859991.686,1,2,-46.721,15.834,7.966,0.020,-33.280,12.828,67.975,-54.739,65.261,1,,0,received,,397.448,26cb2ad4-76bf-4ba8-83d9-863130c10479,1,2,0,3
1788859991.686,1,3,-46.721,15.834,7.966,46.196,15.612,17.177,93.373,-57.979,62.021,1,,0,dropped,channel_loss,397.959,4a24540f-0a5c-48b5-b7b6-cd0d04f5ea8f,1,3,0,3
1788859991.686,1,2,-46.721,15.834,7.966,0.020,-33.280,12.828,67.975,-54.739,65.261,1,,0,dropped,channel_loss,412.347,4a24540f-0a5c-48b5-b7b6-cd0d04f5ea8f,1,3,1,2
1788859991.686,2,1,0.020,-33.280,12.828,-46.721,15.834,7.966,67.975,-54.739,65.261,1,,0,received,,414.743,1f3744cf-0cbb-4b22-ad3d-12d9b31170ea,2,1,0,3
1788859991.687,2,3,0.020,-33.280,12.828,46.196,15.612,17.177,67.391,-54.651,65.349,1,,0,dropped,channel_loss,411.236,08304738-a808-4c87-b5cc-ef5d26479988,2,3,0,3
1788859991.687,2,1,0.020,-33.280,12.828,-46.721,15.834,7.966,67.975,-54.739,65.261,1,,0,received,,410.958,08304738-a808-4c87-b5cc-ef5d26479988,2,3,1,2
1788859991.687,1,3,-46.721,15.834,7.966,46.196,15.612,17.177,93.373,-57.979,62.021,1,,0,received,,405.876,08304738-a808-4c87-b5cc-ef5d26479988,2,3,2,1
1788859991.687,3,1,46.196,15.612,17.177,-46.721,15.834,7.966,93.373,-57.979,62.021,1,,0,received,,408.601,ae007ab4-1be7-4d20-b41e-e257560aa9c7,3,1,0,3
1788859991.687,3,2,46.196,15.612,17.177,0.020,-33.280,12.828,67.391,-54.651,65.349,1,,0,received,,406.835,f95c994d-8850-477c-b047-81a8103f7937,3,2,0,3
1788859992.693,1,2,-51.084,18.139,8.013,0.020,-37.989,12.914,76.065,-55.886,64.114,1,,0,received,,413.950,f5c1cfd9-41f6-4c64-9cbb-feb43b11773c,1,2,0,3
1788859992.693,1,3,-51.084,18.139,8.013,50.453,17.716,17.221,101.955,-58.876,61.124,1,,0,received,,399.821,82b72147-c110-466e-901c-6dc4d47f590d,1,3,0,3
1788859992.693,2,1,0.020,-37.989,12.914,-51.084,18.139,8.013,76.065,-55.886,64.114,1,,0,received,,412.829,bbfd637e-063d-4265-829a-cc88ce24a640,2,1,0,3
1788859992.693,2,3,0.020,-37.989,12.914,50.453,17.716,17.221,75.266,-55.779,64.221,1,,0,received,,413.449,6f6c21e1-e32c-40df-aeff-c0580fddd146,2,3,0,3
1788859992.693,3,1,50.453,17.716,17.221,-51.084,18.139,8.013,101.955,-58.876,61.124,1,,0,received,,396.409,7abbc97e-0b86-4c3d-be1c-5b39603c9213,3,1,0,3
1788859992.693,3,2,50.453,17.716,17.221,0.020,-37.989,12.914,75.266,-55.779,64.221,1,,0,received,,413.332,63c1cbd9-f5a6-41cf-878e-0b3888d1da0d,3,2,0,3
1788859993.700,1,2,-55.131,20.198,7.949,0.020,-41.773,12.837,83.102,-56.789,63.211,1,,0,received,,403.310,bf936874-2a85-413a-8d9e-221f56567813,1,2,0,3
1788859993.700,1,3,-55.131,20.198,7.949,54.665,19.786,17.317,110.196,-59.669,60.331,1,,0,received,,414.070,d4f09423-ea8f-48cd-b0bc-01e7e927fee6,1,3,0,3
1788859993.700,2,1,0.020,-41.773,12.837,-55.131,20.198,7.949,83.102,-56.789,63.211,1,,0,received,,404.997,887bdfaa-7efa-4b18-8114-e7cd9398caaf,2,1,0,3
1788859993.700,2,3,0.020,-41.773,12.837,54.665,19.786,17.317,82.437,-56.707,63.293,1,,0,received,,412.889,4d7e61ef-b065-43aa-b4cd-71530b0338d1,2,3,0,3
1788859993.701,3,1,54.665,19.786,17.317,-55.131,20.198,7.949,110.196,-59.669,60.331,1,,0,received,,404.217,3f38fe64-fb6e-4105-b1e1-70d7c72beed9,3,1,0,3
1788859993.701,3,2,54.665,19.786,17.317,0.020,-41.773,12.837,82.437,-56.707,63.293,1,,0,received,,410.007,a4fc9ccc-04e0-4443-bf3f-b0145d112729,3,2,0,3
1788859994.755,1,2,-59.501,22.391,7.932,0.020,-45.213,12.844,90.206,-57.627,62.373,1,,0,dropped,channel_loss,403.527,578ba811-d822-46e0-92e8-f56b50f527cb,1,2,0,3
1788859994.755,1,3,-59.501,22.391,7.932,59.021,21.946,17.377,118.898,-60.445,59.555,1,,0,received,,398.235,578ba811-d822-46e0-92e8-f56b50f527cb,1,2,1,2
1788859994.755,3,2,59.021,21.946,17.377,0.020,-45.213,12.844,89.510,-57.547,62.453,1,,0,received,,397.125,578ba811-d822-46e0-92e8-f56b50f527cb,1,2,2,1
1788859994.756,1,3,-59.501,22.391,7.932,59.021,21.946,17.377,118.898,-60.445,59.555,1,,0,received,,403.307,08569cd0-a6cb-460d-86c0-24d44ab6de10,1,3,0,3
1788859994.756,2,1,0.020,-45.213,12.844,-59.501,22.391,7.932,90.206,-57.627,62.373,1,,0,dropped,channel_loss,395.799,22121891-d443-4c5a-b39f-c8b018404390,2,1,0,3
1788859994.756,2,3,0.020,-45.213,12.844,59.021,21.946,17.377,89.510,-57.547,62.453,1,,0,received,,404.012,22121891-d443-4c5a-b39f-c8b018404390,2,1,1,2
1788859994.756,3,1,59.021,21.946,17.377,-59.501,22.391,7.932,118.898,-60.445,59.555,1,,0,dropped,channel_loss,412.253,22121891-d443-4c5a-b39f-c8b018404390,2,1,2,1
1788859994.756,2,3,0.020,-45.213,12.844,59.021,21.946,17.377,89.510,-57.547,62.453,1,,0,received,,408.858,508dae46-6caa-4cc3-84c8-b359714da774,2,3,0,3
1788859994.756,3,1,59.021,21.946,17.377,-59.501,22.391,7.932,118.898,-60.445,59.555,1,,0,received,,414.701,ecc6277a-bb0c-4371-ab8e-557e4547382f,3,1,0,3
1788859994.756,3,2,59.021,21.946,17.377,0.020,-45.213,12.844,89.510,-57.547,62.453,1,,0,received,,403.107,fd97d8f2-98a0-4097-9fb6-aebf5d84e81a,3,2,0,3
1788859995.795,1,2,-61.573,23.426,7.922,0.012,-46.705,12.850,93.464,-57.989,62.011,1,,0,received,,397.588,4b8eff28-8521-4715-9c6f-9ded78cb1bd8,1,2,0,3
1788859995.795,1,3,-61.573,23.426,7.922,61.078,22.970,17.406,123.018,-60.793,59.207,1,,0,received,,404.239,3b1fda32-d90b-4c8f-89bc-b0f12088259c,1,3,0,3
1788859995.796,2,1,0.012,-46.705,12.850,-61.573,23.426,7.922,93.464,-57.989,62.011,1,,0,received,,407.978,51cad351-ed68-41e3-a442-144e17e876a6,2,1,0,3
1788859995.796,2,3,0.012,-46.705,12.850,61.078,22.970,17.406,92.760,-57.911,62.089,1,,0,received,,395.571,8cabd6ec-be35-4739-bd90-0b611b74b6bb,2,3,0,3
1788859995.796,3,1,61.078,22.970,17.406,-61.573,23.426,7.922,123.018,-60.793,59.207,1,,0,received,,400.016,7e847cc6-27dd-4d0a-86a7-f61cf9d14c39,3,1,0,3
1788859995.796,3,2,61.078,22.970,17.406,0.012,-46.705,12.850,92.760,-57.911,62.089,1,,0,received,,406.436,8049f9bb-ce3d-4d17-94ee-6c56fdf1b424,3,2,0,3
1788859996.817,1,2,-65.612,25.463,7.958,-0.003,-49.388,12.860,99.656,-58.643,61.357,1,,0,received,,410.447,b8421da7-2107-4546-bc6f-ed8591a21954,1,2,0,3
1788859996.817,1,3,-65.612,25.463,7.958,64.898,24.885,17.427,130.855,-61.423,58.577,1,,0,received,,399.463,0724065d-dbed-4c09-91fa-91bf1f7688de,1,3,0,3
1788859996.818,2,1,-0.003,-49.388,12.860,-65.612,25.463,7.958,99.656,-58.643,61.357,1,,0,received,,401.716,71c52a66-eb6e-49f5-ad7c-f8c3e6a19411,2,1,0,3
1788859996.818,2,3,-0.003,-49.388,12.860,64.898,24.885,17.427,98.739,-58.549,61.451,1,,0,received,,413.155,3731c74e-538c-434e-b5e9-2ab019226b45,2,3,0,3
1788859996.818,3,1,64.898,24.885,17.427,-65.612,25.463,7.958,130.855,-61.423,58.577,1,,0,received,,412.313,04055cb8-621c-4f6e-a77e-a26f03738b4b,3,1,0,3
1788859996.818,3,2,64.898,24.885,17.427,-0.003,-49.388,12.860,98.739,-58.549,61.451,1,,0,received,,397.744,77988be4-f89e-40c6-999c-b445a1d0ea60,3,2,0,3
1788859997.972,1,2,-66.924,26.048,7.902,0.019,-50.139,12.889,101.543,-58.835,61.165,1,,0,received,,398.634,b3a13090-291a-4081-a91a-7b451e0ea0bb,1,2,0,3
1788859997.973,1,3,-66.924,26.048,7.902,66.328,25.572,17.465,133.596,-61.635,58.365,1,,0,received,,395.660,cc073ad4-a741-45d2-9c55-c94bdbc5d867,1,3,0,3
1788859997.973,2,1,0.019,-50.139,12.889,-66.924,26.048,7.902,101.543,-58.835,61.165,1,,0,received,,410.944,0375914b-40a4-46a0-8b2f-2d04efc79fd3,2,1,0,3
1788859997.973,2,3,0.019,-50.139,12.889,66.328,25.572,17.465,100.747,-58.754,61.246,1,,0,received,,401.620,7a1f2ef7-eb1b-44aa-a8a5-4d87a120dcc1,2,3,0,3
1788859997.974,3,1,66.328,25.572,17.465,-66.924,26.048,7.902,133.596,-61.635,58.365,1,,0,received,,396.192,1760223c-9507-4b26-930f-37dfcde8584f,3,1,0,3
1788859997.974,3,2,66.328,25.572,17.465,0.019,-50.139,12.889,100.747,-58.754,61.246,1,,0,received,,405.666,e0220ab6-cf9b-47ad-98bb-46dca91f9bd9,3,2,0,3
1788859998.973,1,2,-71.558,28.525,7.899,0.005,-52.950,12.876,108.554,-59.516,60.484,1,,0,received,,404.669,7bf04a21-319b-4217-805a-62aca822d9fc,1,2,0,3
1788859998.974,1,3,-71.558,28.525,7.899,71.160,28.135,17.554,143.044,-62.332,57.668,1,,0,received,,405.409,0c06e40b-c8b3-4e71-8dd0-b862a4e2a18b,1,3,0,3
1788859998.974,2,1,0.005,-52.950,12.876,-71.558,28.525,7.899,108.554,-59.516,60.484,1,,0,received,,405.221,40353c81-290e-4937-9f10-0d9febce0275,2,1,0,3
1788859998.974,2,3,0.005,-52.950,12.876,71.160,28.135,17.554,107.980,-59.462,60.538,1,,0,dropped,channel_loss,396.012,0c135c9e-3f90-47f2-8a4f-fd8eeef681d3,2,3,0,3
1788859998.974,2,1,0.005,-52.950,12.876,-71.558,28.525,7.899,108.554,-59.516,60.484,1,,0,received,,412.484,0c135c9e-3f90-47f2-8a4f-fd8eeef681d3,2,3,1,2
1788859998.974,1,3,-71.558,28.525,7.899,71.160,28.135,17.554,143.044,-62.332,57.668,1,,0,received,,404.305,0c135c9e-3f90-47f2-8a4f-fd8eeef681d3,2,3,2,1
1788859998.974,3,1,71.160,28.135,17.554,-71.558,28.525,7.899,143.044,-62.332,57.668,1,,0,dropped,channel_loss,396.361,f0b82f57-96ed-43bc-be43-dd462f3a48f7,3,1,0,3
1788859998.975,3,2,71.160,28.135,17.554,0.005,-52.950,12.876,107.980,-59.462,60.538,1,,0,received,,403.177,f0b82f57-96ed-43bc-be43-dd462f3a48f7,3,1,1,2
1788859998.975,2,1,0.005,-52.950,12.876,-71.558,28.525,7.899,108.554,-59.516,60.484,1,,0,received,,404.950,f0b82f57-96ed-43bc-be43-dd462f3a48f7,3,1,2,1
1788859998.975,3,2,71.160,28.135,17.554,0.005,-52.950,12.876,107.980,-59.462,60.538,1,,0,received,,396.614,5ede1c71-5cea-4924-8fad-c746fcccd256,3,2,0,3
1788860000.014,1,2,-75.092,30.562,7.928,0.276,-54.787,12.907,113.971,-60.013,59.987,1,,0,received,,407.310,03bd3114-eb83-47f7-b6ba-fbca3dfcd946,1,2,0,3
1788860000.015,1,3,-75.092,30.562,7.928,74.935,30.217,17.647,150.341,-62.840,57.160,1,,0,received,,400.645,a76a5524-e118-4908-b7a7-13d061a4e4cb,1,3,0,3
1788860000.015,2,1,0.276,-54.787,12.907,-75.092,30.562,7.928,113.971,-60.013,59.987,1,,0,received,,406.112,55efa4a5-aea5-4b54-be61-da9e4862f48d,2,1,0,3
1788860000.015,2,3,0.276,-54.787,12.907,74.935,30.217,17.647,113.235,-59.947,60.053,1,,0,received,,415.037,1b8abacc-0c0c-477c-8cbd-315b7daf722a,2,3,0,3
1788860000.015,3,1,74.935,30.217,17.647,-75.092,30.562,7.928,150.341,-62.840,57.160,1,,0,received,,404.219,2962c7e8-9e5b-485d-a667-f1fddb4d227d,3,1,0,3
1788860000.016,3,2,74.935,30.217,17.647,0.276,-54.787,12.907,113.235,-59.947,60.053,1,,0,received,,397.128,be90cf6b-5ab3-4991-ac1d-e86bbf031f78,3,2,0,3
1788860001.023,1,2,-78.407,33.100,8.029,1.082,-56.590,12.941,119.946,-60.535,59.465,1,,0,received,,412.200,7685cf0b-fa47-4ef2-b7df-24242f412637,1,2,0,3
1788860001.023,1,3,-78.407,33.100,8.029,78.748,32.655,17.688,157.452,-63.311,56.689,1,,0,received,,410.524,1df69c90-12a6-4952-b430-ed92ee75eb99,1,3,0,3
1788860001.023,2,1,1.082,-56.590,12.941,-78.407,33.100,8.029,119.946,-60.535,59.465,1,,0,received,,399.445,3c532997-a2aa-4efa-bb86-b790bd19c5f5,2,1,0,3
1788860001.023,2,3,1.082,-56.590,12.941,78.748,32.655,17.688,118.402,-60.402,59.598,1,,0,received,,399.714,4afbd968-d467-4614-b0ee-c0644e0dad0c,2,3,0,3
1788860001.024,3,1,78.748,32.655,17.688,-78.407,33.100,8.029,157.452,-63.311,56.689,1,,0,received,,404.215,0e8aaee9-23a4-46ec-acf5-e1cd26fb1c56,3,1,0,3
1788860001.024,3,2,78.748,32.655,17.688,1.082,-56.590,12.941,118.402,-60.402,59.598,1,,0,received,,397.046,29c25866-909a-48b0-bcbd-0f7a08edfb2a,3,2,0,3
1788860002.067,1,2,-81.873,36.339,8.004,2.423,-58.705,12.982,127.138,-61.129,58.871,1,,0,received,,408.447,6db6146c-df09-47c8-95ba-79b4d240300b,1,2,0,3
1788860002.068,1,3,-81.873,36.339,8.004,83.058,35.872,17.719,165.218,-63.803,56.197,1,,0,received,,398.197,6cb7c9cf-fa26-4eaa-b79f-e8628fe1e6ff,1,3,0,3
1788860002.068,2,1,2.423,-58.705,12.982,-81.873,36.339,8.004,127.138,-61.129,58.871,1,,0,dropped,channel_loss,396.487,3e03ea9d-f77f-403d-bfae-f6ddd627bf48,2,1,0,3
1788860002.068,2,3,2.423,-58.705,12.982,83.058,35.872,17.719,124.375,-60.905,59.095,1,,0,received,,397.009,3e03ea9d-f77f-403d-bfae-f6ddd627bf48,2,1,1,2
1788860002.068,3,1,83.058,35.872,17.719,-81.873,36.339,8.004,165.218,-63.803,56.197,1,,0,received,,409.920,3e03ea9d-f77f-403d-bfae-f6ddd627bf48,2,1,2,1
1788860002.069,2,3,2.423,-58.705,12.982,83.058,35.872,17.719,124.375,-60.905,59.095,1,,0,received,,406.272,68ecefba-6717-43fa-a759-23fc4d7cfcd0,2,3,0,3
1788860002.070,3,1,83.058,35.872,17.719,-81.873,36.339,8.004,165.218,-63.803,56.197,1,,0,received,,406.376,d0554361-b2b9-4ec5-9bc9-3eb6e1a85447,3,1,0,3
1788860002.070,3,2,83.058,35.872,17.719,2.423,-58.705,12.982,124.375,-60.905,59.095,1,,0,received,,397.589,2265fab8-832f-4eaa-bab5-982b3c51df55,3,2,0,3
1788860003.117,1,2,-85.626,39.846,7.969,4.043,-61.277,12.996,135.247,-61.760,58.240,1,,0,received,,408.451,c1450bde-1182-4e7c-8088-a484b43f5bfb,1,2,0,3
1788860003.117,1,3,-85.626,39.846,7.969,87.187,39.056,17.660,173.086,-64.278,55.722,1,,0,received,,412.506,fd087f0a-fc1f-4599-9555-011e4f6a137a,1,3,0,3
1788860003.117,2,1,4.043,-61.277,12.996,-85.626,39.846,7.969,135.247,-61.760,58.240,1,,0,received,,414.512,52a83d55-e8e1-4c8a-ae4a-8709ab3f23b8,2,1,0,3
1788860003.118,2,3,4.043,-61.277,12.996,87.187,39.056,17.660,130.389,-61.387,58.613,1,,0,received,,402.177,25c3ec60-e4df-45dd-9f70-fff8f755f9a3,2,3,0,3
1788860003.118,3,1,87.187,39.056,17.660,-85.626,39.846,7.969,173.086,-64.278,55.722,1,,0,received,,399.399,7d913500-6e8b-4d55-8cbf-d8e6ac0bbc56,3,1,0,3
1788860003.118,3,2,87.187,39.056,17.660,4.043,-61.277,12.996,130.389,-61.387,58.613,1,,0,received,,399.629,9a6a1b84-7f60-4cd6-a258-9441f90bc55b,3,2,0,3
1788860004.150,1,2,-89.484,43.252,7.927,5.867,-64.472,12.975,143.950,-62.396,57.604,1,,0,received,,412.052,a7ba4d34-59ca-40bf-8111-821c153e94d0,1,2,0,3
1788860004.150,1,3,-89.484,43.252,7.927,91.196,42.028,17.693,180.948,-64.731,55.269,1,,0,received,,410.397,d1efdd12-9b86-429e-b942-03e19f32ce22,1,3,0,3
1788860004.150,2,1,5.867,-64.472,12.975,-89.484,43.252,7.927,143.950,-62.396,57.604,1,,0,received,,411.289,32e3546b-cd44-4e90-b0a0-7dea989ee661,2,1,0,3
1788860004.150,2,3,5.867,-64.472,12.975,91.196,42.028,17.693,136.548,-61.858,58.142,1,,0,received,,414.635,2f9eba15-3f29-4c65-8f6a-e3bc776c9e64,2,3,0,3
1788860004.150,3,1,91.196,42.028,17.693,-89.484,43.252,7.927,180.948,-64.731,55.269,1,,0,received,,407.416,271c4853-1048-45ab-a9f4-96246fa65486,3,1,0,3
1788860004.150,3,2,91.196,42.028,17.693,5.867,-64.472,12.975,136.548,-61.858,58.142,1,,0,received,,395.670,ace9c81c-c674-4d35-bcb9-a4c4944e37cd,3,2,0,3
1788860005.150,1,2,-93.440,46.648,7.970,7.683,-68.312,13.039,153.190,-63.031,56.969,1,,0,dropped,channel_loss,411.734,514ca991-ae0a-4cf9-aa38-273bb3c64486,1,2,0,3
1788860005.150,1,3,-93.440,46.648,7.970,95.220,44.956,17.675,188.917,-65.171,54.829,1,,0,received,,398.753,514ca991-ae0a-4cf9-aa38-273bb3c64486,1,2,1,2
1788860005.150,3,2,95.220,44.956,17.675,7.683,-68.312,13.039,143.226,-62.345,57.655,1,,0,received,,401.324,514ca991-ae0a-4cf9-aa38-273bb3c64486,1,2,2,1
1788860005.150,1,3,-93.440,46.648,7.970,95.220,44.956,17.675,188.917,-65.171,54.829,1,,0,received,,395.267,a6cbe4a2-fce3-4a63-8c72-867832ad66a8,1,3,0,3
1788860005.151,2,1,7.683,-68.312,13.039,-93.440,46.648,7.970,153.190,-63.031,56.969,1,,0,received,,406.471,50da0d6e-1e98-458e-87bb-c1174a8a5bce,2,1,0,3
1788860005.151,2,3,7.683,-68.312,13.039,95.220,44.956,17.675,143.226,-62.345,57.655,1,,0,received,,397.982,c53b6fdd-4777-47b9-ac3b-b2e4d6c80a8f,2,3,0,3
1788860005.151,3,1,95.220,44.956,17.675,-93.440,46.648,7.970,188.917,-65.171,54.829,1,,0,received,,395.758,48452a46-f1b2-40cd-9f96-7d850c8c6016,3,1,0,3
1788860005.151,3,2,95.220,44.956,17.675,7.683,-68.312,13.039,143.226,-62.345,57.655,1,,0,received,,399.447,25d6983c-bf69-4d2b-a35d-64fea5141b5c,3,2,0,3
1788860006.202,1,2,-97.313,50.021,7.975,9.409,-72.654,12.957,162.675,-63.644,56.356,1,,0,received,,401.962,203d0d63-a201-439e-abc9-8e56c33d0f77,1,2,0,3
1788860006.202,1,3,-97.313,50.021,7.975,99.379,47.995,17.690,196.943,-65.595,54.405,1,,0,received,,409.577,f3fda6cc-6d81-43e4-bc7a-554e427928be,1,3,0,3
1788860006.202,2,1,9.409,-72.654,12.957,-97.313,50.021,7.975,162.675,-63.644,56.356,1,,0,received,,406.496,434db3d3-5a18-4252-9f94-c65ab854a0c7,2,1,0,3
1788860006.202,2,3,9.409,-72.654,12.957,99.379,47.995,17.690,150.576,-62.856,57.144,1,,0,received,,396.197,0d936d0d-1064-42ce-bf7a-5174ad34e6fd,2,3,0,3
1788860006.203,3,1,99.379,47.995,17.690,-97.313,50.021,7.975,196.943,-65.595,54.405,1,,0,received,,407.501,482c1c10-0b09-4003-8001-37b269ff75eb,3,1,0,3
1788860006.203,3,2,99.379,47.995,17.690,9.409,-72.654,12.957,150.576,-62.856,57.144,1,,0,received,,400.587,ef7ad608-bf91-405c-b961-48b7b9ef5236,3,2,0,3
1788860007.240,1,2,-101.156,53.438,7.971,11.127,-77.429,13.002,172.508,-64.243,55.757,1,,0,received,,404.858,82eda60f-c174-442b-bed9-80e7dab48979,1,2,0,3
1788860007.240,1,3,-101.156,53.438,7.971,103.539,51.078,17.700,204.939,-66.002,53.998,1,,0,received,,400.608,5b404c24-5f5d-4065-8093-2ade64208927,1,3,0,3
1788860007.240,2,1,11.127,-77.429,13.002,-101.156,53.438,7.971,172.508,-64.243,55.757,1,,0,received,,397.421,ab4cd1a7-c6a2-4eb7-8402-0b3ea69e4d49,2,1,0,3
1788860007.240,2,3,11.127,-77.429,13.002,103.539,51.078,17.700,158.355,-63.370,56.630,1,,0,received,,400.809,6aaa9422-a80a-41bf-a61d-4b7e9cde8dec,2,3,0,3
1788860007.241,3,1,103.539,51.078,17.700,-101.156,53.438,7.971,204.939,-66.002,53.998,1,,0,received,,404.877,8e6585fa-3951-41cf-a2c0-65bab291adf2,3,1,0,3
1788860007.241,3,2,103.539,51.078,17.700,11.127,-77.429,13.002,158.355,-63.370,56.630,1,,0,received,,396.053,8fbef80f-2c3a-443e-812e-1fc723301811,3,2,0,3
1788860008.273,1,2,-104.645,56.588,7.913,12.701,-81.893,12.887,181.582,-64.767,55.233,1,,0,received,,407.131,46be054b-a5dc-4509-93c8-5431b5c512f8,1,2,0,3
1788860008.274,1,3,-104.645,56.588,7.913,107.472,54.050,17.712,212.358,-66.365,53.635,1,,0,received,,401.173,44b9794a-ab15-42f5-871c-9cd1811728f3,1,3,0,3
1788860008.274,2,1,12.701,-81.893,12.887,-104.645,56.588,7.913,181.582,-64.767,55.233,1,,0,received,,397.889,cc698fc0-7254-49b1-a5f0-8f8998a1dfb8,2,1,0,3
1788860008.274,2,3,12.701,-81.893,12.887,107.472,54.050,17.712,165.787,-63.838,56.162,1,,0,received,,401.707,97e7c935-546b-47a4-b72f-650f2cbe2f99,2,3,0,3
1788860008.274,3,1,107.472,54.050,17.712,-104.645,56.588,7.913,212.358,-66.365,53.635,1,,0,received,,410.085,e6d6115c-fd23-4ca3-8923-eb95a2a79b2d,3,1,0,3
1788860008.274,3,2,107.472,54.050,17.712,12.701,-81.893,12.887,165.787,-63.838,56.162,1,,0,received,,402.749,9924c07a-01f3-484e-9a94-e3c1097aa904,3,2,0,3
1788860009.283,1,2,-108.352,59.984,7.919,14.352,-86.435,12.873,191.100,-65.288,54.712,1,,0,received,,405.150,dbb0081b-3a6a-4ef4-95df-b274c3bae7fd,1,2,0,3
1788860009.283,1,3,-108.352,59.984,7.919,111.240,56.922,17.721,219.832,-66.718,53.282,1,,0,received,,411.269,30ac4d04-880b-4f1d-9470-c0a2d103193f,1,3,0,3
1788860009.284,2,1,14.352,-86.435,12.873,-108.352,59.984,7.919,191.100,-65.288,54.712,1,,0,received,,412.380,5a7c1e25-de37-42cb-b710-5a30fd674f1d,2,1,0,3
1788860009.284,2,3,14.352,-86.435,12.873,111.240,56.922,17.721,173.096,-64.278,55.722,1,,0,received,,395.519,7efc8dcb-16f2-42cb-af45-2feb6df52a12,2,3,0,3
1788860009.284,3,1,111.240,56.922,17.721,-108.352,59.984,7.919,219.832,-66.718,53.282,1,,0,dropped,channel_loss,412.387,11c40f5a-e96a-4ed1-9e96-83136d9cbc6b,3,1,0,3
1788860009.284,3,2,111.240,56.922,17.721,14.352,-86.435,12.873,173.096,-64.278,55.722,1,,0,received,,406.613,11c40f5a-e96a-4ed1-9e96-83136d9cbc6b,3,1,1,2
1788860009.284,2,1,14.352,-86.435,12.873,-108.352,59.984,7.919,191.100,-65.288,54.712,1,,0,received,,403.499,11c40f5a-e96a-4ed1-9e96-83136d9cbc6b,3,1,2,1
1788860009.284,3,2,111.240,56.922,17.721,14.352,-86.435,12.873,173.096,-64.278,55.722,1,,0,received,,395.562,f90e9ff3-f2b4-4c8b-b071-1f47d0596f81,3,2,0,3
1788860010.332,1,2,-112.225,63.501,7.924,16.085,-91.155,12.881,201.014,-65.804,54.196,1,,0,received,,411.171,03e73069-ffb1-48cf-8280-5e594cf94f0e,1,2,0,3
1788860010.332,1,3,-112.225,63.501,7.924,115.625,60.262,17.762,228.086,-67.094,52.906,1,,0,received,,411.785,bfa3c132-d097-4661-b1a5-04273d7d82b6,1,3,0,3
1788860010.332,2,1,16.085,-91.155,12.881,-112.225,63.501,7.924,201.014,-65.804,54.196,1,,0,dropped,channel_loss,396.907,8b8530ec-120a-4492-9394-31d7a6628b8b,2,1,0,3
1788860010.333,2,3,16.085,-91.155,12.881,115.625,60.262,17.762,181.271,-64.749,55.251,1,,0,received,,400.011,8b8530ec-120a-4492-9394-31d7a6628b8b,2,1,1,2
1788860010.333,3,1,115.625,60.262,17.762,-112.225,63.501,7.924,228.086,-67.094,52.906,1,,0,received,,405.624,8b8530ec-120a-4492-9394-31d7a6628b8b,2,1,2,1
1788860010.333,2,3,16.085,-91.155,12.881,115.625,60.262,17.762,181.271,-64.749,55.251,1,,0,received,,401.350,23c24ab8-8472-4782-a8ba-781b12b69097,2,3,0,3
1788860010.333,3,1,115.625,60.262,17.762,-112.225,63.501,7.924,228.086,-67.094,52.906,1,,0,received,,401.806,7874b1af-7089-47c9-9788-22af91955326,3,1,0,3
1788860010.333,3,2,115.625,60.262,17.762,16.085,-91.155,12.881,181.271,-64.749,55.251,1,,0,received,,405.354,abd7d12d-5da5-4901-b87b-1334eb186f1c,3,2,0,3
1788860011.344,1,2,-115.887,66.830,7.926,17.720,-95.741,12.890,210.487,-66.274,53.726,1,,0,received,,405.344,520ebce5-f512-4a4a-a7fd-5068c6762574,1,2,0,3
1788860011.344,1,3,-115.887,66.830,7.926,119.423,63.145,17.742,235.544,-67.422,52.578,1,,0,received,,402.132,64724792-c2b0-4a5f-ae46-afe7581b0a8a,1,3,0,3
1788860011.344,2,1,17.720,-95.741,12.890,-115.887,66.830,7.926,210.487,-66.274,53.726,1,,0,received,,411.524,791f42d3-c8ea-4d81-a783-7d301281b8b2,2,1,0,3
1788860011.344,2,3,17.720,-95.741,12.890,119.423,63.145,17.742,188.711,-65.160,54.840,1,,0,received,,399.870,c91b4385-5a51-4af5-8685-f97305de45e4,2,3,0,3
1788860011.344,3,1,119.423,63.145,17.742,-115.887,66.830,7.926,235.544,-67.422,52.578,1,,0,received,,399.090,e99e2138-3ea8-4acf-85be-16e10cca845f,3,1,0,3
1788860011.344,3,2,119.423,63.145,17.742,17.720,-95.741,12.890,188.711,-65.160,54.840,1,,0,received,,410.349,44fcc989-18d5-44c0-a668-5dda6ad1eb23,3,2,0,3
1788860012.369,1,2,-120.130,70.659,7.933,19.543,-101.007,12.895,221.365,-66.788,53.212,1,,0,received,,398.688,d2dbc0ad-1299-42f6-9de2-d3346a275302,1,2,0,3
1788860012.370,1,3,-120.130,70.659,7.933,124.148,66.718,17.801,244.508,-67.803,52.197,1,,0,received,,405.027,5d385e7f-c723-43fa-b14e-f87f610e4182,1,3,0,3
1788860012.370,2,1,19.543,-101.007,12.895,-120.130,70.659,7.933,221.365,-66.788,53.212,1,,0,received,,410.342,1f1f3fe1-92ce-4fd6-a0fc-de1bc499dcdd,2,1,0,3
1788860012.370,2,3,19.543,-101.007,12.895,124.148,66.718,17.801,197.732,-65.636,54.364,1,,0,received,,413.628,304fc255-9ca1-4d90-acb3-614a5a3bca46,2,3,0,3
1788860012.370,3,1,124.148,66.718,17.801,-120.130,70.659,7.933,244.508,-67.803,52.197,1,,0,received,,407.851,c46ea417-62b4-4a95-a0af-db552c76bfef,3,1,0,3
1788860012.370,3,2,124.148,66.718,17.801,19.543,-101.007,12.895,197.732,-65.636,54.364,1,,0,received,,412.430,65ad1e48-2e31-4800-8285-118fa536d9d6,3,2,0,3
1788860013.381,1,2,-124.236,74.355,7.936,21.284,-106.049,12.895,231.833,-67.260,52.740,1,,0,received,,398.164,86ffa9e3-7951-498a-b6cd-8b3266d1a788,1,2,0,3
1788860013.381,1,3,-124.236,74.355,7.936,128.578,70.058,17.820,253.044,-68.154,51.846,1,,0,received,,403.989,bf8b900a-a276-42bd-908b-4f6d3fa371a1,1,3,0,3
1788860013.382,2,1,21.284,-106.049,12.895,-124.236,74.355,7.936,231.833,-67.260,52.740,1,,0,received,,400.638,f379ee4c-cc0e-46b1-b701-1676ed3e02fa,2,1,0,3
1788860013.382,2,3,21.284,-106.049,12.895,128.578,70.058,17.820,206.277,-66.068,53.932,1,,0,received,,405.291,d3f84b6a-a7d5-487a-ab17-fa55d720623d,2,3,0,3
1788860013.382,3,1,128.578,70.058,17.820,-124.236,74.355,7.936,253.044,-68.154,51.846,1,,0,received,,404.183,9d6bd168-4ae7-421c-ab76-f570eef9578b,3,1,0,3
1788860013.382,3,2,128.578,70.058,17.820,21.284,-106.049,12.895,206.277,-66.068,53.932,1,,0,received,,411.779,77b3cb87-2fc1-4466-888a-8c53437bd12e,3,2,0,3
1788860014.430,1,2,-128.637,78.329,7.987,23.213,-111.671,12.891,243.275,-67.752,52.248,1,,0,received,,412.430,09fb43e7-c4b5-4e18-93d7-93110fe622b6,1,2,0,3
1788860014.431,1,3,-128.637,78.329,7.987,133.160,73.509,17.798,262.025,-68.509,51.491,1,,0,received,,407.445,66e6c74a-462f-46a9-a640-4b3d0305bb75,1,3,0,3
1788860014.431,2,1,23.213,-111.671,12.891,-128.637,78.329,7.987,243.275,-67.752,52.248,1,,0,received,,404.399,f183b8d5-daf5-47ff-96ca-32f97e1e3e6b,2,1,0,3
1788860014.431,2,3,23.213,-111.671,12.891,133.160,73.509,17.798,215.416,-66.510,53.490,1,,0,received,,410.981,ce842f9e-87c2-4fac-8078-91f2678456a4,2,3,0,3
1788860014.431,3,1,133.160,73.509,17.798,-128.637,78.329,7.987,262.025,-68.509,51.491,1,,0,received,,404.140,2092c6bd-5ed6-430e-8e53-b933d2e93619,3,1,0,3
1788860014.431,3,2,133.160,73.509,17.798,23.213,-111.671,12.891,215.416,-66.510,53.490,1,,0,received,,408.181,520b5ff9-14f4-42d7-944d-ce5e3d56e169,3,2,0,3
1788860015.448,1,2,-132.390,81.724,7.983,24.803,-116.324,12.971,252.898,-68.148,51.852,1,,0,received,,404.657,7ebc63ec-1878-4a27-8ac4-e68d6194e643,1,2,0,3
1788860015.448,1,3,-132.390,81.724,7.983,137.131,76.503,17.807,269.750,-68.806,51.194,1,,0,received,,396.382,0a9d16b0-1055-46db-9d5e-a83f085ca641,1,3,0,3
1788860015.448,2,1,24.803,-116.324,12.971,-132.390,81.724,7.983,252.898,-68.148,51.852,1,,0,received,,413.127,8f8c6593-1523-4132-b247-5ba8e886b4a7,2,1,0,3
1788860015.448,2,3,24.803,-116.324,12.971,137.131,76.503,17.807,223.212,-66.873,53.127,1,,0,received,,409.431,f7019c83-c248-4067-b901-5b7373ba3f9a,2,3,0,3
1788860015.449,3,1,137.131,76.503,17.807,-132.390,81.724,7.983,269.750,-68.806,51.194,1,,0,received,,398.596,0df4efc8-1155-4ce5-9b52-6092a8589711,3,1,0,3
1788860015.449,3,2,137.131,76.503,17.807,24.803,-116.324,12.971,223.212,-66.873,53.127,1,,0,received,,403.900,5d1a60fd-7ac5-43eb-ae23-756d5b087e64,3,2,0,3
1788860016.490,1,2,-136.639,85.587,7.922,26.642,-121.701,12.889,263.920,-68.583,51.417,1,,0,received,,405.600,27b41a20-1623-473e-bbcc-7180eeb1b73a,1,2,0,3
1788860016.490,1,3,-136.639,85.587,7.922,141.946,80.132,17.823,278.815,-69.143,50.857,1,,0,received,,402.602,4c9ea27f-10b1-4b54-a0e0-f894f49f1422,1,3,0,3
1788860016.490,2,1,26.642,-121.701,12.889,-136.639,85.587,7.922,263.920,-68.583,51.417,1,,0,received,,403.320,cab6d080-321d-4e6d-8d04-6f30af913bb2,2,1,0,3
1788860016.490,2,3,26.642,-121.701,12.889,141.946,80.132,17.823,232.500,-67.289,52.711,1,,0,received,,407.102,7168ee41-a602-4584-be09-b9997719ba59,2,3,0,3
1788860016.490,3,1,141.946,80.132,17.823,-136.639,85.587,7.922,278.815,-69.143,50.857,1,,0,received,,408.091,d311a022-4d75-4c07-88b6-dde23c4d76ba,3,1,0,3
1788860016.491,3,2,141.946,80.132,17.823,26.642,-121.701,12.889,232.500,-67.289,52.711,1,,0,received,,397.035,5a83bdd0-844f-4433-bb70-8dfc074cf1d8,3,2,0,3
1788860017.511,1,2,-141.048,89.550,7.968,28.571,-127.300,12.958,275.353,-69.016,50.984,1,,0,received,,400.828,03529db7-324a-4eba-8d88-d9b81dd02985,1,2,0,3
1788860017.512,1,3,-141.048,89.550,7.968,146.527,83.595,17.836,287.806,-69.467,50.533,1,,0,received,,408.276,f8b5c877-b00f-443f-af90-2c9b83e84d04,1,3,0,3
1788860017.512,2,1,28.571,-127.300,12.958,-141.048,89.550,7.968,275.353,-69.016,50.984,1,,0,received,,412.611,0280bc0c-e8fe-4b25-8e90-e010dfbc1467,2,1,0,3
1788860017.512,2,3,28.571,-127.300,12.958,146.527,83.595,17.836,241.690,-67.685,52.315,1,,0,received,,406.800,605b3066-7091-4616-8c68-291451be6c40,2,3,0,3
1788860017.512,3,1,146.527,83.595,17.836,-141.048,89.550,7.968,287.806,-69.467,50.533,1,,0,received,,402.141,07d1bec5-4bb6-4318-aef3-73bf4859f8e0,3,1,0,3
1788860017.512,3,2,146.527,83.595,17.836,28.571,-127.300,12.958,241.690,-67.685,52.315,1,,0,dropped,channel_loss,409.114,92a93ed5-7a18-4404-b7ac-6f5bf76b25a4,3,2,0,3
1788860017.512,3,1,146.527,83.595,17.836,-141.048,89.550,7.968,287.806,-69.467,50.533,1,,0,received,,407.046,92a93ed5-7a18-4404-b7ac-6f5bf76b25a4,3,2,1,2
1788860017.512,1,2,-141.048,89.550,7.968,28.571,-127.300,12.958,275.353,-69.016,50.984,1,,0,dropped,channel_loss,401.337,92a93ed5-7a18-4404-b7ac-6f5bf76b25a4,3,2,2,1
1788860018.532,1,2,-145.177,93.257,7.915,30.243,-132.042,12.866,285.581,-69.388,50.612,1,,0,received,,410.978,1151b6a8-7973-4f3f-90dc-249087e8bf5b,1,2,0,3
1788860018.532,1,3,-145.177,93.257,7.915,151.101,87.045,17.878,296.511,-69.771,50.229,1,,0,received,,408.547,037f47d1-c025-405b-887b-cb3825a259a5,1,3,0,3
1788860018.532,2,1,30.243,-132.042,12.866,-145.177,93.257,7.915,285.581,-69.388,50.612,1,,0,received,,409.920,f5b47015-2b44-4a47-a8fd-2444f9778e32,2,1,0,3
1788860018.532,2,3,30.243,-132.042,12.866,151.101,87.045,17.878,250.262,-68.041,51.959,1,,0,received,,405.673,687612ea-a1b9-46ae-942a-8a3e56c1832a,2,3,0,3
1788860018.533,3,1,151.101,87.045,17.878,-145.177,93.257,7.915,296.511,-69.771,50.229,1,,0,received,,403.613,1ccdc6da-114b-4536-a986-e469de81ca11,3,1,0,3
1788860018.533,3,2,151.101,87.045,17.878,30.243,-132.042,12.866,250.262,-68.041,51.959,1,,0,received,,402.397,6acfe9d0-410d-4d30-a2c8-1e99750ae65a,3,2,0,3
1788860019.574,1,2,-149.442,97.354,7.968,32.082,-136.896,12.969,296.393,-69.767,50.233,1,,0,received,,399.429,f2af43db-ec32-4a82-b39f-095b18ada3bb,1,2,0,3
1788860019.574,1,3,-149.442,97.354,7.968,155.622,90.574,17.850,305.299,-70.069,49.931,1,,0,dropped,channel_loss,404.870,ee8f7ce5-1764-411a-93ab-df2da2da8952,1,3,0,3
1788860019.574,1,2,-149.442,97.354,7.968,32.082,-136.896,12.969,296.393,-69.767,50.233,1,,0,received,,397.896,ee8f7ce5-1764-411a-93ab-df2da2da8952,1,3,1,2
1788860019.574,2,3,32.082,-136.896,12.969,155.622,90.574,17.850,258.899,-68.387,51.613,1,,0,received,,412.033,ee8f7ce5-1764-411a-93ab-df2da2da8952,1,3,2,1
1788860019.575,2,1,32.082,-136.896,12.969,-149.442,97.354,7.968,296.393,-69.767,50.233,1,,0,received,,410.562,97a36c65-0aa1-4e0d-b1d1-942c1d6def05,2,1,0,3
1788860019.575,2,3,32.082,-136.896,12.969,155.622,90.574,17.850,258.899,-68.387,51.613,1,,0,received,,412.819,282393aa-d562-421d-960d-fb0268a947df,2,3,0,3
1788860019.575,3,1,155.622,90.574,17.850,-149.442,97.354,7.968,305.299,-70.069,49.931,1,,0,received,,401.880,8aafa525-384c-4eb4-b7ca-aa513d9608ab,3,1,0,3
1788860019.575,3,2,155.622,90.574,17.850,32.082,-136.896,12.969,258.899,-68.387,51.613,1,,0,received,,397.766,8c931511-1785-42e2-9fb9-cbfa72bce33d,3,2,0,3
1788860020.606,1,2,-153.692,101.584,7.974,34.094,-141.917,13.034,307.541,-70.144,49.856,1,,0,received,,398.390,4d0fb60f-b43e-4b09-8049-215c7df80720,1,2,0,3
1788860020.606,1,3,-153.692,101.584,7.974,160.256,94.270,17.863,314.189,-70.362,49.638,1,,0,received,,410.567,82612e96-a952-4577-98f5-3d7838950693,1,3,0,3
1788860020.606,2,1,34.094,-141.917,13.034,-153.692,101.584,7.974,307.541,-70.144,49.856,1,,0,received,,398.456,84c506a9-d7a9-4e1e-a070-3683d2b29d20,2,1,0,3
1788860020.606,2,3,34.094,-141.917,13.034,160.256,94.270,17.863,267.814,-68.733,51.267,1,,0,received,,403.362,5b8926ac-7b61-440b-911a-d5a8a91c0b48,2,3,0,3
1788860020.606,3,1,160.256,94.270,17.863,-153.692,101.584,7.974,314.189,-70.362,49.638,1,,0,received,,399.896,346ff70b-4990-4dc2-b512-03df83ba0d80,3,1,0,3
1788860020.607,3,2,160.256,94.270,17.863,34.094,-141.917,13.034,267.814,-68.733,51.267,1,,0,received,,400.843,a1372674-35d8-484d-b051-a6e58bd19204,3,2,0,3
1788860021.629,1,2,-157.798,105.558,7.930,36.189,-147.316,12.936,318.749,-70.509,49.491,1,,0,received,,404.124,7143a533-652c-428f-8564-f9e1f233d6e3,1,2,0,3
1788860021.629,1,3,-157.798,105.558,7.930,164.981,97.999,17.901,323.022,-70.645,49.355,1,,0,received,,401.334,2dfa262c-2f83-46f5-8d36-6fb47e026a87,1,3,0,3
1788860021.629,2,1,36.189,-147.316,12.936,-157.798,105.558,7.930,318.749,-70.509,49.491,1,,0,received,,404.525,0c38f7cd-9568-419a-b010-c0594ba32ff9,2,1,0,3
1788860021.629,2,3,36.189,-147.316,12.936,164.981,97.999,17.901,277.113,-69.081,50.919,1,,0,received,,402.502,42b92d70-c712-48b0-8775-72ef45de1ecb,2,3,0,3
1788860021.629,3,1,164.981,97.999,17.901,-157.798,105.558,7.930,323.022,-70.645,49.355,1,,0,dropped,channel_loss,414.834,26b26bc1-f42e-4185-af94-f092554bbdda,3,1,0,3
1788860021.629,3,2,164.981,97.999,17.901,36.189,-147.316,12.936,277.113,-69.081,50.919,1,,0,received,,400.780,26b26bc1-f42e-4185-af94-f092554bbdda,3,1,1,2
1788860021.630,2,1,36.189,-147.316,12.936,-157.798,105.558,7.930,318.749,-70.509,49.491,1,,0,received,,405.694,26b26bc1-f42e-4185-af94-f092554bbdda,3,1,2,1
1788860021.630,3,2,164.981,97.999,17.901,36.189,-147.316,12.936,277.113,-69.081,50.919,1,,0,dropped,channel_loss,411.483,9de38beb-ae1c-451c-998e-5640714b053c,3,2,0,3
1788860021.630,3,1,164.981,97.999,17.901,-157.798,105.558,7.930,323.022,-70.645,49.355,1,,0,received,,397.913,9de38beb-ae1c-451c-998e-5640714b053c,3,2,1,2
1788860021.630,1,2,-157.798,105.558,7.930,36.189,-147.316,12.936,318.749,-70.509,49.491,1,,0,received,,407.969,9de38beb-ae1c-451c-998e-5640714b053c,3,2,2,1
1788860022.655,1,2,-161.935,109.521,7.932,38.351,-152.792,12.902,330.072,-70.866,49.134,1,,0,received,,406.236,c30218fe-1444-46a5-9183-cb9515b42dbf,1,2,0,3
1788860022.655,1,3,-161.935,109.521,7.932,169.510,101.550,17.901,331.691,-70.916,49.084,1,,0,received,,412.063,c69e1214-c9ba-47f0-bfb0-63b168bbf305,1,3,0,3
1788860022.655,2,1,38.351,-152.792,12.902,-161.935,109.521,7.932,330.072,-70.866,49.134,1,,0,received,,400.846,080b6a92-464b-4772-bd6a-1ccad4bf902f,2,1,0,3
1788860022.655,2,3,38.351,-152.792,12.902,169.510,101.550,17.901,286.213,-69.411,50.589,1,,0,received,,400.601,eed737f2-b897-4e6d-a2e6-d69feb07f9ab,2,3,0,3
1788860022.655,3,1,169.510,101.550,17.901,-161.935,109.521,7.932,331.691,-70.916,49.084,1,,0,received,,398.092,c501502e-4228-44c6-9bdc-e980d7fba133,3,1,0,3
1788860022.656,3,2,169.510,101.550,17.901,38.351,-152.792,12.902,286.213,-69.411,50.589,1,,0,received,,414.073,ea28238b-f78d-47a0-8f38-7c4254af8d3b,3,2,0,3
1788860023.690,1,2,-166.200,113.651,7.981,40.567,-158.381,12.972,341.729,-71.220,48.780,1,,0,received,,404.168,6ee18573-2ace-4851-8a93-a8697f17db5f,1,2,0,3
1788860023.690,1,3,-166.200,113.651,7.981,174.053,105.090,17.869,340.505,-71.183,48.817,1,,0,received,,395.679,91a7d8c2-2d56-46e1-9902-ef80fd5cae3c,1,3,0,3
1788860023.690,2,1,40.567,-158.381,12.972,-166.200,113.651,7.981,341.729,-71.220,48.780,1,,0,received,,405.185,b6ed27ba-7291-4599-b933-657f3037213a,2,1,0,3
1788860023.690,2,3,40.567,-158.381,12.972,174.053,105.090,17.869,295.397,-69.733,50.267,1,,0,received,,415.035,0ab8c43a-4d35-4c45-99c2-73025de288cb,2,3,0,3
1788860023.690,3,1,174.053,105.090,17.869,-166.200,113.651,7.981,340.505,-71.183,48.817,1,,0,received,,395.709,a72f7712-b0a5-4aac-b105-3c6d9f6db51b,3,1,0,3
1788860023.691,3,2,174.053,105.090,17.869,40.567,-158.381,12.972,295.397,-69.733,50.267,1,,0,dropped,channel_loss,411.929,598d607e-c2fb-4fc9-bc38-a7616fe26516,3,2,0,3
1788860023.691,3,1,174.053,105.090,17.869,-166.200,113.651,7.981,340.505,-71.183,48.817,1,,0,received,,410.973,598d607e-c2fb-4fc9-bc38-a7616fe26516,3,2,1,2
1788860023.691,1,2,-166.200,113.651,7.981,40.567,-158.381,12.972,341.729,-71.220,48.780,1,,0,received,,400.883,598d607e-c2fb-4fc9-bc38-a7616fe26516,3,2,2,1
1788860024.712,1,2,-170.314,117.658,7.926,42.624,-163.668,12.895,352.863,-71.547,48.453,1,,0,received,,409.067,eae302f4-fc55-4748-8543-ab3c9e1939c8,1,2,0,3
1788860024.712,1,3,-170.314,117.658,7.926,178.740,108.764,17.906,349.311,-71.444,48.556,1,,0,received,,409.256,9996506a-90fd-4877-90fb-6883d99c5dbf,1,3,0,3
1788860024.713,2,1,42.624,-163.668,12.895,-170.314,117.658,7.926,352.863,-71.547,48.453,1,,0,received,,395.250,dcde4c6e-3646-4c8c-87ad-217abbfcdd72,2,1,0,3
1788860024.713,2,3,42.624,-163.668,12.895,178.740,108.764,17.906,304.585,-70.046,49.954,1,,0,received,,400.263,38fce2ba-d148-44e1-af47-5ec3335af998,2,3,0,3
1788860024.713,3,1,178.740,108.764,17.906,-170.314,117.658,7.926,349.311,-71.444,48.556,1,,0,received,,406.121,e4e8eff2-7557-414f-97c1-c645f3053987,3,1,0,3
1788860024.713,3,2,178.740,108.764,17.906,42.624,-163.668,12.895,304.585,-70.046,49.954,1,,0,received,,405.700,633ec203-acff-4df1-81b4-36e116eeda7c,3,2,0,3
1788860025.745,1,2,-174.640,121.866,7.923,44.719,-169.156,12.896,364.468,-71.877,48.123,1,,0,received,,400.907,5d813ad2-72f7-4d5a-a7a0-8eb00e436e7e,1,2,0,3
1788860025.745,1,3,-174.640,121.866,7.923,183.480,112.515,17.912,358.381,-71.706,48.294,1,,0,received,,396.100,16f59926-44dc-4261-b4c3-60c629686dc1,1,3,0,3
1788860025.745,2,1,44.719,-169.156,12.896,-174.640,121.866,7.923,364.468,-71.877,48.123,1,,0,received,,411.023,0bba0c63-31cb-4386-880a-60bda7639a31,2,1,0,3
1788860025.746,2,3,44.719,-169.156,12.896,183.480,112.515,17.912,314.036,-70.357,49.643,1,,0,received,,397.362,4e3d71e8-822a-42f5-8caf-b3df61ab0178,2,3,0,3
1788860025.746,3,1,183.480,112.515,17.912,-174.640,121.866,7.923,358.381,-71.706,48.294,1,,0,received,,407.080,35bbda35-4e3e-43d8-923a-85fa20a94100,3,1,0,3
1788860025.746,3,2,183.480,112.515,17.912,44.719,-169.156,12.896,314.036,-70.357,49.643,1,,0,received,,405.453,09709f6e-1197-4bee-a938-bf1d3cf04b8c,3,2,0,3
1788860026.757,1,2,-178.890,126.007,7.978,46.866,-174.767,12.893,376.105,-72.198,47.802,1,,0,received,,398.017,4a8105bd-930e-45f1-894f-02223743e051,1,2,0,3
1788860026.757,1,3,-178.890,126.007,7.978,187.994,116.089,17.889,367.151,-71.952,48.048,1,,0,received,,407.441,5f4f9e6a-6d21-4139-b7e7-8914f0b93d0a,1,3,0,3
1788860026.757,2,1,46.866,-174.767,12.893,-178.890,126.007,7.978,376.105,-72.198,47.802,1,,0,received,,403.477,f88661db-8c99-44e4-834e-5a429dc99a85,2,1,0,3
1788860026.757,2,3,46.866,-174.767,12.893,187.994,116.089,17.889,323.325,-70.655,49.345,1,,0,received,,396.857,c057b835-4efd-43ef-a288-e3a5659a9550,2,3,0,3
1788860026.758,3,1,187.994,116.089,17.889,-178.890,126.007,7.978,367.151,-71.952,48.048,1,,0,dropped,channel_loss,396.499,5edd141b-0033-424f-b0a1-b4820337153a,3,1,0,3
1788860026.758,3,2,187.994,116.089,17.889,46.866,-174.767,12.893,323.325,-70.655,49.345,1,,0,received,,405.292,5edd141b-0033-424f-b0a1-b4820337153a,3,1,1,2
1788860026.758,2,1,46.866,-174.767,12.893,-178.890,126.007,7.978,376.105,-72.198,47.802,1,,0,dropped,channel_loss,406.228,5edd141b-0033-424f-b0a1-b4820337153a,3,1,2,1
1788860026.758,3,2,187.994,116.089,17.889,46.866,-174.767,12.893,323.325,-70.655,49.345,1,,0,received,,404.548,a4555490-2c6f-45a9-9b7b-81c858825347,3,2,0,3
1788860027.801,1,2,-182.989,130.026,7.935,48.931,-180.099,12.899,387.284,-72.497,47.503,1,,0,received,,414.766,8a71610b-96a7-4008-b220-89349baec9b7,1,2,0,3
1788860027.801,1,3,-182.989,130.026,7.935,192.681,119.751,17.889,375.942,-72.194,47.806,1,,0,received,,395.470,fa316b6e-a26d-42a6-8b53-cd5e3a777dd0,1,3,0,3
1788860027.801,2,1,48.931,-180.099,12.899,-182.989,130.026,7.935,387.284,-72.497,47.503,1,,0,received,,402.041,06aa5e72-3861-47a9-b6d7-3d9f880a5e00,2,1,0,3
1788860027.801,2,3,48.931,-180.099,12.899,192.681,119.751,17.889,332.564,-70.942,49.058,1,,0,received,,407.710,4252c2f9-5a01-4fe9-b0e6-0b06a9f05c99,2,3,0,3
1788860027.801,3,1,192.681,119.751,17.889,-182.989,130.026,7.935,375.942,-72.194,47.806,1,,0,received,,409.849,01c3bf19-dda9-4de9-b81f-be88599b4a21,3,1,0,3
1788860027.801,3,2,192.681,119.751,17.889,48.931,-180.099,12.899,332.564,-70.942,49.058,1,,0,received,,396.032,97005a82-39c5-4a67-8b73-fab470c0f821,3,2,0,3
1788860028.836,1,2,-187.080,134.056,7.938,51.011,-185.431,12.897,398.477,-72.788,47.212,1,,0,received,,411.416,f8123594-3428-49f7-84e9-73f3bcb71e1d,1,2,0,3
1788860028.837,1,3,-187.080,134.056,7.938,197.217,123.291,17.923,384.578,-72.426,47.574,1,,0,received,,410.728,e7f0cf00-2b2e-44df-afb0-2853126b0d30,1,3,0,3
1788860028.837,2,1,51.011,-185.431,12.897,-187.080,134.056,7.938,398.477,-72.788,47.212,1,,0,received,,409.053,91b44d0c-cfcd-453d-8b0d-970611744b4d,2,1,0,3
1788860028.837,2,3,51.011,-185.431,12.897,197.217,123.291,17.923,341.630,-71.217,48.783,1,,0,received,,411.375,9aa0cf8f-5527-4927-bbe8-5e1daf6615a3,2,3,0,3
1788860028.837,3,1,197.217,123.291,17.923,-187.080,134.056,7.938,384.578,-72.426,47.574,1,,0,received,,410.669,5053bdd7-1ad5-4b98-971a-bb2d677b16c6,3,1,0,3
1788860028.837,3,2,197.217,123.291,17.923,51.011,-185.431,12.897,341.630,-71.217,48.783,1,,0,received,,401.014,ab844733-a30d-4c2c-a535-fc90b5988679,3,2,0,3
1788860029.850,1,2,-191.383,138.275,7.981,53.158,-190.953,12.904,410.141,-73.082,46.918,1,,0,received,,399.135,0abaf047-be67-41c3-a73d-cd746f671424,1,2,0,3
1788860029.850,1,3,-191.383,138.275,7.981,201.745,126.842,17.886,393.419,-72.658,47.342,1,,0,received,,413.813,3736d0bc-2aef-4142-8741-7cfad743b925,1,3,0,3
1788860029.850,2,1,53.158,-190.953,12.904,-191.383,138.275,7.981,410.141,-73.082,46.918,1,,0,received,,414.928,78202d9b-1e7e-4707-b37e-a69fccad77e1,2,1,0,3
1788860029.851,2,3,53.158,-190.953,12.904,201.745,126.842,17.886,350.851,-71.489,48.511,1,,0,received,,400.211,446bf2d4-5c00-410f-a54f-1bb0e258ed52,2,3,0,3
1788860029.851,3,1,201.745,126.842,17.886,-191.383,138.275,7.981,393.419,-72.658,47.342,1,,0,received,,398.967,3c0c7318-da8d-4cf3-bb6a-bd5cf0e356e8,3,1,0,3
1788860029.851,3,2,201.745,126.842,17.886,53.158,-190.953,12.904,350.851,-71.489,48.511,1,,0,received,,410.762,47d694d2-c93f-476c-b2d8-38482a1eee21,3,2,0,3
1788860030.899,1,2,-195.640,142.405,7.986,55.336,-196.563,12.988,421.798,-73.368,46.632,1,,0,received,,401.784,396b9437-fcc9-4aba-bd52-fd7a09ff6d5e,1,2,0,3
1788860030.899,1,3,-195.640,142.405,7.986,206.485,130.582,17.888,402.421,-72.888,47.112,1,,0,received,,402.506,19cf287b-0ecb-4167-806b-300c5d25d2c5,1,3,0,3
1788860030.899,2,1,55.336,-196.563,12.988,-195.640,142.405,7.986,421.798,-73.368,46.632,1,,0,received,,410.012,4b1f8558-31ba-4022-bb64-cc628db29804,2,1,0,3
1788860030.899,2,3,55.336,-196.563,12.988,206.485,130.582,17.888,360.409,-71.763,48.237,1,,0,received,,402.878,b29b50f8-369a-41b4-bd62-c60372aa7436,2,3,0,3
1788860030.899,3,1,206.485,130.582,17.888,-195.640,142.405,7.986,402.421,-72.888,47.112,1,,0,dropped,channel_loss,405.069,4a9e2f7a-48c1-4f88-89f7-bf70f7101698,3,1,0,3
1788860030.899,3,2,206.485,130.582,17.888,55.336,-196.563,12.988,360.409,-71.763,48.237,1,,0,received,,413.631,4a9e2f7a-48c1-4f88-89f7-bf70f7101698,3,1,1,2
1788860030.899,2,1,55.336,-196.563,12.988,-195.640,142.405,7.986,421.798,-73.368,46.632,1,,0,received,,411.168,4a9e2f7a-48c1-4f88-89f7-bf70f7101698,3,1,2,1
1788860030.899,3,2,206.485,130.582,17.888,55.336,-196.563,12.988,360.409,-71.763,48.237,1,,0,received,,396.724,0bf9b22a-cd6e-44a6-98d2-5159bc342440,3,2,0,3
1788860031.904,1,2,-199.762,146.423,7.941,57.431,-201.918,12.902,433.029,-73.637,46.363,1,,0,received,,411.592,a86bc44f-7dc3-4eef-a139-a4b184f3c0cf,1,2,0,3
1788860031.905,1,3,-199.762,146.423,7.941,211.165,134.267,17.920,411.228,-73.109,46.891,1,,0,received,,401.570,d32ffb97-a4ca-407e-a3ec-a9f271ca9973,1,3,0,3
1788860031.905,2,1,57.431,-201.918,12.902,-199.762,146.423,7.941,433.029,-73.637,46.363,1,,0,received,,408.364,825362d5-9e1a-495b-a348-6f3b515f48da,2,1,0,3
1788860031.905,2,3,57.431,-201.918,12.902,211.165,134.267,17.920,369.702,-72.023,47.977,1,,0,received,,407.198,49bcce73-9e23-429b-b6bd-4d49424fa5af,2,3,0,3
1788860031.905,3,1,211.165,134.267,17.920,-199.762,146.423,7.941,411.228,-73.109,46.891,1,,0,received,,408.941,c7b9a7ed-ed65-4253-8d37-0820970b7acb,3,1,0,3
1788860031.905,3,2,211.165,134.267,17.920,57.431,-201.918,12.902,369.702,-72.023,47.977,1,,0,received,,395.992,3da96956-f172-4953-8e7a-8b2858f018a1,3,2,0,3
1788860032.906,1,2,-203.741,150.297,7.942,59.412,-207.005,12.900,443.778,-73.887,46.113,1,,0,received,,402.197,4e4b5999-e02b-4fe6-96ef-fc15f92b3097,1,2,0,3
1788860032.907,1,3,-203.741,150.297,7.942,215.535,137.707,17.895,419.583,-73.315,46.685,1,,0,dropped,channel_loss,400.637,74b5325d-b266-4100-a997-d06433a4ef52,1,3,0,3
1788860032.907,1,2,-203.741,150.297,7.942,59.412,-207.005,12.900,443.778,-73.887,46.113,1,,0,dropped,channel_loss,414.104,74b5325d-b266-4100-a997-d06433a4ef52,1,3,1,2
1788860032.907,2,1,59.412,-207.005,12.900,-203.741,150.297,7.942,443.778,-73.887,46.113,1,,0,received,,407.896,3a8f9172-789b-421d-aa23-187ab1da2b20,2,1,0,3
1788860032.907,2,3,59.412,-207.005,12.900,215.535,137.707,17.895,378.452,-72.262,47.738,1,,0,received,,411.167,cbf76fda-0112-4ad4-a20c-c696a82f963e,2,3,0,3
1788860032.907,3,1,215.535,137.707,17.895,-203.741,150.297,7.942,419.583,-73.315,46.685,1,,0,received,,414.201,ce63ed5c-e3db-42c7-8f5a-5dd0b39afac0,3,1,0,3
1788860032.907,3,2,215.535,137.707,17.895,59.412,-207.005,12.900,378.452,-72.262,47.738,1,,0,received,,407.297,51a83f26-1bb3-4c4d-9795-ab1fc805915a,3,2,0,3
1788860033.942,1,2,-207.667,154.093,7.940,61.409,-212.170,12.907,454.506,-74.131,45.869,1,,0,received,,395.841,01e8f467-b4d1-4ce5-8292-653f285b6fba,1,2,0,3
1788860033.942,1,3,-207.667,154.093,7.940,219.830,141.069,17.939,427.812,-73.513,46.487,1,,0,received,,410.716,c1d16b01-b81d-4c96-ba6b-ee390befb732,1,3,0,3
1788860033.943,2,1,61.409,-212.170,12.907,-207.667,154.093,7.940,454.506,-74.131,45.869,1,,0,received,,402.803,94292342-06c1-48b7-87eb-298e809da2a0,2,1,0,3
1788860033.943,2,3,61.409,-212.170,12.907,219.830,141.069,17.939,387.170,-72.494,47.506,1,,0,received,,407.247,c92484e6-a17e-4629-baf5-def9e5e2ac06,2,3,0,3
1788860033.943,3,1,219.830,141.069,17.939,-207.667,154.093,7.940,427.812,-73.513,46.487,1,,0,received,,414.122,8c980507-85e3-4e98-99f8-9ee5e548e8f9,3,1,0,3
1788860033.943,3,2,219.830,141.069,17.939,61.409,-212.170,12.907,387.170,-72.494,47.506,1,,0,received,,410.407,9700ee0e-3dfa-4940-9cb5-7ed95b6b941e,3,2,0,3
1788860034.973,1,2,-211.653,157.967,7.988,63.368,-217.258,12.985,465.247,-74.369,45.631,1,,0,received,,405.735,1f613a65-3691-4cfc-ab70-c82f4050076e,1,2,0,3
1788860034.974,1,3,-211.653,157.967,7.988,223.974,144.319,17.916,435.954,-73.705,46.295,1,,0,received,,408.137,bacabd89-63f7-4c90-8a9b-b2a53d0d1e0b,1,3,0,3
1788860034.975,2,1,63.368,-217.258,12.985,-211.653,157.967,7.988,465.247,-74.369,45.631,1,,0,received,,397.415,9f01208b-7060-45de-a726-11b7db91ed9a,2,1,0,3
1788860034.975,2,3,63.368,-217.258,12.985,223.974,144.319,17.916,395.672,-72.716,47.284,1,,0,received,,405.126,140091b8-e183-42f7-ad3b-3f7c1853dfd9,2,3,0,3
1788860034.976,3,1,223.974,144.319,17.916,-211.653,157.967,7.988,435.954,-73.705,46.295,1,,0,received,,406.379,7ca4f004-1894-435e-994b-78c2fdbeb937,3,1,0,3
1788860034.976,3,2,223.974,144.319,17.916,63.368,-217.258,12.985,395.672,-72.716,47.284,1,,0,received,,400.351,2ce70802-1c81-4257-ba3c-a8a5494030a1,3,2,0,3
1788860036.024,1,2,-213.499,159.770,7.934,64.340,-219.762,12.909,470.388,-74.481,45.519,1,,0,received,,415.073,600d40de-4200-404a-aaf1-1b8919ea3c07,1,2,0,3
1788860036.025,1,3,-213.499,159.770,7.934,226.243,146.089,17.955,440.068,-73.801,46.199,1,,0,received,,413.475,6aff24a7-cdd3-4306-aba2-7a267b6be15e,1,3,0,3
1788860036.025,2,1,64.340,-219.762,12.909,-213.499,159.770,7.934,470.388,-74.481,45.519,1,,0,received,,397.598,1777236d-f434-41fe-8fbf-311eeb0a8857,2,1,0,3
1788860036.025,2,3,64.340,-219.762,12.909,226.243,146.089,17.955,400.106,-72.830,47.170,1,,0,received,,404.186,b230de3b-9547-4968-b3fe-d461b1a0a240,2,3,0,3
1788860036.026,3,1,226.243,146.089,17.955,-213.499,159.770,7.934,440.068,-73.801,46.199,1,,0,received,,404.048,254345e0-46ff-4791-82ea-7c849a3d9f43,3,1,0,3
1788860036.026,3,2,226.243,146.089,17.955,64.340,-219.762,12.909,400.106,-72.830,47.170,1,,0,received,,408.784,b0b22757-bbf2-4f3a-a1af-ffa8f81fc3c4,3,2,0,3
1788860037.049,1,2,-217.259,163.444,7.929,66.239,-224.683,12.915,480.664,-74.702,45.298,1,,0,received,,401.537,fdf8198a-70ca-4599-b4a6-241838a9e7c1,1,2,0,3
1788860037.050,1,3,-217.259,163.444,7.929,230.394,149.340,17.956,447.988,-73.983,46.017,1,,0,received,,396.444,5002609e-9a62-4acf-b06b-ce1ecd7e9b3d,1,3,0,3
1788860037.050,2,1,66.239,-224.683,12.915,-217.259,163.444,7.929,480.664,-74.702,45.298,1,,0,received,,412.972,d4999ee1-a403-4a06-9045-dfce33c5df51,2,1,0,3
1788860037.050,2,3,66.239,-224.683,12.915,230.394,149.340,17.956,408.491,-73.041,46.959,1,,0,received,,409.382,a1df5601-dcf2-4650-b9ea-f9facc06e4af,2,3,0,3
1788860037.050,3,1,230.394,149.340,17.956,-217.259,163.444,7.929,447.988,-73.983,46.017,1,,0,dropped,channel_loss,407.899,48011dfa-946d-4038-b705-f9b29c891860,3,1,0,3
1788860037.050,3,2,230.394,149.340,17.956,66.239,-224.683,12.915,408.491,-73.041,46.959,1,,0,received,,405.320,48011dfa-946d-4038-b705-f9b29c891860,3,1,1,2
1788860037.050,2,1,66.239,-224.683,12.915,-217.259,163.444,7.929,480.664,-74.702,45.298,1,,0,received,,399.165,48011dfa-946d-4038-b705-f9b29c891860,3,1,2,1
1788860037.050,3,2,230.394,149.340,17.956,66.239,-224.683,12.915,408.491,-73.041,46.959,1,,0,received,,410.953,a8d99499-b657-4918-a055-b89f96204eec,3,2,0,3
1788860038.183,1,2,-219.346,164.991,7.938,67.192,-226.630,12.904,485.280,-74.799,45.201,1,,0,received,,406.226,fd675618-832c-4e2d-9779-af828174567b,1,2,0,3
1788860038.184,1,3,-219.346,164.991,7.938,232.616,150.631,17.939,452.301,-74.081,45.919,1,,0,received,,411.219,b9e280e2-6c8d-4554-8786-f03396533483,1,3,0,3
1788860038.184,2,1,67.192,-226.630,12.904,-219.346,164.991,7.938,485.280,-74.799,45.201,1,,0,received,,407.385,4421b47a-45fc-488a-8aa1-7c645e02f791,2,1,0,3
1788860038.185,2,3,67.192,-226.630,12.904,232.616,150.631,17.939,411.966,-73.128,46.872,1,,0,received,,401.331,9d5da0b5-f7bc-4981-943d-3677f6b5c786,2,3,0,3
1788860038.188,3,1,232.616,150.631,17.939,-219.346,164.991,7.938,452.301,-74.081,45.919,1,,0,dropped,channel_loss,409.523,f1fef855-4b93-40a0-bc7d-929b61ac6b55,3,1,0,3
1788860038.188,3,2,232.616,150.631,17.939,67.192,-226.630,12.904,411.966,-73.128,46.872,1,,0,received,,410.529,f1fef855-4b93-40a0-bc7d-929b61ac6b55,3,1,1,2
1788860038.189,2,1,67.192,-226.630,12.904,-219.346,164.991,7.938,485.280,-74.799,45.201,1,,0,received,,396.621,f1fef855-4b93-40a0-bc7d-929b61ac6b55,3,1,2,1
1788860038.189,3,2,232.616,150.631,17.939,67.192,-226.630,12.904,411.966,-73.128,46.872,1,,0,dropped,channel_loss,407.992,a97b954d-cfa3-43f4-9eda-f02ef1bf311c,3,2,0,3
1788860038.189,3,1,232.616,150.631,17.939,-219.346,164.991,7.938,452.301,-74.081,45.919,1,,0,received,,408.748,a97b954d-cfa3-43f4-9eda-f02ef1bf311c,3,2,1,2
1788860038.189,1,2,-219.346,164.991,7.938,67.192,-226.630,12.904,485.280,-74.799,45.201,1,,0,received,,412.705,a97b954d-cfa3-43f4-9eda-f02ef1bf311c,3,2,2,1
1788860039.201,1,2,-221.916,167.975,7.932,68.485,-230.482,12.904,493.077,-74.962,45.038,1,,0,received,,407.942,0cfa997b-6a7d-42f9-8026-c4466e09ebe5,1,2,0,3
1788860039.201,1,3,-221.916,167.975,7.932,235.511,153.370,17.958,457.770,-74.204,45.796,1,,0,received,,414.471,8e91551d-1eba-4044-a5b0-15f93e964c75,1,3,0,3
1788860039.202,2,1,68.485,-230.482,12.904,-221.916,167.975,7.932,493.077,-74.962,45.038,1,,0,received,,413.360,748954dc-611d-4eb2-a16e-eed7a88b833d,2,1,0,3
1788860039.202,2,3,68.485,-230.482,12.904,235.511,153.370,17.958,418.647,-73.292,46.708,1,,0,received,,397.629,d9b52e37-61e4-4356-8388-ec1d7b623c86,2,3,0,3
1788860039.203,3,1,235.511,153.370,17.958,-221.916,167.975,7.932,457.770,-74.204,45.796,1,,0,received,,398.439,6c51927a-ead8-4222-b9f3-f0938eddafdc,3,1,0,3
1788860039.203,3,2,235.511,153.370,17.958,68.485,-230.482,12.904,418.647,-73.292,46.708,1,,0,received,,409.332,826fa13e-75ea-488f-8d56-368b0ec23816,3,2,0,3
1788860040.251,1,2,-225.118,171.136,7.986,70.022,-234.301,12.899,501.509,-75.135,44.865,1,,0,received,,413.964,e155ad6f-3926-4fd0-8951-fc6b80dfa7ad,1,2,0,3
1788860040.252,1,3,-225.118,171.136,7.986,238.879,156.052,17.922,464.349,-74.349,45.651,1,,0,received,,412.064,b676be30-139c-49b1-824c-4379df4847d7,1,3,0,3
1788860040.252,2,1,70.022,-234.301,12.899,-225.118,171.136,7.986,501.509,-75.135,44.865,1,,0,received,,407.847,e5db83cf-f062-42f1-b741-dcdde78dde87,2,1,0,3
1788860040.252,2,3,70.022,-234.301,12.899,238.879,156.052,17.922,425.339,-73.454,46.546,1,,0,received,,397.649,b622210d-8f67-4d95-a486-8407a86e8a89,2,3,0,3
1788860040.253,3,1,238.879,156.052,17.922,-225.118,171.136,7.986,464.349,-74.349,45.651,1,,0,received,,405.815,ba5d0862-c4d6-4afe-9a8e-4a5512c36733,3,1,0,3
1788860040.253,3,2,238.879,156.052,17.922,70.022,-234.301,12.899,425.339,-73.454,46.546,1,,0,received,,398.518,493c2778-8b01-42a4-bba6-d4d14beae1f7,3,2,0,3
1788860041.282,1,2,-228.713,174.721,7.985,71.740,-238.375,12.934,510.827,-75.323,44.677,1,,0,dropped,channel_loss,398.230,cf5201f0-dd96-42f7-adcb-229dc1ff5f37,1,2,0,3
1788860041.283,1,3,-228.713,174.721,7.985,242.767,159.169,17.920,471.841,-74.513,45.487,1,,0,received,,409.558,cf5201f0-dd96-42f7-adcb-229dc1ff5f37,1,2,1,2
1788860041.283,3,2,242.767,159.169,17.920,71.740,-238.375,12.934,432.801,-73.631,46.369,1,,0,received,,411.996,cf5201f0-dd96-42f7-adcb-229dc1ff5f37,1,2,2,1
1788860041.283,1,3,-228.713,174.721,7.985,242.767,159.169,17.920,471.841,-74.513,45.487,1,,0,received,,411.650,a7d25864-e12a-441a-9147-57205acedddc,1,3,0,3
1788860041.283,2,1,71.740,-238.375,12.934,-228.713,174.721,7.985,510.827,-75.323,44.677,1,,0,received,,396.055,903dde89-e38a-4927-bab3-8f7ced716748,2,1,0,3
1788860041.283,2,3,71.740,-238.375,12.934,242.767,159.169,17.920,432.801,-73.631,46.369,1,,0,received,,406.681,91971e6f-32a4-4143-9bd4-9a5f2c2f0282,2,3,0,3
1788860041.283,3,1,242.767,159.169,17.920,-228.713,174.721,7.985,471.841,-74.513,45.487,1,,0,received,,410.485,677066d0-3a01-40cd-bb1e-abe2ca67c6eb,3,1,0,3
1788860041.283,3,2,242.767,159.169,17.920,71.740,-238.375,12.934,432.801,-73.631,46.369,1,,0,received,,407.925,4c179192-5c36-4254-879b-0137b2e41541,3,2,0,3
1788860042.299,1,2,-232.458,178.428,7.934,73.661,-243.028,12.959,520.921,-75.523,44.477,1,,0,received,,407.689,cdd6aff0-784d-4ba1-bc7f-8fd0f57858ba,1,2,0,3
1788860042.299,1,3,-232.458,178.428,7.934,247.115,162.642,17.951,479.937,-74.686,45.314,1,,0,received,,414.279,98e5b655-c20a-4d19-8b6a-338420012bae,1,3,0,3
1788860042.299,2,1,73.661,-243.028,12.959,-232.458,178.428,7.934,520.921,-75.523,44.477,1,,0,received,,411.240,0e3136ef-9372-4bb1-98e4-e62291fdc0f4,2,1,0,3
1788860042.300,2,3,73.661,-243.028,12.959,247.115,162.642,17.951,441.225,-73.828,46.172,1,,0,received,,401.094,a29a38c1-cc3f-4c7e-8853-12757f8b9088,2,3,0,3
1788860042.300,3,1,247.115,162.642,17.951,-232.458,178.428,7.934,479.937,-74.686,45.314,1,,0,received,,396.344,a3c28ac4-5da1-4f95-b2dc-cb7bb587971d,3,1,0,3
1788860042.300,3,2,247.115,162.642,17.951,73.661,-243.028,12.959,441.225,-73.828,46.172,1,,0,received,,404.830,46a61597-13ad-44a6-9ae5-0290a0e0ed74,3,2,0,3
1788860043.321,1,2,-236.007,181.934,7.935,75.583,-247.859,12.917,530.882,-75.716,44.284,1,,0,received,,407.279,205b2130-10af-470b-a209-eecb310496de,1,2,0,3
1788860043.321,1,3,-236.007,181.934,7.935,251.026,165.737,17.951,487.405,-74.844,45.156,1,,0,received,,409.513,bfd40179-4573-4c60-a198-070cf78d7479,1,3,0,3
1788860043.322,2,1,75.583,-247.859,12.917,-236.007,181.934,7.935,530.882,-75.716,44.284,1,,0,received,,412.361,0577789f-1492-4bb4-8c12-829e30ff47a9,2,1,0,3
1788860043.322,2,3,75.583,-247.859,12.917,251.026,165.737,17.951,449.297,-74.013,45.987,1,,0,dropped,channel_loss,397.761,0e4056d5-03d1-4de1-b97b-299d05fde5da,2,3,0,3
1788860043.322,2,1,75.583,-247.859,12.917,-236.007,181.934,7.935,530.882,-75.716,44.284,1,,0,received,,406.379,0e4056d5-03d1-4de1-b97b-299d05fde5da,2,3,1,2
1788860043.322,1,3,-236.007,181.934,7.935,251.026,165.737,17.951,487.405,-74.844,45.156,1,,0,received,,404.475,0e4056d5-03d1-4de1-b97b-299d05fde5da,2,3,2,1
1788860043.322,3,1,251.026,165.737,17.951,-236.007,181.934,7.935,487.405,-74.844,45.156,1,,0,received,,400.104,d979b648-3fb2-4825-a85e-4e7d51fadc7a,3,1,0,3
1788860043.322,3,2,251.026,165.737,17.951,75.583,-247.859,12.917,449.297,-74.013,45.987,1,,0,received,,400.950,93c3dbbc-8a5b-4a2c-90ed-b65f26600e3f,3,2,0,3
1788860044.335,1,2,-239.089,184.962,7.984,77.218,-251.934,12.895,539.400,-75.878,44.122,1,,0,received,,407.453,2464b5f6-b16d-4e78-91fe-f53597939cbf,1,2,0,3
1788860044.335,1,3,-239.089,184.962,7.984,254.266,168.298,17.921,493.736,-74.976,45.024,1,,0,received,,412.452,f2cad1e9-93fe-42cb-a40b-a1310d3535f7,1,3,0,3
1788860044.336,2,1,77.218,-251.934,12.895,-239.089,184.962,7.984,539.400,-75.878,44.122,1,,0,received,,401.695,3e722191-679e-4dd0-9250-0a178aef7ed5,2,1,0,3
1788860044.336,2,3,77.218,-251.934,12.895,254.266,168.298,17.921,456.032,-74.165,45.835,1,,0,received,,401.400,ba3a5f0a-8277-4501-82a2-91402fac6293,2,3,0,3
1788860044.336,3,1,254.266,168.298,17.921,-239.089,184.962,7.984,493.736,-74.976,45.024,1,,0,received,,405.111,a1e796ee-1c2b-40cb-aa08-efd9c995836f,3,1,0,3
1788860044.337,3,2,254.266,168.298,17.921,77.218,-251.934,12.895,456.032,-74.165,45.835,1,,0,received,,405.121,fe54536e-be6d-4636-af0b-bfc49101832e,3,2,0,3
1788860045.358,1,2,-242.834,188.669,7.985,79.200,-256.809,12.884,549.709,-76.072,43.928,1,,0,received,,395.609,7298689e-b920-4b07-908c-1ca272a9d14e,1,2,0,3
1788860045.358,1,3,-242.834,188.669,7.985,258.403,171.570,17.928,501.627,-75.137,44.863,1,,0,dropped,channel_loss,405.255,dcbaba7c-6642-49aa-a9a3-4657501a0ecd,1,3,0,3
1788860045.358,1,2,-242.834,188.669,7.985,79.200,-256.809,12.884,549.709,-76.072,43.928,1,,0,dropped,channel_loss,399.449,dcbaba7c-6642-49aa-a9a3-4657501a0ecd,1,3,1,2
1788860045.359,2,1,79.200,-256.809,12.884,-242.834,188.669,7.985,549.709,-76.072,43.928,1,,0,received,,396.157,b108c1d6-c79d-46af-af33-070dedc8bd1b,2,1,0,3
1788860045.359,2,3,79.200,-256.809,12.884,258.403,171.570,17.928,464.379,-74.350,45.650,1,,0,received,,412.792,451f0db3-72c3-4fe7-8538-e2f1fca0d67b,2,3,0,3
1788860045.359,3,1,258.403,171.570,17.928,-242.834,188.669,7.985,501.627,-75.137,44.863,1,,0,received,,404.557,aa156b90-e1d9-46f9-bf75-f2cf82a6adb8,3,1,0,3
1788860045.359,3,2,258.403,171.570,17.928,79.200,-256.809,12.884,464.379,-74.350,45.650,1,,0,received,,412.089,7b5fd9f9-ab6d-4bf0-8235-30e262c5ed13,3,2,0,3
1788860046.388,1,2,-246.564,192.398,7.936,81.152,-261.663,12.886,559.994,-76.261,43.739,1,,0,received,,412.795,44e07006-3669-4976-bbb8-049f558ac311,1,2,0,3
1788860046.388,1,3,-246.564,192.398,7.936,262.691,174.966,17.966,509.651,-75.299,44.701,1,,0,received,,410.423,9e390717-23d2-473c-b414-5bbe65654dc7,1,3,0,3
1788860046.389,2,1,81.152,-261.663,12.886,-246.564,192.398,7.936,559.994,-76.261,43.739,1,,0,received,,403.158,d798f455-1787-4aee-8cfa-2337c9dcc327,2,1,0,3
1788860046.389,2,3,81.152,-261.663,12.886,262.691,174.966,17.966,472.892,-74.535,45.465,1,,0,received,,399.039,41122ac9-d3db-46c1-baf2-e3e3710b9a75,2,3,0,3
1788860046.389,3,1,262.691,174.966,17.966,-246.564,192.398,7.936,509.651,-75.299,44.701,1,,0,received,,396.616,6444eedd-0ca8-4bee-91f8-b457f9f14024,3,1,0,3
1788860046.389,3,2,262.691,174.966,17.966,81.152,-261.663,12.886,472.892,-74.535,45.465,1,,0,received,,410.434,2267dfde-f4ae-480f-a804-0106f70c45d2,3,2,0,3
1788860047.412,1,2,-250.301,196.105,7.933,83.073,-266.550,12.893,570.274,-76.446,43.554,1,,0,received,,414.928,1612507c-ce36-4fae-b1aa-d5ba5b1fbc9e,1,2,0,3
1788860047.413,1,3,-250.301,196.105,7.933,266.835,178.249,17.932,517.541,-75.456,44.544,1,,0,received,,397.522,31fe025f-e1d4-4cee-ba64-c6faa45d7b89,1,3,0,3
1788860047.413,2,1,83.073,-266.550,12.893,-250.301,196.105,7.933,570.274,-76.446,43.554,1,,0,dropped,channel_loss,403.024,341ace74-b55f-4dbb-be55-c9906346529a,2,1,0,3
1788860047.413,2,3,83.073,-266.550,12.893,266.835,178.249,17.932,481.290,-74.715,45.285,1,,0,received,,401.927,341ace74-b55f-4dbb-be55-c9906346529a,2,1,1,2
1788860047.413,3,1,266.835,178.249,17.932,-250.301,196.105,7.933,517.541,-75.456,44.544,1,,0,dropped,channel_loss,410.245,341ace74-b55f-4dbb-be55-c9906346529a,2,1,2,1
1788860047.414,2,3,83.073,-266.550,12.893,266.835,178.249,17.932,481.290,-74.715,45.285,1,,0,received,,405.328,5583cea6-a80b-4929-869b-907ffc2bea00,2,3,0,3
1788860047.414,3,1,266.835,178.249,17.932,-250.301,196.105,7.933,517.541,-75.456,44.544,1,,0,received,,396.052,2f4b0d98-cd6f-4cc7-8018-7d71de8d971a,3,1,0,3
1788860047.414,3,2,266.835,178.249,17.932,83.073,-266.550,12.893,481.290,-74.715,45.285,1,,0,received,,401.806,bad1a654-245a-4050-82d2-bf2a414c1b29,3,2,0,3
1788860048.454,1,2,-253.684,199.478,7.982,84.806,-271.003,12.899,579.614,-76.612,43.388,1,,0,received,,404.286,e8c0bceb-1e11-4363-bea7-63a01a495b7e,1,2,0,3
1788860048.454,1,3,-253.684,199.478,7.982,270.459,181.110,17.933,524.560,-75.594,44.406,1,,0,received,,405.456,410afc17-f593-4b92-9b07-7ec5bbe33d2f,1,3,0,3
1788860048.454,2,1,84.806,-271.003,12.899,-253.684,199.478,7.982,579.614,-76.612,43.388,1,,0,received,,407.407,f0eb6820-ce69-4244-860e-759e669c105b,2,1,0,3
1788860048.455,2,3,84.806,-271.003,12.899,270.459,181.110,17.933,488.773,-74.872,45.128,1,,0,received,,414.958,bbd8b720-3616-4942-82a3-c72a2da9423f,2,3,0,3
1788860048.455,3,1,270.459,181.110,17.933,-253.684,199.478,7.982,524.560,-75.594,44.406,1,,0,received,,401.130,a6932ad8-3573-4474-8783-21ec68eb127f,3,1,0,3
1788860048.455,3,2,270.459,181.110,17.933,84.806,-271.003,12.899,488.773,-74.872,45.128,1,,0,received,,411.711,3777c4d1-1d56-41ca-8f6a-946e5dd85933,3,2,0,3
1788860049.490,1,2,-256.744,202.506,7.933,86.373,-275.010,12.906,588.027,-76.759,43.241,1,,0,received,,409.321,2386b92d-f41e-424a-854e-fab43b0c88f4,1,2,0,3
1788860049.490,1,3,-256.744,202.506,7.933,274.001,183.927,17.970,531.164,-75.721,44.279,1,,0,received,,411.461,4b709437-d983-45cb-a8b3-bde2fc530fd3,1,3,0,3
1788860049.490,2,1,86.373,-275.010,12.906,-256.744,202.506,7.933,588.027,-76.759,43.241,1,,0,received,,408.622,adbb26ca-9f07-4319-91eb-bea545e17c62,2,1,0,3
1788860049.490,2,3,86.373,-275.010,12.906,274.001,183.927,17.970,495.835,-75.019,44.981,1,,0,dropped,channel_loss,406.820,c699b506-49fe-4002-b7aa-ead3b0286289,2,3,0,3
1788860049.490,2,1,86.373,-275.010,12.906,-256.744,202.506,7.933,588.027,-76.759,43.241,1,,0,received,,409.652,c699b506-49fe-4002-b7aa-ead3b0286289,2,3,1,2
1788860049.491,1,3,-256.744,202.506,7.933,274.001,183.927,17.970,531.164,-75.721,44.279,1,,0,received,,395.679,c699b506-49fe-4002-b7aa-ead3b0286289,2,3,2,1
1788860049.491,3,1,274.001,183.927,17.970,-256.744,202.506,7.933,531.164,-75.721,44.279,1,,0,received,,414.487,8bb92c61-c74a-4e8e-b066-387c2aeaa3dc,3,1,0,3
1788860049.491,3,2,274.001,183.927,17.970,86.373,-275.010,12.906,495.835,-75.019,44.981,1,,0,received,,410.669,92024068-7f8a-4230-88ee-1e0e74767f04,3,2,0,3
1788860050.517,1,2,-260.489,206.213,7.938,88.287,-279.908,12.905,598.317,-76.936,43.064,1,,0,received,,409.574,fe1523c4-0cee-4b4f-8229-fedba5f5d149,1,2,0,3
1788860050.517,1,3,-260.489,206.213,7.938,278.138,187.211,17.972,539.055,-75.872,44.128,1,,0,received,,398.556,be61b8f2-ee4d-41cd-8a1d-b806e73e2612,1,3,0,3
1788860050.517,2,1,88.287,-279.908,12.905,-260.489,206.213,7.938,598.317,-76.936,43.064,1,,0,received,,407.541,510beba5-e2b7-4a7e-8183-bf7a3ae84bd4,2,1,0,3
1788860050.517,2,3,88.287,-279.908,12.905,278.138,187.211,17.972,504.251,-75.191,44.809,1,,0,received,,398.101,41a6479c-33f1-4698-91d7-fe18460e3803,2,3,0,3
1788860050.518,3,1,278.138,187.211,17.972,-260.489,206.213,7.938,539.055,-75.872,44.128,1,,0,received,,395.777,0cfc652d-e9f7-4f29-bc21-30df2bbeb3f7,3,1,0,3
1788860050.518,3,2,278.138,187.211,17.972,88.287,-279.908,12.905,504.251,-75.191,44.809,1,,0,dropped,channel_loss,397.344,5a7056c8-5418-474e-bfe9-4d0a65811493,3,2,0,3
1788860050.518,3,1,278.138,187.211,17.972,-260.489,206.213,7.938,539.055,-75.872,44.128,1,,0,received,,401.420,5a7056c8-5418-474e-bfe9-4d0a65811493,3,2,1,2
1788860050.518,1,2,-260.489,206.213,7.938,88.287,-279.908,12.905,598.317,-76.936,43.064,1,,0,received,,408.956,5a7056c8-5418-474e-bfe9-4d0a65811493,3,2,2,1
1788860051.522,1,2,-264.437,210.109,7.992,90.292,-284.973,12.981,609.068,-77.118,42.882,1,,0,received,,410.645,9e61d2f6-1dfe-402e-ba1a-7e65d1848832,1,2,0,3
1788860051.522,1,3,-264.437,210.109,7.992,282.252,190.506,17.935,547.131,-76.024,43.976,1,,0,dropped,channel_loss,412.602,56d51601-d58c-4f26-ab29-6dd22df31738,1,3,0,3
1788860051.522,1,2,-264.437,210.109,7.992,90.292,-284.973,12.981,609.068,-77.118,42.882,1,,0,received,,396.392,56d51601-d58c-4f26-ab29-6dd22df31738,1,3,1,2
1788860051.522,2,3,90.292,-284.973,12.981,282.252,190.506,17.935,512.790,-75.362,44.638,1,,0,received,,399.293,56d51601-d58c-4f26-ab29-6dd22df31738,1,3,2,1
1788860051.522,2,1,90.292,-284.973,12.981,-264.437,210.109,7.992,609.068,-77.118,42.882,1,,0,received,,408.391,f9a12d7e-aeee-4c04-8e52-46f462e9db60,2,1,0,3
1788860051.522,2,3,90.292,-284.973,12.981,282.252,190.506,17.935,512.790,-75.362,44.638,1,,0,received,,401.421,331b0cd7-8ec0-4adf-9b0b-a1c17d93da1d,2,3,0,3
1788860051.523,3,1,282.252,190.506,17.935,-264.437,210.109,7.992,547.131,-76.024,43.976,1,,0,received,,413.388,3c8e2618-278f-41aa-bba0-2e4f90619f14,3,1,0,3
1788860051.523,3,2,282.252,190.506,17.935,90.292,-284.973,12.981,512.790,-75.362,44.638,1,,0,received,,402.231,33a28ce0-2b7f-4904-979d-bb69ebf246a0,3,2,0,3
1788860052.532,1,2,-268.182,213.805,7.939,92.221,-289.871,12.898,619.358,-77.289,42.711,1,,0,received,,409.565,4c232de8-deb3-4edc-8e08-73f8fae0d15f,1,2,0,3
1788860052.532,1,3,-268.182,213.805,7.939,286.600,193.968,17.967,555.227,-76.173,43.827,1,,0,received,,409.012,2fee238f-f2ef-487e-b119-a4ee85963c79,1,3,0,3
1788860052.532,2,1,92.221,-289.871,12.898,-268.182,213.805,7.939,619.358,-77.289,42.711,1,,0,received,,398.991,7574590a-c21f-4897-b22f-72e12c8dde14,2,1,0,3
1788860052.533,2,3,92.221,-289.871,12.898,286.600,193.968,17.967,521.449,-75.533,44.467,1,,0,received,,406.307,57f7ae5d-0c5a-4031-b93d-ee6158f93b5b,2,3,0,3
1788860052.533,3,1,286.600,193.968,17.967,-268.182,213.805,7.939,555.227,-76.173,43.827,1,,0,received,,414.604,3cf9eddf-56c9-40d5-9d33-7c4869ea768d,3,1,0,3
1788860052.533,3,2,286.600,193.968,17.967,92.221,-289.871,12.898,521.449,-75.533,44.467,1,,0,received,,400.926,b8b925b5-4794-4d25-856f-e70e6131a895,3,2,0,3
1788860053.582,1,2,-271.724,217.311,7.942,94.074,-294.591,12.901,629.188,-77.450,42.550,1,,0,received,,409.246,d0219f23-44ed-4a6b-ac74-75e60c2b97cc,1,2,0,3
1788860053.582,1,3,-271.724,217.311,7.942,290.503,197.074,17.972,562.680,-76.310,43.690,1,,0,received,,402.122,ad4d8bd0-ef2e-4d98-af98-8d7280d1c3d6,1,3,0,3
1788860053.582,2,1,94.074,-294.591,12.901,-271.724,217.311,7.942,629.188,-77.450,42.550,1,,0,dropped,channel_loss,411.054,c7239896-6735-4c75-bf22-0122ad7e6b60,2,1,0,3
1788860053.582,2,3,94.074,-294.591,12.901,290.503,197.074,17.972,529.475,-75.689,44.311,1,,0,received,,397.583,c7239896-6735-4c75-bf22-0122ad7e6b60,2,1,1,2
1788860053.583,3,1,290.503,197.074,17.972,-271.724,217.311,7.942,562.680,-76.310,43.690,1,,0,received,,402.740,c7239896-6735-4c75-bf22-0122ad7e6b60,2,1,2,1
1788860053.583,2,3,94.074,-294.591,12.901,290.503,197.074,17.972,529.475,-75.689,44.311,1,,0,dropped,channel_loss,411.513,51ba6117-cc74-4c3a-af24-761f277118c0,2,3,0,3
1788860053.583,2,1,94.074,-294.591,12.901,-271.724,217.311,7.942,629.188,-77.450,42.550,1,,0,dropped,channel_loss,411.238,51ba6117-cc74-4c3a-af24-761f277118c0,2,3,1,2
1788860053.584,3,1,290.503,197.074,17.972,-271.724,217.311,7.942,562.680,-76.310,43.690,1,,0,received,,400.898,ccfd7f3e-86d4-449c-b2f7-b17f63943b76,3,1,0,3
1788860053.584,3,2,290.503,197.074,17.972,94.074,-294.591,12.901,529.475,-75.689,44.311,1,,0,received,,402.073,6a41bd0b-ca79-488a-afac-aec83151f463,3,2,0,3
1788860054.613,1,2,-275.672,221.219,7.991,96.079,-299.667,12.986,639.958,-77.623,42.377,1,,0,received,,400.275,6f7cadf2-4041-4ea6-b9e7-34a8b8c31287,1,2,0,3
1788860054.613,1,3,-275.672,221.219,7.991,294.632,200.358,17.937,570.773,-76.455,43.545,1,,0,received,,399.187,15e9bce5-7289-4a6f-a18e-241acc91c1ce,1,3,0,3
1788860054.614,2,1,96.079,-299.667,12.986,-275.672,221.219,7.991,639.958,-77.623,42.377,1,,0,received,,413.807,a4e79a90-33bb-4dc1-bd90-a9fda0f4d439,2,1,0,3
1788860054.614,2,3,96.079,-299.667,12.986,294.632,200.358,17.937,538.027,-75.852,44.148,1,,0,received,,397.891,ef966581-317d-4268-8738-091921f2cd55,2,3,0,3
1788860054.614,3,1,294.632,200.358,17.937,-275.672,221.219,7.991,570.773,-76.455,43.545,1,,0,received,,406.883,5551c626-c0c3-4dc3-b58d-86479aea7cb1,3,1,0,3
1788860054.614,3,2,294.632,200.358,17.937,96.079,-299.667,12.986,538.027,-75.852,44.148,1,,0,received,,408.542,66ac0a9f-6072-4380-9ab9-3f26ad3a45dc,3,2,0,3
1788860055.689,1,2,-278.528,224.046,7.985,97.601,-303.486,12.992,647.911,-77.749,42.251,1,,0,received,,407.905,3c5e9ea0-e3b8-44c8-a531-a5c7b681b952,1,2,0,3
1788860055.690,1,3,-278.528,224.046,7.985,297.865,202.918,17.938,576.866,-76.564,43.436,1,,0,received,,403.412,2f01b225-ea10-4b82-abfc-40f6465a07c3,1,3,0,3
1788860055.690,2,1,97.601,-303.486,12.992,-278.528,224.046,7.985,647.911,-77.749,42.251,1,,0,received,,397.157,eb990385-fa46-48e0-8254-9abe4a26f2bc,2,1,0,3
1788860055.690,2,3,97.601,-303.486,12.992,297.865,202.918,17.938,544.587,-75.976,44.024,1,,0,received,,395.249,da5e8020-f932-489a-95b8-278b858f6f31,2,3,0,3
1788860055.690,3,1,297.865,202.918,17.938,-278.528,224.046,7.985,576.866,-76.564,43.436,1,,0,received,,413.728,de67df60-9cd2-447c-807d-46c747900bdb,3,1,0,3
1788860055.690,3,2,297.865,202.918,17.938,97.601,-303.486,12.992,544.587,-75.976,44.024,1,,0,received,,413.846,0335bb81-a671-40f2-ad50-e1d31e64e095,3,2,0,3
1788860056.702,1,2,-282.469,227.954,7.986,99.628,-308.540,12.997,658.671,-77.917,42.083,1,,0,received,,404.695,c9218f4b-3c97-4349-9d96-a6df7b536865,1,2,0,3
1788860056.702,1,3,-282.469,227.954,7.986,302.145,206.313,17.944,585.099,-76.708,43.292,1,,0,received,,414.424,e1c16e8e-3471-4c35-8b06-f77af2987706,1,3,0,3
1788860056.702,2,1,99.628,-308.540,12.997,-282.469,227.954,7.986,658.671,-77.917,42.083,1,,0,received,,408.064,cd4ac0ca-56f1-4704-9d9b-b278d47bccd5,2,1,0,3
1788860056.702,2,3,99.628,-308.540,12.997,302.145,206.313,17.944,553.273,-76.137,43.863,1,,0,dropped,channel_loss,396.935,5d2cc2b2-009f-42de-a5d8-e86892d582cb,2,3,0,3
1788860056.702,2,1,99.628,-308.540,12.997,-282.469,227.954,7.986,658.671,-77.917,42.083,1,,0,received,,405.849,5d2cc2b2-009f-42de-a5d8-e86892d582cb,2,3,1,2
1788860056.703,1,3,-282.469,227.954,7.986,302.145,206.313,17.944,585.099,-76.708,43.292,1,,0,received,,413.879,5d2cc2b2-009f-42de-a5d8-e86892d582cb,2,3,2,1
1788860056.703,3,1,302.145,206.313,17.944,-282.469,227.954,7.986,585.099,-76.708,43.292,1,,0,dropped,channel_loss,398.647,afe79ff9-7067-448e-b3cf-1e3000bdeb38,3,1,0,3
1788860056.703,3,2,302.145,206.313,17.944,99.628,-308.540,12.997,553.273,-76.137,43.863,1,,0,received,,398.662,afe79ff9-7067-448e-b3cf-1e3000bdeb38,3,1,1,2
1788860056.703,2,1,99.628,-308.540,12.997,-282.469,227.954,7.986,658.671,-77.917,42.083,1,,0,dropped,channel_loss,415.090,afe79ff9-7067-448e-b3cf-1e3000bdeb38,3,1,2,1
1788860056.703,3,2,302.145,206.313,17.944,99.628,-308.540,12.997,553.273,-76.137,43.863,1,,0,received,,405.054,b269870f-dce5-4b88-bdc4-44ce3ae61afb,3,2,0,3
1788860057.735,1,2,-286.553,231.995,7.944,101.760,-313.872,12.911,669.912,-78.090,41.910,1,,0,dropped,channel_loss,414.389,11b07dda-697e-4b29-8c13-4862f946fcad,1,2,0,3
1788860057.735,1,3,-286.553,231.995,7.944,306.885,210.076,17.980,593.927,-76.861,43.139,1,,0,dropped,channel_loss,412.681,11b07dda-697e-4b29-8c13-4862f946fcad,1,2,1,2
1788860057.736,1,3,-286.553,231.995,7.944,306.885,210.076,17.980,593.927,-76.861,43.139,1,,0,received,,406.505,26e823ae-db41-43ca-b90b-4e9d60e2fc05,1,3,0,3
1788860057.736,2,1,101.760,-313.872,12.911,-286.553,231.995,7.944,669.912,-78.090,41.910,1,,0,received,,414.806,4a87c9d7-0b8b-47a6-9906-a99d6eebca4e,2,1,0,3
1788860057.736,2,3,101.760,-313.872,12.911,306.885,210.076,17.980,562.692,-76.310,43.690,1,,0,received,,414.928,e1df5f56-d4c3-4820-a67e-ed1922e49c2e,2,3,0,3
1788860057.736,3,1,306.885,210.076,17.980,-286.553,231.995,7.944,593.927,-76.861,43.139,1,,0,received,,405.024,35286c80-1d0a-4d80-8094-6a0a67ab090c,3,1,0,3
1788860057.736,3,2,306.885,210.076,17.980,101.760,-313.872,12.911,562.692,-76.310,43.690,1,,0,dropped,channel_loss,412.167,96687616-379a-4a29-bd10-13abb65402cc,3,2,0,3
1788860057.736,3,1,306.885,210.076,17.980,-286.553,231.995,7.944,593.927,-76.861,43.139,1,,0,received,,399.002,96687616-379a-4a29-bd10-13abb65402cc,3,2,1,2
1788860057.736,1,2,-286.553,231.995,7.944,101.760,-313.872,12.911,669.912,-78.090,41.910,1,,0,received,,398.396,96687616-379a-4a29-bd10-13abb65402cc,3,2,2,1
1788860058.743,1,2,-290.291,235.701,7.938,103.689,-318.770,12.908,680.208,-78.246,41.754,1,,0,received,,400.292,af54951c-da3f-4ece-8ead-b1a782b36756,1,2,0,3
1788860058.743,1,3,-290.291,235.701,7.938,311.029,213.349,17.933,601.818,-76.996,43.004,1,,0,received,,409.878,c4892c69-89e5-4ed1-bcfa-91a0667a95af,1,3,0,3
1788860058.743,2,1,103.689,-318.770,12.908,-290.291,235.701,7.938,680.208,-78.246,41.754,1,,0,received,,406.502,062a369c-5e42-4a74-859f-9dc38d5a00d2,2,1,0,3
1788860058.744,2,3,103.689,-318.770,12.908,311.029,213.349,17.933,571.108,-76.461,43.539,1,,0,received,,398.656,0ef5d800-41af-436b-9853-f14bf830c8ca,2,3,0,3
1788860058.744,3,1,311.029,213.349,17.933,-290.291,235.701,7.938,601.818,-76.996,43.004,1,,0,received,,413.087,404bcca2-d027-4eba-8d13-de9428dce515,3,1,0,3
1788860058.744,3,2,311.029,213.349,17.933,103.689,-318.770,12.908,571.108,-76.461,43.539,1,,0,received,,405.452,6b4b085d-af65-4ca0-ba91-3845eabd6acd,3,2,0,3
1788860059.770,1,2,-294.292,239.653,7.947,105.709,-324.169,12.910,691.318,-78.411,41.589,1,,0,received,,408.531,01e09a4b-9bc7-4de5-89fe-7803c1cd782d,1,2,0,3
1788860059.770,1,3,-294.292,239.653,7.947,315.482,216.844,17.978,610.283,-77.138,42.862,1,,0,received,,397.958,208ab947-f7e3-400b-ae18-1e3d92217c53,1,3,0,3
1788860059.770,2,1,105.709,-324.169,12.910,-294.292,239.653,7.947,691.318,-78.411,41.589,1,,0,received,,400.107,0eb88142-7a68-44fb-8c58-8300328422d3,2,1,0,3
1788860059.771,2,3,105.709,-324.169,12.910,315.482,216.844,17.978,580.280,-76.624,43.376,1,,0,received,,399.856,554144b7-8e9c-4b31-951f-18939868805b,2,3,0,3
1788860059.771,3,1,315.482,216.844,17.978,-294.292,239.653,7.947,610.283,-77.138,42.862,1,,0,received,,414.227,3351bb5f-6ebe-4944-b2be-dea3ff7c7618,3,1,0,3
1788860059.771,3,2,315.482,216.844,17.978,105.709,-324.169,12.910,580.280,-76.624,43.376,1,,0,received,,409.604,a288aa98-1291-4262-a110-e63324dee987,3,2,0,3
1788860060.779,1,2,-296.507,241.813,8.005,106.786,-327.230,12.990,697.481,-78.501,41.499,1,,0,received,,408.220,dbfed5c5-ca7c-4e07-9346-2f3782ddf280,1,2,0,3
1788860060.780,1,3,-296.507,241.813,8.005,317.864,218.703,17.951,614.886,-77.215,42.785,1,,0,received,,396.389,969f8cf2-36e2-4c5c-9559-ea3fe9ad4a8c,1,3,0,3
1788860060.780,2,1,106.786,-327.230,12.990,-296.507,241.813,8.005,697.481,-78.501,41.499,1,,0,received,,401.282,5a287548-fb2c-4e35-8332-5ce67e6f7ba1,2,1,0,3
1788860060.780,2,3,106.786,-327.230,12.990,317.864,218.703,17.951,585.338,-76.712,43.288,1,,0,received,,405.196,07be1666-6392-40b8-bb76-9e5b3283d2a3,2,3,0,3
1788860060.780,3,1,317.864,218.703,17.951,-296.507,241.813,8.005,614.886,-77.215,42.785,1,,0,received,,409.217,3cce4d58-ece3-4179-8b1e-05e964953e09,3,1,0,3
1788860060.781,3,2,317.864,218.703,17.951,106.786,-327.230,12.990,585.338,-76.712,43.288,1,,0,received,,397.494,ff6480f4-a965-4b18-9a71-9cfd4a5957fa,3,2,0,3
1788860061.820,1,2,-298.270,243.516,7.995,107.653,-329.746,12.980,702.444,-78.574,41.426,1,,0,dropped,channel_loss,401.047,e4f0f8f7-535f-428b-b070-f0393f57cbb7,1,2,0,3
1788860061.821,1,3,-298.270,243.516,7.995,319.830,220.261,17.942,618.618,-77.277,42.723,1,,0,received,,399.529,e4f0f8f7-535f-428b-b070-f0393f57cbb7,1,2,1,2
1788860061.821,3,2,319.830,220.261,17.942,107.653,-329.746,12.980,589.535,-76.785,43.215,1,,0,received,,398.210,e4f0f8f7-535f-428b-b070-f0393f57cbb7,1,2,2,1
1788860061.822,1,3,-298.270,243.516,7.995,319.830,220.261,17.942,618.618,-77.277,42.723,1,,0,received,,407.261,4daa3849-91c4-4a18-9a77-2b1213a2392e,1,3,0,3
1788860061.822,2,1,107.653,-329.746,12.980,-298.270,243.516,7.995,702.444,-78.574,41.426,1,,0,received,,406.131,29a5a7ae-8209-49a9-8ffe-a732463f9414,2,1,0,3
1788860061.822,2,3,107.653,-329.746,12.980,319.830,220.261,17.942,589.535,-76.785,43.215,1,,0,received,,405.896,9525c748-810e-4c25-9a8f-266ff08a814e,2,3,0,3
1788860061.823,3,1,319.830,220.261,17.942,-298.270,243.516,7.995,618.618,-77.277,42.723,1,,0,received,,399.514,c57f7bac-5d74-4521-bd6b-461ce3f33701,3,1,0,3
1788860061.823,3,2,319.830,220.261,17.942,107.653,-329.746,12.980,589.535,-76.785,43.215,1,,0,received,,410.241,a78b1140-7edf-4892-8419-9814e111eb23,3,2,0,3
1788860062.841,1,2,-299.951,245.119,7.985,108.542,-332.395,12.974,707.400,-78.646,41.354,1,,0,received,,396.784,d35ab69a-00dd-40c5-a4f5-581e96bf5011,1,2,0,3
1788860062.841,1,3,-299.951,245.119,7.985,321.804,221.876,17.936,622.269,-77.337,42.663,1,,0,received,,409.221,257718d9-afff-4d37-9fa7-02610d41e41a,1,3,0,3
1788860062.842,2,1,108.542,-332.395,12.974,-299.951,245.119,7.985,707.400,-78.646,41.354,1,,0,received,,406.430,5c246108-e922-4c88-b2ac-ff21e2fa9cbf,2,1,0,3
1788860062.842,2,3,108.542,-332.395,12.974,321.804,221.876,17.936,593.904,-76.861,43.139,1,,0,received,,406.099,fe095052-3930-48b4-bf7a-5d26cb9daefe,2,3,0,3
1788860062.842,3,1,321.804,221.876,17.936,-299.951,245.119,7.985,622.269,-77.337,42.663,1,,0,received,,406.600,8147388e-7486-41e9-8685-54818004c805,3,1,0,3
1788860062.842,3,2,321.804,221.876,17.936,108.542,-332.395,12.974,593.904,-76.861,43.139,1,,0,received,,401.708,9d534ecf-d407-4b95-bc6a-9c9240662c70,3,2,0,3
1788860063.859,1,2,-301.300,246.388,7.988,109.333,-334.789,12.975,711.625,-78.706,41.294,1,,0,received,,397.471,d397139b-f188-4732-ba0a-8febe1e0313b,1,2,0,3
1788860063.860,1,3,-301.300,246.388,7.988,323.462,223.267,17.945,625.269,-77.386,42.614,1,,0,received,,406.809,33e633bc-22be-4670-9cd5-cdd543b0492e,1,3,0,3
1788860063.860,2,1,109.333,-334.789,12.975,-301.300,246.388,7.988,711.625,-78.706,41.294,1,,0,received,,405.354,ee612e08-cb20-4a81-b135-06b03dfe1f2f,2,1,0,3
1788860063.860,2,3,109.333,-334.789,12.975,323.462,223.267,17.945,597.748,-76.927,43.073,1,,0,received,,404.215,41501fa1-b526-439f-97e7-330dc78ae252,2,3,0,3
1788860063.860,3,1,323.462,223.267,17.945,-301.300,246.388,7.988,625.269,-77.386,42.614,1,,0,received,,404.282,7ea88022-411f-47d1-997e-75f66d5c7673,3,1,0,3
1788860063.860,3,2,323.462,223.267,17.945,109.333,-334.789,12.975,597.748,-76.927,43.073,1,,0,received,,404.394,93fd701a-4cf1-42e1-9ff9-d28cb96a0274,3,2,0,3
1788860064.913,1,2,-302.181,247.223,8.003,109.929,-336.536,12.903,714.586,-78.749,41.251,1,,0,received,,409.612,28bcbf02-5c08-47d9-8fcb-3930342d670d,1,2,0,3
1788860064.915,1,3,-302.181,247.223,8.003,324.577,224.224,17.960,627.259,-77.418,42.582,1,,0,received,,411.475,efdd8cff-0d88-4db9-b820-13d3ca6da73c,1,3,0,3
1788860064.915,2,1,109.929,-336.536,12.903,-302.181,247.223,8.003,714.586,-78.749,41.251,1,,0,received,,406.713,11e084d7-edd9-4554-bbdc-afda3fc64575,2,1,0,3
1788860064.916,2,3,109.929,-336.536,12.903,324.577,224.224,17.960,600.460,-76.973,43.027,1,,0,received,,402.037,7813f53d-3ca6-4cb8-a39c-e4fc18d7aa30,2,3,0,3
1788860064.916,3,1,324.577,224.224,17.960,-302.181,247.223,8.003,627.259,-77.418,42.582,1,,0,received,,415.029,b72d7161-53fd-40d7-85f3-5764cfea496b,3,1,0,3
1788860064.917,3,2,324.577,224.224,17.960,109.929,-336.536,12.903,600.460,-76.973,43.027,1,,0,dropped,channel_loss,396.526,04341aef-f427-4ee4-af66-d37c9e31d2d6,3,2,0,3
1788860064.917,3,1,324.577,224.224,17.960,-302.181,247.223,8.003,627.259,-77.418,42.582,1,,0,dropped,channel_loss,395.781,04341aef-f427-4ee4-af66-d37c9e31d2d6,3,2,1,2
