timestamp,sender,receiver,sender_x,sender_y,sender_z,receiver_x,receiver_y,receiver_z,distance,RSSI,SNR,LOS,building_obstacles,terrain_blocked,packet_status,drop_reason,latency_ms,packet_id,source,destination,hop_count,TTL
1788859677.161,1,2,-15.000,-0.000,-0.013,-0.000,-0.000,-0.013,15.000,-39.317,80.683,1,,0,received,,395.644,4677ceac-4055-4547-83e4-2a1f98dfa8fd,1,2,0,3
1788859677.161,1,3,-15.000,-0.000,-0.013,15.000,-0.000,-0.013,30.000,-46.391,73.609,1,,0,received,,399.608,c0ff5a06-7ba7-4eb6-bfb7-f8f5b2023005,1,3,0,3
1788859677.161,2,1,-0.000,-0.000,-0.013,-15.000,-0.000,-0.013,15.000,-39.317,80.683,1,,0,received,,408.678,e103a441-029f-41c3-b945-82f2196e32d7,2,1,0,3
1788859677.162,2,3,-0.000,-0.000,-0.013,15.000,-0.000,-0.013,15.000,-39.317,80.683,1,,0,received,,396.883,7f4440ee-8f76-4c21-8be6-16cbcd953826,2,3,0,3
1788859677.162,3,1,15.000,-0.000,-0.013,-15.000,-0.000,-0.013,30.000,-46.391,73.609,1,,0,received,,395.740,37904f7e-fffa-4b4d-af58-58cb7c36b5fb,3,1,0,3
1788859677.162,3,2,15.000,-0.000,-0.013,-0.000,-0.000,-0.013,15.000,-39.317,80.683,1,,0,received,,405.251,b754f979-f498-4c08-9712-0f46841a4ec2,3,2,0,3
1788859678.263,1,2,-15.000,-0.000,-0.013,-0.000,-0.000,-0.013,15.000,-39.317,80.683,1,,0,received,,399.121,a8b3e27b-aec2-4f5d-b02e-b944787775e4,1,2,0,3
1788859678.263,1,3,-15.000,-0.000,-0.013,15.000,-0.000,-0.013,30.000,-46.391,73.609,1,,0,received,,406.043,3721483e-7af1-47b1-8b41-e748a2eb68e6,1,3,0,3
1788859678.263,2,1,-0.000,-0.000,-0.013,-15.000,-0.000,-0.013,15.000,-39.317,80.683,1,,0,received,,406.929,1d41c314-73f1-4910-a0e6-b9f812634bfd,2,1,0,3
1788859678.263,2,3,-0.000,-0.000,-0.013,15.000,-0.000,-0.013,15.000,-39.317,80.683,1,,0,received,,395.274,52cb8081-dfb6-48a4-b9b9-3c9fcee7e1e2,2,3,0,3
1788859678.264,3,1,15.000,-0.000,-0.013,-15.000,-0.000,-0.013,30.000,-46.391,73.609,1,,0,received,,409.107,09a06f3b-703c-441d-b9df-c5e06226323e,3,1,0,3
1788859678.264,3,2,15.000,-0.000,-0.013,-0.000,-0.000,-0.013,15.000,-39.317,80.683,1,,0,received,,398.254,d0a36cc7-8d34-4d72-b799-e9a01b817bbb,3,2,0,3
1788859679.362,1,2,-15.000,-0.000,-0.013,-0.000,-0.000,-0.013,15.000,-39.317,80.683,1,,0,dropped,channel_loss,401.876,78ad8d6b-7e12-413f-9e30-c86303b63c5e,1,2,0,3
1788859679.362,1,3,-15.000,-0.000,-0.013,15.000,-0.000,-0.013,30.000,-46.391,73.609,1,,0,received,,397.078,78ad8d6b-7e12-413f-9e30-c86303b63c5e,1,2,1,2
1788859679.362,3,2,15.000,-0.000,-0.013,-0.000,-0.000,-0.013,15.000,-39.317,80.683,1,,0,received,,407.219,78ad8d6b-7e12-413f-9e30-c86303b63c5e,1,2,2,1
1788859679.363,1,3,-15.000,-0.000,-0.013,15.000,-0.000,-0.013,30.000,-46.391,73.609,1,,0,received,,409.739,c8e91790-2a3a-4810-803d-400402eb10ae,1,3,0,3
1788859679.363,2,1,-0.000,-0.000,-0.013,-15.000,-0.000,-0.013,15.000,-39.317,80.683,1,,0,received,,414.606,dfc3a7f8-8d30-4748-8397-e569b89bb236,2,1,0,3
1788859679.363,2,3,-0.000,-0.000,-0.013,15.000,-0.000,-0.013,15.000,-39.317,80.683,1,,0,received,,406.185,b5c3a796-2811-4ceb-8233-6e1f103e6ed8,2,3,0,3
1788859679.363,3,1,15.000,-0.000,-0.013,-15.000,-0.000,-0.013,30.000,-46.391,73.609,1,,0,received,,407.514,94a39e58-f816-47ff-89ed-11fe0b80d5f3,3,1,0,3
1788859679.363,3,2,15.000,-0.000,-0.013,-0.000,-0.000,-0.013,15.000,-39.317,80.683,1,,0,received,,406.691,1ab5f6e4-7ccc-4017-a617-495eb9e14bed,3,2,0,3
1788859680.388,1,2,-14.991,0.005,-0.054,-0.003,-0.006,0.007,14.988,-39.308,80.692,1,,0,received,,396.061,13e6fbc3-a687-44cc-9e87-6adcb79b830b,1,2,0,3
1788859680.388,1,3,-14.991,0.005,-0.054,14.970,0.005,0.051,29.960,-46.377,73.623,1,,0,received,,400.932,096c3aaa-29a8-4f42-b992-8c2cb30075c0,1,3,0,3
1788859680.388,2,1,-0.003,-0.006,0.007,-14.991,0.005,-0.054,14.988,-39.308,80.692,1,,0,received,,399.800,b169db56-bb73-45a7-8945-e6abc90a192d,2,1,0,3
1788859680.389,2,3,-0.003,-0.006,0.007,14.970,0.005,0.051,14.973,-39.298,80.702,1,,0,received,,400.704,7f7839a4-11f8-4532-bd6a-b8798979b89f,2,3,0,3
1788859680.389,3,1,14.970,0.005,0.051,-14.991,0.005,-0.054,29.960,-46.377,73.623,1,,0,received,,402.441,37df473d-e9bd-435d-ab18-6ba6cf353f58,3,1,0,3
1788859680.389,3,2,14.970,0.005,0.051,-0.003,-0.006,0.007,14.973,-39.298,80.702,1,,0,received,,399.334,17622910-5a59-49b3-9595-8f11510b19f7,3,2,0,3
1788859681.415,1,2,-14.991,0.005,-0.052,-0.011,-0.006,-0.047,14.980,-39.303,80.697,1,,0,received,,413.877,d546e6a3-4d7a-4561-a8a4-c737167052c7,1,2,0,3
1788859681.416,1,3,-14.991,0.005,-0.052,14.962,0.005,0.062,29.953,-46.375,73.625,1,,0,received,,407.327,0ef6de72-cfff-4cd5-b961-6f03ca99199d,1,3,0,3
1788859681.416,2,1,-0.011,-0.006,-0.047,-14.991,0.005,-0.052,14.980,-39.303,80.697,1,,0,received,,409.727,a4efccff-8099-4305-8811-9bb76f24e42a,2,1,0,3
1788859681.416,2,3,-0.011,-0.006,-0.047,14.962,0.005,0.062,14.973,-39.298,80.702,1,,0,received,,402.733,7633e743-68bf-4466-a1d0-7ccce6e19240,2,3,0,3
1788859681.416,3,1,14.962,0.005,0.062,-14.991,0.005,-0.052,29.953,-46.375,73.625,1,,0,dropped,channel_loss,407.944,3cbef4d5-aaf6-4e3a-b3db-c4f15047e7a6,3,1,0,3
1788859681.416,3,2,14.962,0.005,0.062,-0.011,-0.006,-0.047,14.973,-39.298,80.702,1,,0,received,,408.836,3cbef4d5-aaf6-4e3a-b3db-c4f15047e7a6,3,1,1,2
1788859681.417,2,1,-0.011,-0.006,-0.047,-14.991,0.005,-0.052,14.980,-39.303,80.697,1,,0,received,,410.664,3cbef4d5-aaf6-4e3a-b3db-c4f15047e7a6,3,1,2,1
1788859681.417,3,2,14.962,0.005,0.062,-0.011,-0.006,-0.047,14.973,-39.298,80.702,1,,0,received,,395.786,2c028e58-2aba-40b8-a2b9-2715c77e93e3,3,2,0,3
1788859682.452,1,2,-14.983,0.005,-0.052,-0.003,-0.006,0.001,14.980,-39.303,80.697,1,,0,received,,400.499,9954d24c-bfc1-49a0-8678-b490f5c29203,1,2,0,3
1788859682.452,1,3,-14.983,0.005,-0.052,14.962,-0.029,0.070,29.945,-46.372,73.628,1,,0,received,,414.002,35df8c5f-51e8-46e1-8e71-ca2face7e92f,1,3,0,3
1788859682.452,2,1,-0.003,-0.006,0.001,-14.983,0.005,-0.052,14.980,-39.303,80.697,1,,0,received,,401.438,c84fd1ad-0f9a-41ce-a7a2-6c49129e630e,2,1,0,3
1788859682.452,2,3,-0.003,-0.006,0.001,14.962,-0.029,0.070,14.965,-39.293,80.707,1,,0,received,,403.057,78a2f785-a7a5-486e-840f-068969b7908c,2,3,0,3
1788859682.453,3,1,14.962,-0.029,0.070,-14.983,0.005,-0.052,29.945,-46.372,73.628,1,,0,received,,404.321,91fd7ff6-0b9c-48c8-a142-a285f5486c74,3,1,0,3
1788859682.453,3,2,14.962,-0.029,0.070,-0.003,-0.006,0.001,14.965,-39.293,80.707,1,,0,received,,400.077,3e163255-c591-4263-8c4c-82f1bbf79ca7,3,2,0,3
1788859683.469,1,2,-14.983,0.005,-0.050,-0.003,0.005,-0.056,14.980,-39.303,80.697,1,,0,received,,400.399,94580937-a864-4c04-b73a-dbcb3df0c98d,1,2,0,3
1788859683.469,1,3,-14.983,0.005,-0.050,14.962,-0.029,0.074,29.945,-46.372,73.628,1,,0,received,,413.101,07a470c6-e0a0-42dc-96a8-a21a5fa89004,1,3,0,3
1788859683.470,2,1,-0.003,0.005,-0.056,-14.983,0.005,-0.050,14.980,-39.303,80.697,1,,0,received,,399.530,dce802f4-1eac-4646-b8e3-554bf878088f,2,1,0,3
1788859683.470,2,3,-0.003,0.005,-0.056,14.962,-0.029,0.074,14.966,-39.293,80.707,1,,0,dropped,channel_loss,405.335,a14d75ae-7af5-495a-9ca1-76bcffb0c21d,2,3,0,3
1788859683.470,2,1,-0.003,0.005,-0.056,-14.983,0.005,-0.050,14.980,-39.303,80.697,1,,0,received,,396.086,a14d75ae-7af5-495a-9ca1-76bcffb0c21d,2,3,1,2
1788859683.471,1,3,-14.983,0.005,-0.050,14.962,-0.029,0.074,29.945,-46.372,73.628,1,,0,received,,407.693,a14d75ae-7af5-495a-9ca1-76bcffb0c21d,2,3,2,1
1788859683.471,3,1,14.962,-0.029,0.074,-14.983,0.005,-0.050,29.945,-46.372,73.628,1,,0,received,,403.587,a6c71092-0620-4661-b6b1-e862fb0907a0,3,1,0,3
1788859683.472,3,2,14.962,-0.029,0.074,-0.003,0.005,-0.056,14.966,-39.293,80.707,1,,0,received,,402.776,781f46fe-59c6-4e01-9361-fb0490f984d3,3,2,0,3
1788859684.506,1,2,-14.983,0.005,-0.052,-0.003,0.005,-0.001,14.980,-39.303,80.697,1,,0,dropped,channel_loss,405.726,c003c4fb-a11c-48ed-a218-bf3d755d2be5,1,2,0,3
1788859684.506,1,3,-14.983,0.005,-0.052,14.962,-0.018,0.011,29.945,-46.372,73.628,1,,0,dropped,channel_loss,412.360,c003c4fb-a11c-48ed-a218-bf3d755d2be5,1,2,1,2
1788859684.507,1,3,-14.983,0.005,-0.052,14.962,-0.018,0.011,29.945,-46.372,73.628,1,,0,received,,409.559,eaa29a83-9fd7-4634-aeae-1ea292c21b86,1,3,0,3
1788859684.507,2,1,-0.003,0.005,-0.001,-14.983,0.005,-0.052,14.980,-39.303,80.697,1,,0,received,,405.883,e5ed31f9-5821-444c-b1d6-3dae8330d75d,2,1,0,3
1788859684.508,2,3,-0.003,0.005,-0.001,14.962,-0.018,0.011,14.965,-39.293,80.707,1,,0,received,,407.963,61b7086d-7d6e-4c33-b7d0-7075685ec631,2,3,0,3
1788859684.508,3,1,14.962,-0.018,0.011,-14.983,0.005,-0.052,29.945,-46.372,73.628,1,,0,received,,403.839,ee3ca5d7-890f-42d9-b880-4dfae394728a,3,1,0,3
1788859684.508,3,2,14.962,-0.018,0.011,-0.003,0.005,-0.001,14.965,-39.293,80.707,1,,0,received,,414.220,216c7ab1-62ca-4766-9f53-1096f92c7c2a,3,2,0,3
1788859685.548,1,2,-14.983,-0.006,-0.051,-0.003,-0.018,0.010,14.980,-39.303,80.697,1,,0,received,,400.412,b84ffa0d-1381-4345-9282-a9bf4097fc33,1,2,0,3
1788859685.549,1,3,-14.983,-0.006,-0.051,14.970,-0.018,0.055,29.953,-46.375,73.625,1,,0,received,,398.717,7164b235-bfc0-4c92-88fa-4cc01952924d,1,3,0,3
1788859685.549,2,1,-0.003,-0.018,0.010,-14.983,-0.006,-0.051,14.980,-39.303,80.697,1,,0,received,,412.554,676ab815-149a-4490-8434-381af8a133fc,2,1,0,3
1788859685.549,2,3,-0.003,-0.018,0.010,14.970,-0.018,0.055,14.973,-39.298,80.702,1,,0,received,,407.923,b480416c-5279-4dbc-91fa-5dea37087c5e,2,3,0,3
1788859685.549,3,1,14.970,-0.018,0.055,-14.983,-0.006,-0.051,29.953,-46.375,73.625,1,,0,received,,398.201,9cd24a24-5de5-4764-86ee-20a95a400d9f,3,1,0,3
1788859685.549,3,2,14.970,-0.018,0.055,-0.003,-0.018,0.010,14.973,-39.298,80.702,1,,0,received,,405.932,c4ab46a1-a313-4323-bc1b-6975cec303b4,3,2,0,3
1788859686.587,1,2,-14.983,-0.018,-0.049,-0.003,-0.018,-0.035,14.980,-39.303,80.697,1,,0,received,,405.751,375e7c23-ef2e-43c3-bdb4-6ce256f55b84,1,2,0,3
1788859686.587,1,3,-14.983,-0.018,-0.049,14.985,-0.029,0.039,29.968,-46.380,73.620,1,,0,received,,401.627,0b80953c-7b2e-42a4-95b3-8ec4500c738d,1,3,0,3
1788859686.587,2,1,-0.003,-0.018,-0.035,-14.983,-0.018,-0.049,14.980,-39.303,80.697,1,,0,received,,413.726,346074ba-50eb-4975-a246-3c9617c02617,2,1,0,3
1788859686.587,2,3,-0.003,-0.018,-0.035,14.985,-0.029,0.039,14.988,-39.308,80.692,1,,0,received,,411.777,3aeb99c3-9360-464a-ba3d-591774c2b416,2,3,0,3
1788859686.588,3,1,14.985,-0.029,0.039,-14.983,-0.018,-0.049,29.968,-46.380,73.620,1,,0,received,,396.303,b9dd4bf3-fd20-420e-89a3-26757c9dd908,3,1,0,3
1788859686.588,3,2,14.985,-0.029,0.039,-0.003,-0.018,-0.035,14.988,-39.308,80.692,1,,0,received,,414.083,638abc0c-3cd1-40e9-b662-6434cd0b40f3,3,2,0,3
1788859687.628,1,2,-14.983,-0.006,-0.046,-0.011,-0.029,-0.038,14.973,-39.298,80.702,1,,0,received,,404.864,90fc7175-4a12-499d-b05c-fd61f92f8f9e,1,2,0,3
1788859687.628,1,3,-14.983,-0.006,-0.046,14.992,-0.029,0.031,29.975,-46.382,73.618,1,,0,received,,410.356,60ee8d89-2326-44e5-b995-92f8870a5883,1,3,0,3
1788859687.629,2,1,-0.011,-0.029,-0.038,-14.983,-0.006,-0.046,14.973,-39.298,80.702,1,,0,received,,397.712,051d0f32-1dbd-47df-b701-928427e7cbf1,2,1,0,3
1788859687.629,2,3,-0.011,-0.029,-0.038,14.992,-0.029,0.031,15.003,-39.318,80.682,1,,0,received,,406.140,290a8d6a-3a0b-4244-81a0-fcaaf346ff47,2,3,0,3
1788859687.629,3,1,14.992,-0.029,0.031,-14.983,-0.006,-0.046,29.975,-46.382,73.618,1,,0,received,,412.593,0d136969-5272-4b83-8480-c0853219ed54,3,1,0,3
1788859687.629,3,2,14.992,-0.029,0.031,-0.011,-0.029,-0.038,15.003,-39.318,80.682,1,,0,received,,399.380,212331ce-fe8c-487f-83e7-4a6223b89227,3,2,0,3
1788859688.676,1,2,-14.983,-0.006,-0.051,-0.003,-0.029,-0.043,14.980,-39.303,80.697,1,,0,received,,409.743,1b9904da-5f1d-44ce-ae30-e3fa325287ae,1,2,0,3
1788859688.676,1,3,-14.983,-0.006,-0.051,14.985,-0.029,-0.028,29.968,-46.380,73.620,1,,0,received,,401.378,0d0625c9-d26c-4e4f-9c50-17bcd0496be9,1,3,0,3
1788859688.677,2,1,-0.003,-0.029,-0.043,-14.983,-0.006,-0.051,14.980,-39.303,80.697,1,,0,dropped,channel_loss,408.142,f90bf9d0-9348-44dd-b4f7-d6791b136243,2,1,0,3
1788859688.677,2,3,-0.003,-0.029,-0.043,14.985,-0.029,-0.028,14.988,-39.308,80.692,1,,0,received,,405.496,f90bf9d0-9348-44dd-b4f7-d6791b136243,2,1,1,2
1788859688.677,3,1,14.985,-0.029,-0.028,-14.983,-0.006,-0.051,29.968,-46.380,73.620,1,,0,received,,399.638,f90bf9d0-9348-44dd-b4f7-d6791b136243,2,1,2,1
1788859688.677,2,3,-0.003,-0.029,-0.043,14.985,-0.029,-0.028,14.988,-39.308,80.692,1,,0,received,,406.910,5b2e05cc-84c6-4d4d-9722-8875cdfccfe6,2,3,0,3
1788859688.678,3,1,14.985,-0.029,-0.028,-14.983,-0.006,-0.051,29.968,-46.380,73.620,1,,0,received,,399.548,ad869c7b-42d8-4153-a8b1-6db644f0e654,3,1,0,3
1788859688.678,3,2,14.985,-0.029,-0.028,-0.003,-0.029,-0.043,14.988,-39.308,80.692,1,,0,received,,407.766,dd272c22-34e1-4cd1-989a-2d06745aad9b,3,2,0,3
1788859689.680,1,2,-14.976,-0.006,-0.057,0.005,-0.029,-0.050,14.980,-39.303,80.697,1,,0,received,,413.252,e8a73096-3c81-4094-9b6a-ea28b819584a,1,2,0,3
1788859689.681,1,3,-14.976,-0.006,-0.057,14.977,-0.029,0.024,29.953,-46.375,73.625,1,,0,received,,396.561,92f5967e-09eb-449a-a34e-c3434f444bd9,1,3,0,3
1788859689.681,2,1,0.005,-0.029,-0.050,-14.976,-0.006,-0.057,14.980,-39.303,80.697,1,,0,received,,408.524,3321acc0-f338-4dd3-bb9b-64afb6ee49ec,2,1,0,3
1788859689.681,2,3,0.005,-0.029,-0.050,14.977,-0.029,0.024,14.973,-39.298,80.702,1,,0,received,,397.790,582f9824-4064-40a8-b393-ce1ba17decbc,2,3,0,3
1788859689.681,3,1,14.977,-0.029,0.024,-14.976,-0.006,-0.057,29.953,-46.375,73.625,1,,0,dropped,channel_loss,406.565,1be2579f-0f76-4d94-876e-66f9935daeff,3,1,0,3
1788859689.681,3,2,14.977,-0.029,0.024,0.005,-0.029,-0.050,14.973,-39.298,80.702,1,,0,received,,410.836,1be2579f-0f76-4d94-876e-66f9935daeff,3,1,1,2
1788859689.681,2,1,0.005,-0.029,-0.050,-14.976,-0.006,-0.057,14.980,-39.303,80.697,1,,0,received,,398.952,1be2579f-0f76-4d94-876e-66f9935daeff,3,1,2,1
1788859689.682,3,2,14.977,-0.029,0.024,0.005,-0.029,-0.050,14.973,-39.298,80.702,1,,0,received,,403.765,9f350cf5-f290-4840-b116-8120db1038cf,3,2,0,3
1788859690.716,1,2,-14.968,-0.006,-0.064,0.005,-0.029,-0.001,14.973,-39.298,80.702,1,,0,received,,404.485,d230cafa-d83a-4b9b-aaaf-2e6ea0e90966,1,2,0,3
1788859690.716,1,3,-14.968,-0.006,-0.064,14.962,-0.040,-0.039,29.930,-46.367,73.633,1,,0,received,,408.611,48748224-4f61-4654-9b50-ba651c8062d7,1,3,0,3
1788859690.716,2,1,0.005,-0.029,-0.001,-14.968,-0.006,-0.064,14.973,-39.298,80.702,1,,0,dropped,channel_loss,397.112,7c265c16-1822-47f7-963b-b1b086374080,2,1,0,3
1788859690.716,2,3,0.005,-0.029,-0.001,14.962,-0.040,-0.039,14.958,-39.288,80.712,1,,0,received,,401.930,7c265c16-1822-47f7-963b-b1b086374080,2,1,1,2
1788859690.716,3,1,14.962,-0.040,-0.039,-14.968,-0.006,-0.064,29.930,-46.367,73.633,1,,0,received,,400.117,7c265c16-1822-47f7-963b-b1b086374080,2,1,2,1
1788859690.717,2,3,0.005,-0.029,-0.001,14.962,-0.040,-0.039,14.958,-39.288,80.712,1,,0,received,,404.116,b14023dc-3a8e-4679-a065-45c25d36fa6b,2,3,0,3
1788859690.717,3,1,14.962,-0.040,-0.039,-14.968,-0.006,-0.064,29.930,-46.367,73.633,1,,0,received,,400.715,7ea8f414-2123-4cac-8ba6-92b203c7ce09,3,1,0,3
1788859690.717,3,2,14.962,-0.040,-0.039,0.005,-0.029,-0.001,14.958,-39.288,80.712,1,,0,received,,413.609,2bc16046-491a-478d-90f0-f3e7e376cc67,3,2,0,3
1788859691.759,1,2,-14.968,-0.006,-0.067,0.005,-0.029,-0.002,14.973,-39.298,80.702,1,,0,received,,412.371,23a5a01a-1446-454d-bc3b-2e875a3d2bfc,1,2,0,3
1788859691.759,1,3,-14.968,-0.006,-0.067,14.954,-0.018,-0.042,29.922,-46.364,73.636,1,,0,received,,396.156,a6b1eb46-5507-4456-8219-cf2d068c7a61,1,3,0,3
1788859691.759,2,1,0.005,-0.029,-0.002,-14.968,-0.006,-0.067,14.973,-39.298,80.702,1,,0,dropped,channel_loss,411.865,ebd26d71-101f-4e6f-ad6c-626be061483b,2,1,0,3
1788859691.759,2,3,0.005,-0.029,-0.002,14.954,-0.018,-0.042,14.950,-39.282,80.718,1,,0,dropped,channel_loss,413.671,ebd26d71-101f-4e6f-ad6c-626be061483b,2,1,1,2
1788859691.759,2,3,0.005,-0.029,-0.002,14.954,-0.018,-0.042,14.950,-39.282,80.718,1,,0,received,,398.470,9c9b32c2-09b7-418f-a718-682d0054cdab,2,3,0,3
1788859691.759,3,1,14.954,-0.018,-0.042,-14.968,-0.006,-0.067,29.922,-46.364,73.636,1,,0,received,,399.419,9d9e1b92-19a0-4f51-8960-7c329333bc37,3,1,0,3
1788859691.760,3,2,14.954,-0.018,-0.042,0.005,-0.029,-0.002,14.950,-39.282,80.718,1,,0,received,,396.317,ce586edf-393b-4036-86d8-09523bca5cb6,3,2,0,3
1788859692.808,1,2,-14.968,-0.006,-0.065,0.012,-0.029,-0.058,14.980,-39.303,80.697,1,,0,received,,414.850,dfb29480-8833-449f-a265-10924c5ff09c,1,2,0,3
1788859692.809,1,3,-14.968,-0.006,-0.065,14.954,-0.018,-0.044,29.922,-46.364,73.636,1,,0,received,,410.826,0aa42716-f59e-4928-88b2-55201d3f865d,1,3,0,3
1788859692.809,2,1,0.012,-0.029,-0.058,-14.968,-0.006,-0.065,14.980,-39.303,80.697,1,,0,received,,403.604,72136fdb-b0d9-49ed-8617-46717a999978,2,1,0,3
1788859692.810,2,3,0.012,-0.029,-0.058,14.954,-0.018,-0.044,14.942,-39.277,80.723,1,,0,dropped,channel_loss,415.053,6e6e09f2-724c-4142-bd37-5e661f225cae,2,3,0,3
1788859692.810,2,1,0.012,-0.029,-0.058,-14.968,-0.006,-0.065,14.980,-39.303,80.697,1,,0,received,,409.512,6e6e09f2-724c-4142-bd37-5e661f225cae,2,3,1,2
1788859692.810,1,3,-14.968,-0.006,-0.065,14.954,-0.018,-0.044,29.922,-46.364,73.636,1,,0,received,,401.078,6e6e09f2-724c-4142-bd37-5e661f225cae,2,3,2,1
1788859692.810,3,1,14.954,-0.018,-0.044,-14.968,-0.006,-0.065,29.922,-46.364,73.636,1,,0,dropped,channel_loss,406.728,34a8c041-fd29-48ab-a72c-ee0b2fadffc1,3,1,0,3
1788859692.810,3,2,14.954,-0.018,-0.044,0.012,-0.029,-0.058,14.942,-39.277,80.723,1,,0,received,,410.104,34a8c041-fd29-48ab-a72c-ee0b2fadffc1,3,1,1,2
1788859692.811,2,1,0.012,-0.029,-0.058,-14.968,-0.006,-0.065,14.980,-39.303,80.697,1,,0,received,,406.828,34a8c041-fd29-48ab-a72c-ee0b2fadffc1,3,1,2,1
1788859692.811,3,2,14.954,-0.018,-0.044,0.012,-0.029,-0.058,14.942,-39.277,80.723,1,,0,received,,412.198,82cfc45c-3ac8-41e1-ac8d-472cb3ff739d,3,2,0,3
1788859693.842,1,2,-14.960,-0.018,-0.066,0.020,-0.029,-0.064,14.980,-39.303,80.697,1,,0,received,,414.360,00f164ab-f425-4b8d-8e0c-1d00de8829b6,1,2,0,3
1788859693.842,1,3,-14.960,-0.018,-0.066,14.962,-0.018,-0.041,29.922,-46.364,73.636,1,,0,received,,398.861,113dc176-4b24-4b28-b964-74897c77b96f,1,3,0,3
1788859693.842,2,1,0.020,-0.029,-0.064,-14.960,-0.018,-0.066,14.980,-39.303,80.697,1,,0,received,,408.648,c696cbc9-f70f-4ad4-9d0a-e5377e361afa,2,1,0,3
1788859693.843,2,3,0.020,-0.029,-0.064,14.962,-0.018,-0.041,14.942,-39.277,80.723,1,,0,received,,397.542,f86ef4d5-8507-4264-9b00-09ab82de6a1a,2,3,0,3
1788859693.843,3,1,14.962,-0.018,-0.041,-14.960,-0.018,-0.066,29.922,-46.364,73.636,1,,0,received,,400.068,d1292505-b90b-4201-ad59-472f9bff9ccf,3,1,0,3
1788859693.843,3,2,14.962,-0.018,-0.041,0.020,-0.029,-0.064,14.942,-39.277,80.723,1,,0,received,,407.532,2d7a2c38-321e-473e-b692-cf9d2f01c50a,3,2,0,3
1788859694.889,1,2,-14.960,-0.006,-0.062,0.020,-0.018,-0.016,14.980,-39.303,80.697,1,,0,received,,406.817,07a1064a-991b-4f52-9b38-cd5b5e242cb7,1,2,0,3
1788859694.889,1,3,-14.960,-0.006,-0.062,14.962,-0.018,-0.046,29.922,-46.364,73.636,1,,0,received,,413.838,d914500c-45f3-4d4c-96f6-a976afe55665,1,3,0,3
1788859694.890,2,1,0.020,-0.018,-0.016,-14.960,-0.006,-0.062,14.980,-39.303,80.697,1,,0,received,,409.468,aa892da4-9b38-4d55-8b48-65e4f683d067,2,1,0,3
1788859694.890,2,3,0.020,-0.018,-0.016,14.962,-0.018,-0.046,14.942,-39.277,80.723,1,,0,received,,403.060,a56b61b9-778a-4ee7-b02c-1af4722b448c,2,3,0,3
1788859694.890,3,1,14.962,-0.018,-0.046,-14.960,-0.006,-0.062,29.922,-46.364,73.636,1,,0,received,,401.144,7bf1a8c1-6aec-4227-b3d1-868560c64bbb,3,1,0,3
1788859694.890,3,2,14.962,-0.018,-0.046,0.020,-0.018,-0.016,14.942,-39.277,80.723,1,,0,received,,410.181,2f4c0df3-1547-42c3-8b23-0502b357fe6b,3,2,0,3
1788859695.927,1,2,-14.953,-0.018,-0.063,0.012,-0.006,-0.016,14.965,-39.293,80.707,1,,0,received,,404.310,8031b808-e92f-499d-b7bf-bddd66e25c71,1,2,0,3
1788859695.927,1,3,-14.953,-0.018,-0.063,14.962,-0.029,-0.048,29.915,-46.362,73.638,1,,0,dropped,channel_loss,415.066,92e4b5b3-a66c-4204-a348-bbf203a935e4,1,3,0,3
1788859695.927,1,2,-14.953,-0.018,-0.063,0.012,-0.006,-0.016,14.965,-39.293,80.707,1,,0,received,,399.407,92e4b5b3-a66c-4204-a348-bbf203a935e4,1,3,1,2
1788859695.927,2,3,0.012,-0.006,-0.016,14.962,-0.029,-0.048,14.950,-39.282,80.718,1,,0,received,,413.809,92e4b5b3-a66c-4204-a348-bbf203a935e4,1,3,2,1
1788859695.927,2,1,0.012,-0.006,-0.016,-14.953,-0.018,-0.063,14.965,-39.293,80.707,1,,0,received,,412.729,28b83594-795d-4ba7-9181-803b745f7ba8,2,1,0,3
1788859695.928,2,3,0.012,-0.006,-0.016,14.962,-0.029,-0.048,14.950,-39.282,80.718,1,,0,received,,398.299,34f9c2c6-03d9-43df-96fb-399cc9cf5a36,2,3,0,3
1788859695.928,3,1,14.962,-0.029,-0.048,-14.953,-0.018,-0.063,29.915,-46.362,73.638,1,,0,received,,409.215,528387cc-52b5-4607-b29d-0cf7c5e0cbbe,3,1,0,3
1788859695.928,3,2,14.962,-0.029,-0.048,0.012,-0.006,-0.016,14.950,-39.282,80.718,1,,0,received,,414.889,32977c86-724d-432c-9aff-0b031f5a3aae,3,2,0,3
1788859696.960,1,2,-14.953,-0.018,-0.072,0.005,0.005,-0.019,14.958,-39.288,80.712,1,,0,received,,395.301,649a5917-9f68-47d6-a3af-90ee0a2cd86a,1,2,0,3
1788859696.961,1,3,-14.953,-0.018,-0.072,14.954,-0.029,-0.049,29.907,-46.359,73.641,1,,0,received,,401.132,4d443ecf-b375-40cf-81f7-235ab8ad951e,1,3,0,3
1788859696.961,2,1,0.005,0.005,-0.019,-14.953,-0.018,-0.072,14.958,-39.288,80.712,1,,0,received,,413.923,0af810dd-d66c-451e-853d-869ea6cf6063,2,1,0,3
1788859696.961,2,3,0.005,0.005,-0.019,14.954,-0.029,-0.049,14.950,-39.282,80.718,1,,0,received,,397.453,08de8ee6-c054-4625-998e-57bf69370b1b,2,3,0,3
1788859696.961,3,1,14.954,-0.029,-0.049,-14.953,-0.018,-0.072,29.907,-46.359,73.641,1,,0,received,,406.209,37283553-34d5-445d-8836-109985f9f410,3,1,0,3
1788859696.962,3,2,14.954,-0.029,-0.049,0.005,0.005,-0.019,14.950,-39.282,80.718,1,,0,received,,407.241,3d5da24a-2a3d-4bdf-a82b-d2301707a5c3,3,2,0,3
1788859697.990,1,2,-14.945,-0.018,-0.074,0.012,0.005,-0.019,14.958,-39.288,80.712,1,,0,received,,399.216,4a9248e8-d070-481d-b364-b188dcfb2ccf,1,2,0,3
1788859697.990,1,3,-14.945,-0.018,-0.074,14.954,-0.018,-0.049,29.900,-46.357,73.643,1,,0,received,,400.424,68400188-5f8a-4482-a236-b961b66a838d,1,3,0,3
1788859697.990,2,1,0.012,0.005,-0.019,-14.945,-0.018,-0.074,14.958,-39.288,80.712,1,,0,received,,413.251,f38abc13-290f-476a-8b44-8ff06aa696f5,2,1,0,3
1788859697.990,2,3,0.012,0.005,-0.019,14.954,-0.018,-0.049,14.942,-39.277,80.723,1,,0,received,,396.990,47686cfb-b82a-49a7-b657-85e34a0d5056,2,3,0,3
1788859697.990,3,1,14.954,-0.018,-0.049,-14.945,-0.018,-0.074,29.900,-46.357,73.643,1,,0,received,,400.678,4c55caa4-f4a5-4f8a-a7be-37ed3f57b549,3,1,0,3
1788859697.991,3,2,14.954,-0.018,-0.049,0.012,0.005,-0.019,14.942,-39.277,80.723,1,,0,received,,410.566,7c6c3baf-c347-4fb6-8091-65e247354fcf,3,2,0,3
1788859699.021,1,2,-14.945,-0.006,-0.072,0.012,0.005,-0.068,14.957,-39.288,80.712,1,,0,received,,400.383,bff57265-846c-4385-b559-26440673a29d,1,2,0,3
1788859699.021,1,3,-14.945,-0.006,-0.072,14.962,-0.018,0.008,29.907,-46.359,73.641,1,,0,received,,406.178,a6f5d7cf-1dba-477e-89f0-a62180f8522c,1,3,0,3
1788859699.021,2,1,0.012,0.005,-0.068,-14.945,-0.006,-0.072,14.957,-39.288,80.712,1,,0,received,,395.337,0d06af2b-56bb-4e52-bfd1-0affa48b2330,2,1,0,3
1788859699.021,2,3,0.012,0.005,-0.068,14.962,-0.018,0.008,14.950,-39.283,80.717,1,,0,received,,412.806,f8ef190f-d8d8-4127-a395-120460420e8b,2,3,0,3
1788859699.022,3,1,14.962,-0.018,0.008,-14.945,-0.006,-0.072,29.907,-46.359,73.641,1,,0,received,,406.056,9d586c7f-591c-4a1f-800c-c46c3438276f,3,1,0,3
1788859699.022,3,2,14.962,-0.018,0.008,0.012,0.005,-0.068,14.950,-39.283,80.717,1,,0,received,,406.794,7288541a-8b1f-485f-b099-2f9da5c76b75,3,2,0,3
1788859700.054,1,2,-14.938,0.005,-0.067,0.012,-0.006,-0.066,14.950,-39.282,80.718,1,,0,received,,397.693,2db43790-eaf4-403e-81d6-b15fdb356cbe,1,2,0,3
1788859700.054,1,3,-14.938,0.005,-0.067,14.970,-0.018,-0.058,29.907,-46.359,73.641,1,,0,received,,413.124,d6b6bd2b-354b-464e-be71-7ab6361ae976,1,3,0,3
1788859700.055,2,1,0.012,-0.006,-0.066,-14.938,0.005,-0.067,14.950,-39.282,80.718,1,,0,received,,412.358,e971e1fc-86dc-4e48-aaed-08da3930913f,2,1,0,3
1788859700.055,2,3,0.012,-0.006,-0.066,14.970,-0.018,-0.058,14.957,-39.288,80.712,1,,0,received,,399.346,09ad5616-3267-41f6-8ff6-06f396f44063,2,3,0,3
1788859700.055,3,1,14.970,-0.018,-0.058,-14.938,0.005,-0.067,29.907,-46.359,73.641,1,,0,received,,397.200,7da4c471-f3b4-47a8-a3e9-c88acb82e2c3,3,1,0,3
1788859700.055,3,2,14.970,-0.018,-0.058,0.012,-0.006,-0.066,14.957,-39.288,80.712,1,,0,received,,412.827,f2ef2c19-08fc-4298-a5d2-d4887506ec3f,3,2,0,3
1788859701.064,1,2,-14.938,0.005,-0.064,0.020,-0.006,0.001,14.958,-39.288,80.712,1,,0,received,,407.557,50322889-1859-4c15-9109-a7138249d628,1,2,0,3
1788859701.065,1,3,-14.938,0.005,-0.064,14.977,-0.029,-0.065,29.915,-46.362,73.638,1,,0,received,,413.742,6a0638be-84a0-4c0e-af88-2fc01175a6bc,1,3,0,3
1788859701.065,2,1,0.020,-0.006,0.001,-14.938,0.005,-0.064,14.958,-39.288,80.712,1,,0,received,,414.668,156ef363-cd6e-4568-9434-8bdda88bdb83,2,1,0,3
1788859701.065,2,3,0.020,-0.006,0.001,14.977,-0.029,-0.065,14.958,-39.288,80.712,1,,0,received,,412.772,5d76274b-5356-4cbb-8c8c-176b82977ab2,2,3,0,3
1788859701.065,3,1,14.977,-0.029,-0.065,-14.938,0.005,-0.064,29.915,-46.362,73.638,1,,0,received,,409.875,7e6c4d01-5be0-4e4b-94b9-fb584a674325,3,1,0,3
1788859701.065,3,2,14.977,-0.029,-0.065,0.020,-0.006,0.001,14.958,-39.288,80.712,1,,0,received,,413.760,79adfce4-4cfd-49d6-b22b-3ab65396184a,3,2,0,3
1788859702.096,1,2,-14.945,0.005,-0.066,0.020,-0.018,-0.002,14.965,-39.293,80.707,1,,0,received,,412.425,9dc8034c-f183-403b-bae9-f9d2665ba4b1,1,2,0,3
1788859702.097,1,3,-14.945,0.005,-0.066,14.977,-0.018,-0.066,29.922,-46.364,73.636,1,,0,received,,400.480,5effa4f6-7b60-4f19-8075-f1eb89e2effe,1,3,0,3
1788859702.097,2,1,0.020,-0.018,-0.002,-14.945,0.005,-0.066,14.965,-39.293,80.707,1,,0,received,,397.306,51653dc0-4fa1-4f4c-81e5-1c281ca931c5,2,1,0,3
1788859702.097,2,3,0.020,-0.018,-0.002,14.977,-0.018,-0.066,14.958,-39.288,80.712,1,,0,received,,412.316,db4d7b37-1118-4149-a859-c3039d30851b,2,3,0,3
1788859702.097,3,1,14.977,-0.018,-0.066,-14.945,0.005,-0.066,29.922,-46.364,73.636,1,,0,received,,411.476,558fc2ae-d51a-4b5d-a846-7290a0a100d9,3,1,0,3
1788859702.097,3,2,14.977,-0.018,-0.066,0.020,-0.018,-0.002,14.958,-39.288,80.712,1,,0,received,,401.248,6568cfcf-8957-4404-ac9a-2285fbe11b56,3,2,0,3
1788859703.137,1,2,-14.945,-0.006,-0.063,0.020,-0.018,0.000,14.965,-39.293,80.707,1,,0,received,,399.696,086b150b-02b8-4473-8af1-fbdd624fb9f9,1,2,0,3
1788859703.137,1,3,-14.945,-0.006,-0.063,14.970,-0.006,-0.068,29.915,-46.362,73.638,1,,0,received,,399.007,c909bf70-e8ae-4614-922e-8514951912a0,1,3,0,3
1788859703.138,2,1,0.020,-0.018,0.000,-14.945,-0.006,-0.063,14.965,-39.293,80.707,1,,0,received,,412.431,804054c6-cf57-47f9-9ed5-34f391042857,2,1,0,3
1788859703.138,2,3,0.020,-0.018,0.000,14.970,-0.006,-0.068,14.950,-39.283,80.717,1,,0,dropped,channel_loss,400.727,d8b3cbc0-c1a8-4e31-9233-bcab79ee00c4,2,3,0,3
1788859703.138,2,1,0.020,-0.018,0.000,-14.945,-0.006,-0.063,14.965,-39.293,80.707,1,,0,received,,403.138,d8b3cbc0-c1a8-4e31-9233-bcab79ee00c4,2,3,1,2
1788859703.138,1,3,-14.945,-0.006,-0.063,14.970,-0.006,-0.068,29.915,-46.362,73.638,1,,0,dropped,channel_loss,405.868,d8b3cbc0-c1a8-4e31-9233-bcab79ee00c4,2,3,2,1
1788859703.139,3,1,14.970,-0.006,-0.068,-14.945,-0.006,-0.063,29.915,-46.362,73.638,1,,0,dropped,channel_loss,397.451,75f297dc-b978-4dc8-8770-97177bee6b4a,3,1,0,3
1788859703.139,3,2,14.970,-0.006,-0.068,0.020,-0.018,0.000,14.950,-39.283,80.717,1,,0,dropped,channel_loss,398.715,75f297dc-b978-4dc8-8770-97177bee6b4a,3,1,1,2
1788859703.139,3,2,14.970,-0.006,-0.068,0.020,-0.018,0.000,14.950,-39.283,80.717,1,,0,dropped,channel_loss,400.453,f797b4c9-b247-483c-9983-3db4eac873c7,3,2,0,3
1788859703.139,3,1,14.970,-0.006,-0.068,-14.945,-0.006,-0.063,29.915,-46.362,73.638,1,,0,received,,403.835,f797b4c9-b247-483c-9983-3db4eac873c7,3,2,1,2
1788859703.139,1,2,-14.945,-0.006,-0.063,0.020,-0.018,0.000,14.965,-39.293,80.707,1,,0,received,,401.418,f797b4c9-b247-483c-9983-3db4eac873c7,3,2,2,1
1788859704.187,1,2,-14.945,0.005,-0.062,0.020,-0.018,0.001,14.965,-39.293,80.707,1,,0,received,,405.373,fd8cae42-9a91-48b5-827d-c39d78ec918d,1,2,0,3
1788859704.188,1,3,-14.945,0.005,-0.062,14.970,-0.006,-0.063,29.915,-46.362,73.638,1,,0,received,,406.676,9dc11f37-daff-4202-9ad2-76f105311417,1,3,0,3
1788859704.188,2,1,0.020,-0.018,0.001,-14.945,0.005,-0.062,14.965,-39.293,80.707,1,,0,received,,409.320,9e6c31cb-c320-4dbd-954d-9749236756cd,2,1,0,3
1788859704.188,2,3,0.020,-0.018,0.001,14.970,-0.006,-0.063,14.950,-39.283,80.717,1,,0,received,,413.656,c22798b6-c31e-4db8-9080-09cf27d7e25a,2,3,0,3
1788859704.188,3,1,14.970,-0.006,-0.063,-14.945,0.005,-0.062,29.915,-46.362,73.638,1,,0,received,,409.533,86feebbe-3bdd-4d03-a2c7-168613d57445,3,1,0,3
1788859704.189,3,2,14.970,-0.006,-0.063,0.020,-0.018,0.001,14.950,-39.283,80.717,1,,0,received,,408.557,e0dc68c2-0f45-4f24-98c7-5274933e2f04,3,2,0,3
1788859705.224,1,2,-14.938,0.016,-0.064,0.005,-0.006,0.009,14.943,-39.277,80.723,1,,0,received,,396.544,ef14ab3e-dd5a-4238-a271-e1f3177675a4,1,2,0,3
1788859705.224,1,3,-14.938,0.016,-0.064,14.962,-0.006,0.000,29.900,-46.357,73.643,1,,0,received,,401.748,254e1c76-6170-4693-8690-b79784c3f7cf,1,3,0,3
1788859705.224,2,1,0.005,-0.006,0.009,-14.938,0.016,-0.064,14.943,-39.277,80.723,1,,0,received,,412.104,692d2991-b259-4da5-afc4-1ab8293b1873,2,1,0,3
1788859705.224,2,3,0.005,-0.006,0.009,14.962,-0.006,0.000,14.957,-39.288,80.712,1,,0,received,,401.150,9217d2d9-3940-45c7-9bf8-27af8a3c4a85,2,3,0,3
1788859705.224,3,1,14.962,-0.006,0.000,-14.938,0.016,-0.064,29.900,-46.357,73.643,1,,0,received,,403.312,5a2496bf-f8b4-406b-9cf6-9e6f892fa63b,3,1,0,3
1788859705.225,3,2,14.962,-0.006,0.000,0.005,-0.006,0.009,14.957,-39.288,80.712,1,,0,received,,401.057,e0ac6a53-e2c5-4ab3-b696-25b35ac71030,3,2,0,3
1788859706.227,1,2,-14.945,0.016,-0.062,-0.003,0.005,0.016,14.943,-39.277,80.723,1,,0,received,,403.553,59cc495b-f868-4914-ac78-f3ad5de4bbfa,1,2,0,3
1788859706.227,1,3,-14.945,0.016,-0.062,14.962,-0.006,-0.062,29.907,-46.359,73.641,1,,0,dropped,channel_loss,408.690,d7a0393d-3471-4438-a7cc-4468513ce937,1,3,0,3
1788859706.228,1,2,-14.945,0.016,-0.062,-0.003,0.005,0.016,14.943,-39.277,80.723,1,,0,received,,407.454,d7a0393d-3471-4438-a7cc-4468513ce937,1,3,1,2
1788859706.229,2,3,-0.003,0.005,0.016,14.962,-0.006,-0.062,14.965,-39.293,80.707,1,,0,received,,406.103,d7a0393d-3471-4438-a7cc-4468513ce937,1,3,2,1
1788859706.230,2,1,-0.003,0.005,0.016,-14.945,0.016,-0.062,14.943,-39.277,80.723,1,,0,received,,400.882,cf1c26c9-fe57-40cd-baae-7451998e591a,2,1,0,3
1788859706.234,2,3,-0.003,0.005,0.016,14.962,-0.006,-0.062,14.965,-39.293,80.707,1,,0,received,,406.744,053ac72c-917f-4d2e-ab3e-eed632a647f7,2,3,0,3
1788859706.235,3,1,14.962,-0.006,-0.062,-14.945,0.016,-0.062,29.907,-46.359,73.641,1,,0,received,,404.444,216b1e7b-799f-4d80-a8f2-62d88d075a71,3,1,0,3
1788859706.235,3,2,14.962,-0.006,-0.062,-0.003,0.005,0.016,14.965,-39.293,80.707,1,,0,received,,399.418,c2a66cd2-2055-4dee-8a77-86bdce313f87,3,2,0,3
1788859707.229,1,2,-14.953,0.016,-0.062,-0.011,0.005,-0.039,14.942,-39.277,80.723,1,,0,received,,413.168,652dd339-c3fc-4bcb-a327-bcfd67535308,1,2,0,3
1788859707.230,1,3,-14.953,0.016,-0.062,14.970,-0.006,-0.004,29.922,-46.364,73.636,1,,0,received,,398.538,f46eb6f5-2cea-4059-a8ac-96924d2108c7,1,3,0,3
1788859707.230,2,1,-0.011,0.005,-0.039,-14.953,0.016,-0.062,14.942,-39.277,80.723,1,,0,received,,405.453,484b51e4-6fa6-46b3-80c5-1a43f3228e01,2,1,0,3
1788859707.230,2,3,-0.011,0.005,-0.039,14.970,-0.006,-0.004,14.980,-39.303,80.697,1,,0,received,,401.848,e8f81e15-53a7-4d6b-a58a-56b2f915e3a5,2,3,0,3
1788859707.230,3,1,14.970,-0.006,-0.004,-14.953,0.016,-0.062,29.922,-46.364,73.636,1,,0,received,,410.167,6f2a0271-47c7-463b-aadf-8552a5813e18,3,1,0,3
1788859707.230,3,2,14.970,-0.006,-0.004,-0.011,0.005,-0.039,14.980,-39.303,80.697,1,,0,received,,399.637,bc477a97-1c29-4c80-813b-7d5b867c9d71,3,2,0,3
1788859708.285,1,2,-14.960,0.005,-0.066,-0.018,0.005,0.029,14.943,-39.277,80.723,1,,0,received,,395.633,b9d1c356-9742-4423-897e-e5d5ccf3d463,1,2,0,3
1788859708.286,1,3,-14.960,0.005,-0.066,14.970,0.005,-0.066,29.930,-46.367,73.633,1,,0,received,,404.647,4d47074b-fb63-409f-89a6-b7f666a31540,1,3,0,3
1788859708.286,2,1,-0.018,0.005,0.029,-14.960,0.005,-0.066,14.943,-39.277,80.723,1,,0,received,,396.601,653b5563-ead8-410c-abe2-7fb1f4ae7e18,2,1,0,3
1788859708.286,2,3,-0.018,0.005,0.029,14.970,0.005,-0.066,14.988,-39.308,80.692,1,,0,received,,407.739,062b1e2a-df5f-4eba-8d53-f942e9b2c3fe,2,3,0,3
1788859708.286,3,1,14.970,0.005,-0.066,-14.960,0.005,-0.066,29.930,-46.367,73.633,1,,0,received,,409.071,b20d3135-ab54-4b92-8d07-768496b74030,3,1,0,3
1788859708.286,3,2,14.970,0.005,-0.066,-0.018,0.005,0.029,14.988,-39.308,80.692,1,,0,received,,400.024,3333d280-6092-4615-b5c7-206d8a5f51ae,3,2,0,3
1788859709.287,1,2,-14.968,0.005,-0.066,-0.018,0.005,-0.032,14.950,-39.282,80.718,1,,0,received,,395.255,3edbaf6e-3cc5-4518-98c8-3d1dd5abb669,1,2,0,3
1788859709.288,1,3,-14.968,0.005,-0.066,14.970,0.005,-0.004,29.938,-46.370,73.630,1,,0,received,,410.545,b8977643-91d9-4711-bc04-8719bf211e61,1,3,0,3
1788859709.288,2,1,-0.018,0.005,-0.032,-14.968,0.005,-0.066,14.950,-39.282,80.718,1,,0,received,,403.647,d942f09a-0631-46c4-892e-5109d972ff7d,2,1,0,3
1788859709.288,2,3,-0.018,0.005,-0.032,14.970,0.005,-0.004,14.988,-39.308,80.692,1,,0,received,,414.303,86b77cf7-8505-42be-83ae-5808ea8e3911,2,3,0,3
1788859709.288,3,1,14.970,0.005,-0.004,-14.968,0.005,-0.066,29.938,-46.370,73.630,1,,0,received,,396.148,4ea592d8-0348-432f-9a44-e644155204c1,3,1,0,3
1788859709.288,3,2,14.970,0.005,-0.004,-0.018,0.005,-0.032,14.988,-39.308,80.692,1,,0,received,,412.111,96a16492-7163-40f8-990d-2fd5e960a0a9,3,2,0,3
1788859710.296,1,2,-14.976,0.005,-0.011,-0.011,0.005,0.036,14.965,-39.293,80.707,1,,0,received,,411.172,db0d33d9-cff0-46a0-9de6-c71533f6b860,1,2,0,3
1788859710.296,1,3,-14.976,0.005,-0.011,14.970,-0.006,0.007,29.945,-46.372,73.628,1,,0,received,,414.902,5946007f-764b-4f77-8c54-97629b053413,1,3,0,3
1788859710.296,2,1,-0.011,0.005,0.036,-14.976,0.005,-0.011,14.965,-39.293,80.707,1,,0,received,,414.145,b05d26d6-f341-46ee-ae4f-5a257cfb4d5d,2,1,0,3
1788859710.296,2,3,-0.011,0.005,0.036,14.970,-0.006,0.007,14.980,-39.303,80.697,1,,0,received,,407.397,e4fa249b-7729-416e-9c90-dd845be7f77d,2,3,0,3
1788859710.296,3,1,14.970,-0.006,0.007,-14.976,0.005,-0.011,29.945,-46.372,73.628,1,,0,received,,405.240,fe0c76f9-d6cf-46d4-9f56-fe62d7b979b6,3,1,0,3
1788859710.296,3,2,14.970,-0.006,0.007,-0.011,0.005,0.036,14.980,-39.303,80.697,1,,0,received,,406.101,f07cdaf1-0058-429f-9e8b-cf8b5954bb55,3,2,0,3
1788859711.301,1,2,-14.968,-0.006,0.215,0.005,-0.006,0.098,14.973,-39.298,80.702,1,,0,received,,410.017,0ccfae41-76b8-4730-b49f-d33b2cd2eb1e,1,2,0,3
1788859711.301,1,3,-14.968,-0.006,0.215,14.970,-0.018,-0.040,29.939,-46.370,73.630,1,,0,received,,400.328,f4b9257f-19f1-4a7f-9e7b-6b2a2e9f851f,1,3,0,3
1788859711.301,2,1,0.005,-0.006,0.098,-14.968,-0.006,0.215,14.973,-39.298,80.702,1,,0,received,,407.897,4d2d2653-eb3e-4d0a-892a-cc54fa38dd3a,2,1,0,3
1788859711.301,2,3,0.005,-0.006,0.098,14.970,-0.018,-0.040,14.966,-39.293,80.707,1,,0,received,,405.570,b290da29-f54d-426f-82b3-400c5b71abc5,2,3,0,3
1788859711.301,3,1,14.970,-0.018,-0.040,-14.968,-0.006,0.215,29.939,-46.370,73.630,1,,0,received,,400.636,6d47bbb8-3168-43fa-a6e9-3c8be23502bf,3,1,0,3
1788859711.301,3,2,14.970,-0.018,-0.040,0.005,-0.006,0.098,14.966,-39.293,80.707,1,,0,received,,400.859,5286638d-7be8-4a72-983b-67e6131d832a,3,2,0,3
1788859712.308,1,2,-14.945,-0.006,0.635,0.050,-0.018,0.347,14.998,-39.315,80.685,1,,0,received,,401.538,963c3e22-34b5-49cf-b32e-73d090303052,1,2,0,3
1788859712.308,1,3,-14.945,-0.006,0.635,14.970,-0.029,0.009,29.921,-46.364,73.636,1,,0,received,,397.912,b1f0750e-3544-408e-a795-051c47fe5c96,1,3,0,3
1788859712.308,2,1,0.050,-0.018,0.347,-14.945,-0.006,0.635,14.998,-39.315,80.685,1,,0,received,,409.023,757aab82-2f93-4c0c-bcd0-508ba0318d20,2,1,0,3
1788859712.308,2,3,0.050,-0.018,0.347,14.970,-0.029,0.009,14.924,-39.264,80.736,1,,0,received,,396.429,1342e139-8862-48ae-8f51-49a916b5818c,2,3,0,3
1788859712.309,3,1,14.970,-0.029,0.009,-14.945,-0.006,0.635,29.921,-46.364,73.636,1,,0,received,,405.996,5c0a753f-3656-4029-bea1-ae8d47e1137d,3,1,0,3
1788859712.309,3,2,14.970,-0.029,0.009,0.050,-0.018,0.347,14.924,-39.264,80.736,1,,0,received,,399.281,0c96c428-ee82-42c3-a3e9-7e74e51aed00,3,2,0,3
1788859713.335,1,2,-14.923,0.005,1.119,0.072,-0.040,0.760,14.999,-39.316,80.684,1,,0,received,,413.241,3c9d5c6e-6865-4589-ba9d-ad4caa61168b,1,2,0,3
1788859713.335,1,3,-14.923,0.005,1.119,14.977,-0.018,0.287,29.911,-46.361,73.639,1,,0,received,,409.055,c7197d13-4eab-4c0c-b293-5c687a4b0dfa,1,3,0,3
1788859713.335,2,1,0.072,-0.040,0.760,-14.923,0.005,1.119,14.999,-39.316,80.684,1,,0,received,,410.456,3cfdbacc-caf3-44df-aa30-af55e3e5265f,2,1,0,3
1788859713.335,2,3,0.072,-0.040,0.760,14.977,-0.018,0.287,14.912,-39.257,80.743,1,,0,received,,395.262,974aef92-76b5-413c-b36f-715d8f8a33b8,2,3,0,3
1788859713.335,3,1,14.977,-0.018,0.287,-14.923,0.005,1.119,29.911,-46.361,73.639,1,,0,received,,410.214,e5ec1fbc-682a-4a5a-a0d3-851d6d2e99e0,3,1,0,3
1788859713.335,3,2,14.977,-0.018,0.287,0.072,-0.040,0.760,14.912,-39.257,80.743,1,,0,received,,414.213,00284719-60e4-4686-a666-e7d480e61160,3,2,0,3
1788859714.348,1,2,-14.908,0.005,1.586,0.065,-0.029,1.125,14.980,-39.303,80.697,1,,0,received,,410.094,a6334711-7018-4413-b80e-01a020643b3b,1,2,0,3
1788859714.348,1,3,-14.908,0.005,1.586,14.985,-0.006,0.634,29.907,-46.359,73.641,1,,0,received,,407.209,30d4cc26-d5e5-4a77-864d-69f201b3473c,1,3,0,3
1788859714.349,2,1,0.065,-0.029,1.125,-14.908,0.005,1.586,14.980,-39.303,80.697,1,,0,received,,399.532,59eede28-1614-420b-92e5-aaf14b63cc99,2,1,0,3
1788859714.349,2,3,0.065,-0.029,1.125,14.985,-0.006,0.634,14.928,-39.267,80.733,1,,0,received,,395.725,5310a798-5f88-42f2-b1bd-ec4b0788c5f3,2,3,0,3
1788859714.349,3,1,14.985,-0.006,0.634,-14.908,0.005,1.586,29.907,-46.359,73.641,1,,0,received,,408.727,0935ee8e-7fe1-409e-bd84-dd31dd551be2,3,1,0,3
1788859714.349,3,2,14.985,-0.006,0.634,0.065,-0.029,1.125,14.928,-39.267,80.733,1,,0,received,,398.445,fe5d60d0-676c-4360-b8d2-99c6c200f07d,3,2,0,3
1788859715.398,1,2,-14.908,-0.006,2.149,0.057,-0.018,1.731,14.971,-39.297,80.703,1,,0,received,,397.697,14383428-3fa0-413b-bdb2-309fff241961,1,2,0,3
1788859715.398,1,3,-14.908,-0.006,2.149,14.985,-0.006,1.073,29.912,-46.361,73.639,1,,0,received,,395.683,e4dda79d-0877-45f0-baee-6d8e14a27fe7,1,3,0,3
1788859715.398,2,1,0.057,-0.018,1.731,-14.908,-0.006,2.149,14.971,-39.297,80.703,1,,0,received,,406.432,92369d37-dd47-4510-98bc-1cefe29c89b3,2,1,0,3
1788859715.398,2,3,0.057,-0.018,1.731,14.985,-0.006,1.073,14.942,-39.277,80.723,1,,0,received,,407.999,b20934a2-cdbb-4337-a45e-c7788ba411b3,2,3,0,3
1788859715.398,3,1,14.985,-0.006,1.073,-14.908,-0.006,2.149,29.912,-46.361,73.639,1,,0,received,,404.378,fce198d1-7081-496d-96c5-8de3ff468cb6,3,1,0,3
1788859715.399,3,2,14.985,-0.006,1.073,0.057,-0.018,1.731,14.942,-39.277,80.723,1,,0,received,,402.726,49d91f52-24ef-43cc-b128-4387865dda5e,3,2,0,3
1788859716.418,1,2,-14.915,-0.006,2.715,0.042,-0.006,2.261,14.964,-39.292,80.708,1,,0,received,,401.681,5ed0e860-a39c-43a7-a9b9-7d94352f956c,1,2,0,3
1788859716.418,1,3,-14.915,-0.006,2.715,14.970,-0.006,1.627,29.905,-46.358,73.642,1,,0,received,,402.727,88daa506-bb06-403a-920e-1b52d18e9817,1,3,0,3
1788859716.418,2,1,0.042,-0.006,2.261,-14.915,-0.006,2.715,14.964,-39.292,80.708,1,,0,received,,411.783,ffe93fc8-fa3f-475a-ab43-68b08422e830,2,1,0,3
1788859716.418,2,3,0.042,-0.006,2.261,14.970,-0.006,1.627,14.941,-39.276,80.724,1,,0,received,,396.782,d2876e16-5bd4-4d85-859a-8141f983ac1e,2,3,0,3
1788859716.418,3,1,14.970,-0.006,1.627,-14.915,-0.006,2.715,29.905,-46.358,73.642,1,,0,received,,405.932,53378eb7-5013-4cd0-b7ea-0a3a0c01850e,3,1,0,3
1788859716.418,3,2,14.970,-0.006,1.627,0.042,-0.006,2.261,14.941,-39.276,80.724,1,,0,dropped,channel_loss,402.143,364ac947-a9f7-4a7c-b1bf-3cebe3532b3b,3,2,0,3
1788859716.418,3,1,14.970,-0.006,1.627,-14.915,-0.006,2.715,29.905,-46.358,73.642,1,,0,received,,410.769,364ac947-a9f7-4a7c-b1bf-3cebe3532b3b,3,2,1,2
1788859716.418,1,2,-14.915,-0.006,2.715,0.042,-0.006,2.261,14.964,-39.292,80.708,1,,0,received,,410.229,364ac947-a9f7-4a7c-b1bf-3cebe3532b3b,3,2,2,1
1788859717.470,1,2,-14.923,-0.006,3.303,0.035,-0.006,2.822,14.965,-39.293,80.707,1,,0,dropped,channel_loss,399.131,d70639aa-d6f4-41e5-bedb-6ba5e6be6c3a,1,2,0,3
1788859717.470,1,3,-14.923,-0.006,3.303,14.970,-0.006,2.109,29.916,-46.362,73.638,1,,0,received,,398.192,d70639aa-d6f4-41e5-bedb-6ba5e6be6c3a,1,2,1,2
1788859717.470,3,2,14.970,-0.006,2.109,0.035,-0.006,2.822,14.952,-39.284,80.716,1,,0,received,,408.533,d70639aa-d6f4-41e5-bedb-6ba5e6be6c3a,1,2,2,1
1788859717.470,1,3,-14.923,-0.006,3.303,14.970,-0.006,2.109,29.916,-46.362,73.638,1,,0,received,,399.503,e7fb0a4e-6c22-4cbb-a08c-7add8cf306d6,1,3,0,3
1788859717.470,2,1,0.035,-0.006,2.822,-14.923,-0.006,3.303,14.965,-39.293,80.707,1,,0,received,,410.482,56491b70-1829-43b3-bb0b-fc2934399e0c,2,1,0,3
1788859717.470,2,3,0.035,-0.006,2.822,14.970,-0.006,2.109,14.952,-39.284,80.716,1,,0,received,,407.289,446db2c6-4c01-47b0-9487-e1872c8ce9ba,2,3,0,3
1788859717.470,3,1,14.970,-0.006,2.109,-14.923,-0.006,3.303,29.916,-46.362,73.638,1,,0,received,,397.435,17370e45-de34-4cfd-a128-b138a0d31956,3,1,0,3
1788859717.471,3,2,14.970,-0.006,2.109,0.035,-0.006,2.822,14.952,-39.284,80.716,1,,0,received,,414.438,9ab7dba0-f4d3-4e4d-a2d4-ed78d560aaf7,3,2,0,3
1788859718.483,1,2,-14.930,-0.006,3.943,0.027,-0.018,3.347,14.969,-39.296,80.704,1,,0,received,,395.658,f5701206-66eb-4ab6-9262-8c523ab27718,1,2,0,3
1788859718.484,1,3,-14.930,-0.006,3.943,14.977,-0.006,2.746,29.931,-46.367,73.633,1,,0,received,,408.691,9f093bb0-84f3-4fce-89c0-ac8407cfc5bd,1,3,0,3
1788859718.484,2,1,0.027,-0.018,3.347,-14.930,-0.006,3.943,14.969,-39.296,80.704,1,,0,dropped,channel_loss,403.077,625b305e-d288-43c6-817f-8bc0acb24f2d,2,1,0,3
1788859718.484,2,3,0.027,-0.018,3.347,14.977,-0.006,2.746,14.962,-39.291,80.709,1,,0,received,,396.664,625b305e-d288-43c6-817f-8bc0acb24f2d,2,1,1,2
1788859718.484,3,1,14.977,-0.006,2.746,-14.930,-0.006,3.943,29.931,-46.367,73.633,1,,0,received,,407.689,625b305e-d288-43c6-817f-8bc0acb24f2d,2,1,2,1
1788859718.484,2,3,0.027,-0.018,3.347,14.977,-0.006,2.746,14.962,-39.291,80.709,1,,0,received,,410.594,77fbedb6-c8f2-4df1-b694-5c77e683df96,2,3,0,3
1788859718.484,3,1,14.977,-0.006,2.746,-14.930,-0.006,3.943,29.931,-46.367,73.633,1,,0,received,,407.152,c7d01b39-b8c0-4cbb-8425-1fc56e10b2ef,3,1,0,3
1788859718.484,3,2,14.977,-0.006,2.746,0.027,-0.018,3.347,14.962,-39.291,80.709,1,,0,received,,414.821,754f5afb-25ff-4bb8-8ed9-3e49b0389a69,3,2,0,3
1788859719.529,1,2,-14.945,0.005,4.526,0.027,-0.018,4.002,14.982,-39.304,80.696,1,,0,received,,402.088,c79b0946-debd-455d-bed4-52c5cc4e33e1,1,2,0,3
1788859719.529,1,3,-14.945,0.005,4.526,14.977,0.016,3.241,29.950,-46.374,73.626,1,,0,received,,402.556,537da543-76f5-40f1-86bf-dc0eb01a67c0,1,3,0,3
1788859719.529,2,1,0.027,-0.018,4.002,-14.945,0.005,4.526,14.982,-39.304,80.696,1,,0,received,,401.969,1778ec48-32c7-43cc-b3ab-048c856973fb,2,1,0,3
1788859719.529,2,3,0.027,-0.018,4.002,14.977,0.016,3.241,14.969,-39.296,80.704,1,,0,received,,411.591,53a88839-aade-4954-ae3e-b1a8a2f13789,2,3,0,3
1788859719.529,3,1,14.977,0.016,3.241,-14.945,0.005,4.526,29.950,-46.374,73.626,1,,0,received,,414.360,ce42fad5-077b-403d-acb5-c8bdf200f2ba,3,1,0,3
1788859719.530,3,2,14.977,0.016,3.241,0.027,-0.018,4.002,14.969,-39.296,80.704,1,,0,received,,411.718,7f0a51ae-acb6-4bc3-b6f9-28110ac74180,3,2,0,3
1788859720.565,1,2,-14.953,-0.006,5.183,0.020,-0.018,4.643,14.982,-39.304,80.696,1,,0,received,,403.854,4584a762-5f47-4631-9dc4-e6f5a24a5ea0,1,2,0,3
1788859720.566,1,3,-14.953,-0.006,5.183,14.962,0.016,3.872,29.944,-46.372,73.628,1,,0,received,,414.454,02b9be06-7dc0-44bd-9d7b-fc314b7f90de,1,3,0,3
1788859720.566,2,1,0.020,-0.018,4.643,-14.953,-0.006,5.183,14.982,-39.304,80.696,1,,0,received,,411.308,61ba43d4-c874-44fd-a3d5-e6e2fb060f2e,2,1,0,3
1788859720.566,2,3,0.020,-0.018,4.643,14.962,0.016,3.872,14.962,-39.291,80.709,1,,0,received,,404.814,3bd08957-c2e3-492e-bdd5-b4a3eca53b70,2,3,0,3
1788859720.567,3,1,14.962,0.016,3.872,-14.953,-0.006,5.183,29.944,-46.372,73.628,1,,0,received,,409.765,f527bc1d-7e96-4e9a-a285-ca047520c2cc,3,1,0,3
1788859720.567,3,2,14.962,0.016,3.872,0.020,-0.018,4.643,14.962,-39.291,80.709,1,,0,received,,412.178,b340e902-a6c7-4753-b91d-c2914a057044,3,2,0,3
1788859721.578,1,2,-14.953,-0.018,5.767,0.020,-0.006,5.249,14.981,-39.304,80.696,1,,0,received,,396.877,3f6dc1f1-9fd8-4193-bf20-af37d9a1f14f,1,2,0,3
1788859721.579,1,3,-14.953,-0.018,5.767,14.947,0.016,4.501,29.927,-46.366,73.634,1,,0,received,,400.021,fc3ece75-e3ce-45e6-8c95-0afe91898806,1,3,0,3
1788859721.579,2,1,0.020,-0.006,5.249,-14.953,-0.018,5.767,14.981,-39.304,80.696,1,,0,received,,407.351,e439b050-26a0-4939-913d-bdc820e8fcc1,2,1,0,3
1788859721.579,2,3,0.020,-0.006,5.249,14.947,0.016,4.501,14.946,-39.280,80.720,1,,0,received,,395.718,158d4323-e9ef-4f26-bf6c-04d6ef7a6040,2,3,0,3
1788859721.579,3,1,14.947,0.016,4.501,-14.953,-0.018,5.767,29.927,-46.366,73.634,1,,0,received,,398.781,bd3f038f-a2f9-4f9e-9acb-524fd87ed8a3,3,1,0,3
1788859721.579,3,2,14.947,0.016,4.501,0.020,-0.006,5.249,14.946,-39.280,80.720,1,,0,received,,411.101,777fbf4d-84ff-42a0-88e7-b273d54f9ddb,3,2,0,3
1788859722.623,1,2,-14.953,-0.018,6.298,0.012,-0.006,5.885,14.971,-39.297,80.703,1,,0,received,,412.750,f5bf6fac-d1c4-405f-b9de-ec5675c8a821,1,2,0,3
1788859722.624,1,3,-14.953,-0.018,6.298,14.962,0.005,5.076,29.940,-46.370,73.630,1,,0,received,,400.669,d850db84-3d4e-408d-a0c9-a894acf7ce59,1,3,0,3
1788859722.624,2,1,0.012,-0.006,5.885,-14.953,-0.018,6.298,14.971,-39.297,80.703,1,,0,received,,414.105,83270fa5-fe44-43e8-8391-f5be0acc6fcf,2,1,0,3
1788859722.625,2,3,0.012,-0.006,5.885,14.962,0.005,5.076,14.972,-39.297,80.703,1,,0,received,,409.546,dda60e39-4a61-47cb-83e3-1ec518f766ad,2,3,0,3
1788859722.625,3,1,14.962,0.005,5.076,-14.953,-0.018,6.298,29.940,-46.370,73.630,1,,0,received,,410.307,f08d57ff-75e9-40fd-8fcc-ebefd4561abc,3,1,0,3
1788859722.625,3,2,14.962,0.005,5.076,0.012,-0.006,5.885,14.972,-39.297,80.703,1,,0,received,,408.062,24d30005-4d1f-4a61-8526-6c4c212c6076,3,2,0,3
1788859723.677,1,2,-14.968,0.005,6.728,0.012,-0.006,6.487,14.982,-39.304,80.696,1,,0,received,,411.003,756b53cd-6169-4a86-8ae2-99c9a61373ed,1,2,0,3
1788859723.678,1,3,-14.968,0.005,6.728,14.977,-0.006,5.689,29.963,-46.378,73.622,1,,0,received,,399.576,3bf8144a-e51f-488b-8c6b-2d61b61185da,1,3,0,3
1788859723.678,2,1,0.012,-0.006,6.487,-14.968,0.005,6.728,14.982,-39.304,80.696,1,,0,received,,401.268,28d44aec-13e5-40e0-b376-6593e1c69a39,2,1,0,3
1788859723.679,2,3,0.012,-0.006,6.487,14.977,-0.006,5.689,14.986,-39.307,80.693,1,,0,received,,404.609,97135664-b29d-4e5a-bed9-459f02f62619,2,3,0,3
1788859723.679,3,1,14.977,-0.006,5.689,-14.968,0.005,6.728,29.963,-46.378,73.622,1,,0,received,,403.654,274cde69-f936-4789-b3e2-deee212a056c,3,1,0,3
1788859723.679,3,2,14.977,-0.006,5.689,0.012,-0.006,6.487,14.986,-39.307,80.693,1,,0,received,,401.760,9a2bb613-336d-48cb-91e9-e9ff57a7603e,3,2,0,3
1788859724.720,1,2,-14.968,0.016,7.107,0.012,-0.006,7.159,14.980,-39.303,80.697,1,,0,received,,400.562,30510f6e-908c-48ed-9db3-381ffb4f8e74,1,2,0,3
1788859724.720,1,3,-14.968,0.016,7.107,14.977,-0.029,6.356,29.954,-46.375,73.625,1,,0,received,,397.557,594f2b50-4843-46f8-bb10-03386951443e,1,3,0,3
1788859724.720,2,1,0.012,-0.006,7.159,-14.968,0.016,7.107,14.980,-39.303,80.697,1,,0,received,,397.535,fe859d7f-92e9-4d17-9695-1b6e2c8e076b,2,1,0,3
1788859724.720,2,3,0.012,-0.006,7.159,14.977,-0.029,6.356,14.987,-39.307,80.693,1,,0,received,,410.388,643d0566-bd8f-4e6d-ae47-9e631c0112ce,2,3,0,3
1788859724.721,3,1,14.977,-0.029,6.356,-14.968,0.016,7.107,29.954,-46.375,73.625,1,,0,received,,399.472,31ed98cd-ec42-4049-ba71-0c19550be337,3,1,0,3
1788859724.721,3,2,14.977,-0.029,6.356,0.012,-0.006,7.159,14.987,-39.307,80.693,1,,0,received,,409.636,bbbcebab-a20d-4640-87d1-370e1c10338f,3,2,0,3
1788859725.749,1,2,-14.945,0.027,7.368,0.012,0.005,7.867,14.966,-39.293,80.707,1,,0,dropped,channel_loss,405.637,036c3519-f903-4a85-b636-038df918b9c6,1,2,0,3
1788859725.749,1,3,-14.945,0.027,7.368,14.977,-0.040,7.109,29.924,-46.365,73.635,1,,0,received,,397.155,036c3519-f903-4a85-b636-038df918b9c6,1,2,1,2
1788859725.749,3,2,14.977,-0.040,7.109,0.012,0.005,7.867,14.984,-39.306,80.694,1,,0,received,,399.694,036c3519-f903-4a85-b636-038df918b9c6,1,2,2,1
1788859725.749,1,3,-14.945,0.027,7.368,14.977,-0.040,7.109,29.924,-46.365,73.635,1,,0,received,,395.427,f1a918c4-9af8-4ff7-9341-cc6e005050d2,1,3,0,3
1788859725.750,2,1,0.012,0.005,7.867,-14.945,0.027,7.368,14.966,-39.293,80.707,1,,0,received,,400.630,d4c338eb-4201-4bc0-bcf0-7ed92f5ba496,2,1,0,3
1788859725.750,2,3,0.012,0.005,7.867,14.977,-0.040,7.109,14.984,-39.306,80.694,1,,0,dropped,channel_loss,406.211,bfc4f762-7be5-46b3-8624-478fd4838aa9,2,3,0,3
1788859725.750,2,1,0.012,0.005,7.867,-14.945,0.027,7.368,14.966,-39.293,80.707,1,,0,received,,397.670,bfc4f762-7be5-46b3-8624-478fd4838aa9,2,3,1,2
1788859725.750,1,3,-14.945,0.027,7.368,14.977,-0.040,7.109,29.924,-46.365,73.635,1,,0,received,,404.962,bfc4f762-7be5-46b3-8624-478fd4838aa9,2,3,2,1
1788859725.750,3,1,14.977,-0.040,7.109,-14.945,0.027,7.368,29.924,-46.365,73.635,1,,0,received,,406.625,48037721-587b-4f0a-a24c-01ff830ade75,3,1,0,3
1788859725.750,3,2,14.977,-0.040,7.109,0.012,0.005,7.867,14.984,-39.306,80.694,1,,0,received,,403.953,fa32cc21-141a-47ec-8d18-ee2898925d4d,3,2,0,3
1788859726.783,1,2,-14.923,0.027,7.464,0.012,0.016,8.505,14.971,-39.297,80.703,1,,0,received,,396.172,9e3dea8b-0eb2-4595-b219-845a11d92ed3,1,2,0,3
1788859726.783,1,3,-14.923,0.027,7.464,14.970,-0.040,7.741,29.894,-46.355,73.645,1,,0,dropped,channel_loss,404.699,81bd69e2-8e7d-440d-b0bd-956096b3fe84,1,3,0,3
1788859726.783,1,2,-14.923,0.027,7.464,0.012,0.016,8.505,14.971,-39.297,80.703,1,,0,received,,403.158,81bd69e2-8e7d-440d-b0bd-956096b3fe84,1,3,1,2
1788859726.783,2,3,0.012,0.016,8.505,14.970,-0.040,7.741,14.977,-39.301,80.699,1,,0,received,,407.733,81bd69e2-8e7d-440d-b0bd-956096b3fe84,1,3,2,1
1788859726.784,2,1,0.012,0.016,8.505,-14.923,0.027,7.464,14.971,-39.297,80.703,1,,0,received,,398.128,f3165bcc-ae21-4fe3-a52b-39d1f0039948,2,1,0,3
1788859726.784,2,3,0.012,0.016,8.505,14.970,-0.040,7.741,14.977,-39.301,80.699,1,,0,received,,401.221,e3e75087-cd8a-4353-bb90-e38c5b73fed0,2,3,0,3
1788859726.784,3,1,14.970,-0.040,7.741,-14.923,0.027,7.464,29.894,-46.355,73.645,1,,0,dropped,channel_loss,397.513,48620e57-5f59-4900-9748-a825f6e8fc2c,3,1,0,3
1788859726.784,3,2,14.970,-0.040,7.741,0.012,0.016,8.505,14.977,-39.301,80.699,1,,0,received,,407.270,48620e57-5f59-4900-9748-a825f6e8fc2c,3,1,1,2
1788859726.784,2,1,0.012,0.016,8.505,-14.923,0.027,7.464,14.971,-39.297,80.703,1,,0,received,,399.658,48620e57-5f59-4900-9748-a825f6e8fc2c,3,1,2,1
1788859726.785,3,2,14.970,-0.040,7.741,0.012,0.016,8.505,14.977,-39.301,80.699,1,,0,received,,404.154,c713a9d1-b15e-4230-a29e-db23f1b933dc,3,2,0,3
1788859727.784,1,2,-14.923,0.038,7.570,0.012,0.016,9.205,15.024,-39.333,80.667,1,,0,received,,412.347,5cfb024a-9ec8-4c77-a169-0846eb512887,1,2,0,3
1788859727.784,1,3,-14.923,0.038,7.570,14.962,-0.029,8.396,29.896,-46.355,73.645,1,,0,dropped,channel_loss,401.252,efff7f54-a471-4349-ac57-8f199963c4f9,1,3,0,3
1788859727.784,1,2,-14.923,0.038,7.570,0.012,0.016,9.205,15.024,-39.333,80.667,1,,0,received,,407.337,efff7f54-a471-4349-ac57-8f199963c4f9,1,3,1,2
1788859727.784,2,3,0.012,0.016,9.205,14.962,-0.029,8.396,14.972,-39.297,80.703,1,,0,received,,414.096,efff7f54-a471-4349-ac57-8f199963c4f9,1,3,2,1
1788859727.785,2,1,0.012,0.016,9.205,-14.923,0.038,7.570,15.024,-39.333,80.667,1,,0,received,,399.365,7090419c-7dc7-4f27-b15a-79b36b136cef,2,1,0,3
1788859727.785,2,3,0.012,0.016,9.205,14.962,-0.029,8.396,14.972,-39.297,80.703,1,,0,received,,398.285,6ff77392-d435-49cf-a35c-9ea62b9111d9,2,3,0,3
1788859727.785,3,1,14.962,-0.029,8.396,-14.923,0.038,7.570,29.896,-46.355,73.645,1,,0,received,,396.645,05692ae9-e0f9-46ea-9d70-c1982635c4f1,3,1,0,3
1788859727.785,3,2,14.962,-0.029,8.396,0.012,0.016,9.205,14.972,-39.297,80.703,1,,0,received,,404.154,4a0d4ade-2b8d-4d6b-954b-99e82a497c23,3,2,0,3
1788859728.824,1,2,-14.938,0.049,7.659,0.005,0.005,9.864,15.104,-39.387,80.613,1,,0,received,,400.969,ea25c906-b186-4756-826a-57b109f95ba7,1,2,0,3
1788859728.824,1,3,-14.938,0.049,7.659,14.962,-0.018,9.102,29.935,-46.369,73.631,1,,0,received,,409.283,09375476-3437-421b-ac68-d5a27b43e5b8,1,3,0,3
1788859728.824,2,1,0.005,0.005,9.864,-14.938,0.049,7.659,15.104,-39.387,80.613,1,,0,received,,404.225,36695834-25df-44b6-b4cd-17b626679018,2,1,0,3
1788859728.825,2,3,0.005,0.005,9.864,14.962,-0.018,9.102,14.977,-39.301,80.699,1,,0,received,,413.622,3498dec8-c17f-49e5-b073-87118fefd2ac,2,3,0,3
1788859728.825,3,1,14.962,-0.018,9.102,-14.938,0.049,7.659,29.935,-46.369,73.631,1,,0,received,,407.645,10378ecc-8e7c-4408-9fcb-267ff4d57185,3,1,0,3
1788859728.825,3,2,14.962,-0.018,9.102,0.005,0.005,9.864,14.977,-39.301,80.699,1,,0,received,,413.817,b86da2de-9ab6-4cf2-bc45-cdd5bf266d56,3,2,0,3
1788859729.872,1,2,-14.938,0.038,7.722,-0.003,-0.006,10.475,15.187,-39.443,80.557,1,,0,received,,406.035,4bc0c4cb-9758-49d5-9a65-4152aac74e9f,1,2,0,3
1788859729.872,1,3,-14.938,0.038,7.722,14.954,0.005,9.684,29.957,-46.376,73.624,1,,0,received,,413.312,9c06b763-851c-4946-9ec2-e1664b9dcbaa,1,3,0,3
1788859729.872,2,1,-0.003,-0.006,10.475,-14.938,0.038,7.722,15.187,-39.443,80.557,1,,0,received,,396.572,97dfc0b6-24a5-41e1-993c-a97d6cfaa04e,2,1,0,3
1788859729.873,2,3,-0.003,-0.006,10.475,14.954,0.005,9.684,14.978,-39.302,80.698,1,,0,received,,401.296,45a94614-f686-4dba-92d7-7e73b4d91a55,2,3,0,3
1788859729.873,3,1,14.954,0.005,9.684,-14.938,0.038,7.722,29.957,-46.376,73.624,1,,0,received,,406.528,b4dcddeb-cdca-4d86-892e-5d9d578c6e14,3,1,0,3
1788859729.873,3,2,14.954,0.005,9.684,-0.003,-0.006,10.475,14.978,-39.302,80.698,1,,0,received,,397.631,571731d2-808f-40db-89ea-e78d91a1a87b,3,2,0,3
1788859730.918,1,2,-14.930,0.027,7.769,-0.003,-0.018,10.972,15.267,-39.497,80.503,1,,0,received,,409.139,109d23a4-0c82-4753-bf82-c06c7db736fc,1,2,0,3
1788859730.918,1,3,-14.930,0.027,7.769,14.939,0.016,10.475,29.992,-46.388,73.612,1,,0,dropped,channel_loss,405.154,05f5baae-6855-4b0f-83cf-a4f1fa13ec93,1,3,0,3
1788859730.918,1,2,-14.930,0.027,7.769,-0.003,-0.018,10.972,15.267,-39.497,80.503,1,,0,received,,396.753,05f5baae-6855-4b0f-83cf-a4f1fa13ec93,1,3,1,2
1788859730.918,2,3,-0.003,-0.018,10.972,14.939,0.016,10.475,14.951,-39.283,80.717,1,,0,received,,403.785,05f5baae-6855-4b0f-83cf-a4f1fa13ec93,1,3,2,1
1788859730.919,2,1,-0.003,-0.018,10.972,-14.930,0.027,7.769,15.267,-39.497,80.503,1,,0,received,,400.151,c048f330-cae9-407c-877a-8f36d9cd2b94,2,1,0,3
1788859730.919,2,3,-0.003,-0.018,10.972,14.939,0.016,10.475,14.951,-39.283,80.717,1,,0,received,,414.382,1f336fa5-3e63-4ff5-9a56-d4d18a4d89f9,2,3,0,3
1788859730.919,3,1,14.939,0.016,10.475,-14.930,0.027,7.769,29.992,-46.388,73.612,1,,0,received,,406.648,42932f0d-2507-4c56-9132-3f726f76e96b,3,1,0,3
1788859730.919,3,2,14.939,0.016,10.475,-0.003,-0.018,10.972,14.951,-39.283,80.717,1,,0,dropped,channel_loss,415.135,db6f1a18-292d-4e2b-aa28-44b21a17ac45,3,2,0,3
1788859730.919,3,1,14.939,0.016,10.475,-14.930,0.027,7.769,29.992,-46.388,73.612,1,,0,received,,400.534,db6f1a18-292d-4e2b-aa28-44b21a17ac45,3,2,1,2
1788859730.920,1,2,-14.930,0.027,7.769,-0.003,-0.018,10.972,15.267,-39.497,80.503,1,,0,received,,410.269,db6f1a18-292d-4e2b-aa28-44b21a17ac45,3,2,2,1
1788859731.964,1,2,-14.923,-0.006,7.803,0.012,-0.018,11.360,15.353,-39.554,80.446,1,,0,received,,408.174,82d9c37d-897f-4a19-be78-36926b82cc35,1,2,0,3
1788859731.964,1,3,-14.923,-0.006,7.803,14.954,0.005,11.459,30.100,-46.425,73.575,1,,0,received,,398.774,e023161a-a1a1-4cb6-b597-3e1b3b0053b2,1,3,0,3
1788859731.964,2,1,0.012,-0.018,11.360,-14.923,-0.006,7.803,15.353,-39.554,80.446,1,,0,received,,407.840,6566769c-ecc0-4d48-84e8-f5806e88d500,2,1,0,3
1788859731.964,2,3,0.012,-0.018,11.360,14.954,0.005,11.459,14.943,-39.278,80.722,1,,0,received,,396.969,e256f3d0-89f6-4d18-971c-a0d5aca27cba,2,3,0,3
1788859731.964,3,1,14.954,0.005,11.459,-14.923,-0.006,7.803,30.100,-46.425,73.575,1,,0,received,,401.810,1ec6627f-dd32-42be-a14d-2b83d2922c25,3,1,0,3
1788859731.965,3,2,14.954,0.005,11.459,0.012,-0.018,11.360,14.943,-39.278,80.722,1,,0,received,,412.299,433b4b19-de34-40af-a239-ff3740307590,3,2,0,3
1788859732.996,1,2,-14.923,-0.006,7.827,0.012,-0.006,11.607,15.406,-39.589,80.411,1,,0,received,,409.018,598fd925-5906-4717-a180-fa60bbd8d44c,1,2,0,3
1788859732.996,1,3,-14.923,-0.006,7.827,14.970,-0.006,12.768,30.298,-46.492,73.508,1,,0,received,,414.048,e74460b9-944f-4193-a5fc-8068de290ee6,1,3,0,3
1788859732.996,2,1,0.012,-0.006,11.607,-14.923,-0.006,7.827,15.406,-39.589,80.411,1,,0,received,,406.146,569d56c8-93bf-44a9-8cd5-c89182feb3f8,2,1,0,3
1788859732.996,2,3,0.012,-0.006,11.607,14.970,-0.006,12.768,15.002,-39.318,80.682,1,,0,received,,401.434,f04244d9-12c7-4647-9c9b-ad149c80eb68,2,3,0,3
1788859732.996,3,1,14.970,-0.006,12.768,-14.923,-0.006,7.827,30.298,-46.492,73.508,1,,0,received,,414.548,479ddfdc-39be-4804-997c-d7897c08a43f,3,1,0,3
1788859732.997,3,2,14.970,-0.006,12.768,0.012,-0.006,11.607,15.002,-39.318,80.682,1,,0,received,,405.436,d47b3bc7-d884-4757-bbd1-09dcdbc5fbe5,3,2,0,3
1788859734.039,1,2,-14.930,0.005,7.844,0.005,-0.006,11.870,15.468,-39.630,80.370,1,,0,dropped,channel_loss,408.297,880eebe3-017b-4f4e-85a2-f80970bd5ffb,1,2,0,3
1788859734.039,1,3,-14.930,0.005,7.844,14.992,-0.018,13.931,30.535,-46.571,73.429,1,,0,received,,403.409,880eebe3-017b-4f4e-85a2-f80970bd5ffb,1,2,1,2
1788859734.039,3,2,14.992,-0.018,13.931,0.005,-0.006,11.870,15.129,-39.404,80.596,1,,0,received,,402.380,880eebe3-017b-4f4e-85a2-f80970bd5ffb,1,2,2,1
1788859734.040,1,3,-14.930,0.005,7.844,14.992,-0.018,13.931,30.535,-46.571,73.429,1,,0,received,,407.652,d15beb51-6ffd-48a5-a9b9-9d3c8c9e6263,1,3,0,3
1788859734.040,2,1,0.005,-0.006,11.870,-14.930,0.005,7.844,15.468,-39.630,80.370,1,,0,received,,399.215,87bb3a1d-c628-47f9-9bb7-950e1766ff99,2,1,0,3
1788859734.040,2,3,0.005,-0.006,11.870,14.992,-0.018,13.931,15.129,-39.404,80.596,1,,0,received,,413.698,ba6aa4b1-eb58-4940-b8f1-3ecdf3b781d8,2,3,0,3
1788859734.040,3,1,14.992,-0.018,13.931,-14.930,0.005,7.844,30.535,-46.571,73.429,1,,0,received,,409.109,2c212d76-ff7d-48c1-9ff8-c22c67f22785,3,1,0,3
1788859734.040,3,2,14.992,-0.018,13.931,0.005,-0.006,11.870,15.129,-39.404,80.596,1,,0,received,,414.607,83be3f9e-3bc5-4263-8dd1-4497c50b98bb,3,2,0,3
1788859735.058,1,2,-14.930,0.016,7.854,-0.011,-0.018,12.109,15.515,-39.661,80.339,1,,0,received,,399.930,b2e441c2-3517-4dd5-ab4f-892ef09f2ed6,1,2,0,3
1788859735.059,1,3,-14.930,0.016,7.854,15.007,-0.018,14.583,30.684,-46.621,73.379,1,,0,received,,406.161,d8effdcd-b7d1-42c1-83ab-be8a10f1eef2,1,3,0,3
1788859735.059,2,1,-0.011,-0.018,12.109,-14.930,0.016,7.854,15.515,-39.661,80.339,1,,0,received,,397.008,678e9d7a-7790-4513-bf27-c0877d854e0a,2,1,0,3
1788859735.059,2,3,-0.011,-0.018,12.109,15.007,-0.018,14.583,15.220,-39.465,80.535,1,,0,dropped,channel_loss,413.403,7eb97089-1c67-4b1b-a6aa-e6fb32488d3c,2,3,0,3
1788859735.060,2,1,-0.011,-0.018,12.109,-14.930,0.016,7.854,15.515,-39.661,80.339,1,,0,received,,397.493,7eb97089-1c67-4b1b-a6aa-e6fb32488d3c,2,3,1,2
1788859735.061,1,3,-14.930,0.016,7.854,15.007,-0.018,14.583,30.684,-46.621,73.379,1,,0,received,,405.112,7eb97089-1c67-4b1b-a6aa-e6fb32488d3c,2,3,2,1
1788859735.061,3,1,15.007,-0.018,14.583,-14.930,0.016,7.854,30.684,-46.621,73.379,1,,0,received,,405.322,41e9a841-06d0-4ff2-9674-b686a73aba1c,3,1,0,3
1788859735.061,3,2,15.007,-0.018,14.583,-0.011,-0.018,12.109,15.220,-39.465,80.535,1,,0,received,,411.839,a08f237f-9db1-46cc-a06d-261bf4d38aba,3,2,0,3
1788859736.072,1,2,-14.930,0.016,7.865,-0.011,-0.029,12.224,15.544,-39.680,80.320,1,,0,dropped,channel_loss,400.019,c141efca-bcb9-4f18-bc6c-5954cfc978a4,1,2,0,3
1788859736.072,1,3,-14.930,0.016,7.865,15.007,-0.018,15.033,30.784,-46.654,73.346,1,,0,received,,402.816,c141efca-bcb9-4f18-bc6c-5954cfc978a4,1,2,1,2
1788859736.072,3,2,15.007,-0.018,15.033,-0.011,-0.029,12.224,15.278,-39.504,80.496,1,,0,dropped,channel_loss,405.309,c141efca-bcb9-4f18-bc6c-5954cfc978a4,1,2,2,1
1788859736.072,1,3,-14.930,0.016,7.865,15.007,-0.018,15.033,30.784,-46.654,73.346,1,,0,received,,412.425,dc14e447-6cd7-43a2-ac56-172c6c81a1f3,1,3,0,3
1788859736.073,2,1,-0.011,-0.029,12.224,-14.930,0.016,7.865,15.544,-39.680,80.320,1,,0,received,,410.944,ccc64364-19a2-46fa-8c41-a29fdb3755c7,2,1,0,3
1788859736.073,2,3,-0.011,-0.029,12.224,15.007,-0.018,15.033,15.278,-39.504,80.496,1,,0,received,,413.829,6a975e86-7f30-44ec-830d-551701571515,2,3,0,3
1788859736.073,3,1,15.007,-0.018,15.033,-14.930,0.016,7.865,30.784,-46.654,73.346,1,,0,received,,411.555,4ad047ac-5b38-4601-a328-b50a0779ae90,3,1,0,3
1788859736.073,3,2,15.007,-0.018,15.033,-0.011,-0.029,12.224,15.278,-39.504,80.496,1,,0,received,,401.115,9a452400-efa1-41b9-befe-8957923ebab9,3,2,0,3
1788859737.160,1,2,-14.949,-0.026,7.914,-0.017,-0.029,12.241,15.546,-39.682,80.318,1,,0,received,,415.122,8dd0c8e9-f127-4b7d-bbfa-eacbc077550a,1,2,0,3
1788859737.160,1,3,-14.949,-0.026,7.914,15.038,-0.018,15.172,30.853,-46.677,73.323,1,,0,received,,398.116,c6defcf4-c6ab-4e38-8997-2c62095a71b9,1,3,0,3
1788859737.160,2,1,-0.017,-0.029,12.241,-14.949,-0.026,7.914,15.546,-39.682,80.318,1,,0,received,,402.047,6b0bbac9-e4bf-4812-8247-7c604afedf81,2,1,0,3
1788859737.160,2,3,-0.017,-0.029,12.241,15.038,-0.018,15.172,15.338,-39.544,80.456,1,,0,received,,406.013,bdcbe1d5-280e-4a2f-a540-04fc2662cc1b,2,3,0,3
1788859737.161,3,1,15.038,-0.018,15.172,-14.949,-0.026,7.914,30.853,-46.677,73.323,1,,0,received,,401.580,3f0ccd3a-c499-4767-86c3-48d311c4903a,3,1,0,3
1788859737.161,3,2,15.038,-0.018,15.172,-0.017,-0.029,12.241,15.338,-39.544,80.456,1,,0,received,,409.094,d32fa92f-9ef8-4a25-a71a-6a42243eab51,3,2,0,3
1788859738.164,1,2,-14.968,0.016,7.899,-0.011,-0.051,12.432,15.629,-39.736,80.264,1,,0,received,,399.815,d45ecf68-4817-43e8-93a7-0b76f8d4d130,1,2,0,3
1788859738.164,1,3,-14.968,0.016,7.899,15.007,-0.006,15.688,30.971,-46.716,73.284,1,,0,received,,396.017,09aeb675-e0d9-4186-b4ff-16dde34c7d94,1,3,0,3
1788859738.164,2,1,-0.011,-0.051,12.432,-14.968,0.016,7.899,15.629,-39.736,80.264,1,,0,received,,409.249,49fb13ea-826b-48ad-9cf3-42a68bf813ba,2,1,0,3
1788859738.165,2,3,-0.011,-0.051,12.432,15.007,-0.006,15.688,15.367,-39.563,80.437,1,,0,received,,402.866,d777d30d-2630-4fae-b5f3-ed23fc632b78,2,3,0,3
1788859738.165,3,1,15.007,-0.006,15.688,-14.968,0.016,7.899,30.971,-46.716,73.284,1,,0,received,,411.559,507a4507-d8f6-4c40-9cab-03245b11c92a,3,1,0,3
1788859738.165,3,2,15.007,-0.006,15.688,-0.011,-0.051,12.432,15.367,-39.563,80.437,1,,0,dropped,channel_loss,405.051,e2b94056-2d90-410d-abc4-409d4ecd32c5,3,2,0,3
1788859738.166,3,1,15.007,-0.006,15.688,-14.968,0.016,7.899,30.971,-46.716,73.284,1,,0,received,,405.190,e2b94056-2d90-410d-abc4-409d4ecd32c5,3,2,1,2
1788859738.166,1,2,-14.968,0.016,7.899,-0.011,-0.051,12.432,15.629,-39.736,80.264,1,,0,received,,412.538,e2b94056-2d90-410d-abc4-409d4ecd32c5,3,2,2,1
1788859739.173,1,2,-15.194,0.183,7.943,-0.011,-0.262,12.552,15.874,-39.894,80.106,1,,0,received,,403.950,9d0eace1-b8b7-459b-a57c-40a9b137212b,1,2,0,3
1788859739.174,1,3,-15.194,0.183,7.943,15.165,0.149,16.005,31.412,-46.860,73.140,1,,0,received,,404.283,243089a8-6eb0-4d1d-9059-2b74a583a378,1,3,0,3
1788859739.174,2,1,-0.011,-0.262,12.552,-15.194,0.183,7.943,15.874,-39.894,80.106,1,,0,received,,403.344,37dede7a-d3d5-45eb-90b0-2cf5dadfe114,2,1,0,3
1788859739.174,2,3,-0.011,-0.262,12.552,15.165,0.149,16.005,15.569,-39.697,80.303,1,,0,received,,398.231,200a6095-ba0b-44d0-a868-b947ae079892,2,3,0,3
1788859739.174,3,1,15.165,0.149,16.005,-15.194,0.183,7.943,31.412,-46.860,73.140,1,,0,received,,414.528,c462e798-4c67-44fa-98bb-922bb801af0f,3,1,0,3
1788859739.175,3,2,15.165,0.149,16.005,-0.011,-0.262,12.552,15.569,-39.697,80.303,1,,0,received,,408.998,a24a29e4-b7b8-41d0-a19a-4d24a8e449d9,3,2,0,3
1788859740.202,1,2,-16.000,0.572,7.968,0.020,-1.019,12.642,16.764,-40.451,79.549,1,,0,received,,412.179,4cd37bb8-0495-4077-b140-39974c1abbd1,1,2,0,3
1788859740.202,1,3,-16.000,0.572,7.968,15.768,0.661,16.251,32.831,-47.311,72.689,1,,0,received,,412.331,ac505dd6-e9e1-4805-bb52-2409a51458a5,1,3,0,3
1788859740.203,2,1,0.020,-1.019,12.642,-16.000,0.572,7.968,16.764,-40.451,79.549,1,,0,received,,401.477,b4baa71a-daee-4d63-a92c-3835ad6fb23a,2,1,0,3
1788859740.203,2,3,0.020,-1.019,12.642,15.768,0.661,16.251,16.244,-40.130,79.870,1,,0,received,,410.332,eee92810-61a3-4b47-9305-0f922341bc97,2,3,0,3
1788859740.203,3,1,15.768,0.661,16.251,-16.000,0.572,7.968,32.831,-47.311,72.689,1,,0,received,,395.862,8e6526dc-37aa-4619-80c0-fc4e9513f98b,3,1,0,3
1788859740.203,3,2,15.768,0.661,16.251,0.020,-1.019,12.642,16.244,-40.130,79.870,1,,0,received,,407.767,c3058861-ce26-4b02-86f8-717a26ceda34,3,2,0,3
1788859741.218,1,2,-17.372,1.129,7.967,0.080,-2.277,12.633,18.383,-41.392,78.608,1,,0,dropped,channel_loss,415.093,14c78c1d-961f-47bf-9c97-868c553dccad,1,2,0,3
1788859741.219,1,3,-17.372,1.129,7.967,16.876,1.474,16.304,35.249,-48.036,71.964,1,,0,received,,403.824,14c78c1d-961f-47bf-9c97-868c553dccad,1,2,1,2
1788859741.219,3,2,16.876,1.474,16.304,0.080,-2.277,12.633,17.597,-40.946,79.054,1,,0,received,,407.819,14c78c1d-961f-47bf-9c97-868c553dccad,1,2,2,1
1788859741.219,1,3,-17.372,1.129,7.967,16.876,1.474,16.304,35.249,-48.036,71.964,1,,0,received,,404.018,4772bf44-6839-499b-bd1a-a09ae1d6b59f,1,3,0,3
1788859741.219,2,1,0.080,-2.277,12.633,-17.372,1.129,7.967,18.383,-41.392,78.608,1,,0,received,,413.213,dabdc29a-0e81-4d50-bb1c-f20ef2fb3cf6,2,1,0,3
1788859741.220,2,3,0.080,-2.277,12.633,16.876,1.474,16.304,17.597,-40.946,79.054,1,,0,received,,411.067,4346b9eb-8939-4660-b7f7-6665b7cd0761,2,3,0,3
1788859741.220,3,1,16.876,1.474,16.304,-17.372,1.129,7.967,35.249,-48.036,71.964,1,,0,received,,402.641,fb21c965-c9f2-42b5-bd26-f55b9a5c058f,3,1,0,3
1788859741.220,3,2,16.876,1.474,16.304,0.080,-2.277,12.633,17.597,-40.946,79.054,1,,0,received,,405.767,1838be82-ef67-4b76-9440-c50b308c1dc1,3,2,0,3
1788859742.220,1,2,-18.999,1.897,7.971,0.065,-3.969,12.732,20.507,-42.508,77.492,1,,0,received,,410.994,f094bd7f-fe84-4eee-98fa-498b57668f13,1,2,0,3
1788859742.220,1,3,-18.999,1.897,7.971,18.473,2.420,16.419,38.417,-48.915,71.085,1,,0,received,,396.723,c884598b-da92-4365-8ce2-595eeef215c7,1,3,0,3
1788859742.220,2,1,0.065,-3.969,12.732,-18.999,1.897,7.971,20.507,-42.508,77.492,1,,0,received,,407.538,c0997dc1-195b-4931-96b5-052c4de6721a,2,1,0,3
1788859742.221,2,3,0.065,-3.969,12.732,18.473,2.420,16.419,19.832,-42.166,77.834,1,,0,received,,413.401,3c3ceb62-c6c5-4db1-981a-b777eb15dcc5,2,3,0,3
1788859742.221,3,1,18.473,2.420,16.419,-18.999,1.897,7.971,38.417,-48.915,71.085,1,,0,received,,404.367,6147b15b-53fb-4e92-a761-4b31263cd246,3,1,0,3
1788859742.221,3,2,18.473,2.420,16.419,0.065,-3.969,12.732,19.832,-42.166,77.834,1,,0,received,,400.251,f15a8cae-f67b-48b1-9e90-479ba5a0d4c8,3,2,0,3
1788859743.242,1,2,-21.041,2.932,7.985,-0.011,-5.951,12.716,23.315,-43.818,76.182,1,,0,received,,411.237,d7df7503-0883-48c3-8a8c-b3ece1ddd46a,1,2,0,3
1788859743.242,1,3,-21.041,2.932,7.985,20.372,3.333,16.533,42.289,-49.895,70.105,1,,0,received,,408.696,d630e830-b885-4a09-a6ef-c03eec87ff78,1,3,0,3
1788859743.242,2,1,-0.011,-5.951,12.716,-21.041,2.932,7.985,23.315,-43.818,76.182,1,,0,received,,403.979,fecd37c4-2013-4a96-9593-6f4d3b6e3f27,2,1,0,3
1788859743.242,2,3,-0.011,-5.951,12.716,20.372,3.333,16.533,22.720,-43.554,76.446,1,,0,received,,406.896,21e67609-286f-4246-b6aa-8700547e0a9a,2,3,0,3
1788859743.243,3,1,20.372,3.333,16.533,-21.041,2.932,7.985,42.289,-49.895,70.105,1,,0,received,,403.630,a95fa53a-ff58-46b6-bf83-5e225627a3ca,3,1,0,3
1788859743.243,3,2,20.372,3.333,16.533,-0.011,-5.951,12.716,22.720,-43.554,76.446,1,,0,received,,412.050,46140dec-118a-4144-b4c9-3013f50bbff7,3,2,0,3
1788859744.290,1,2,-23.325,4.068,7.997,-0.101,-8.422,12.822,26.807,-45.242,74.758,1,,0,received,,402.838,36baa26e-6cca-4b2f-87b0-22ae184f7f5a,1,2,0,3
1788859744.291,1,3,-23.325,4.068,7.997,22.784,4.435,16.701,46.924,-50.956,69.044,1,,0,received,,399.888,ad86b83a-1d90-4158-b368-78dd27ec6c5e,1,3,0,3
1788859744.291,2,1,-0.101,-8.422,12.822,-23.325,4.068,7.997,26.807,-45.242,74.758,1,,0,received,,406.640,0042ac5a-eb32-4929-8abf-78ff128c1e04,2,1,0,3
1788859744.291,2,3,-0.101,-8.422,12.822,22.784,4.435,16.701,26.534,-45.138,74.862,1,,0,dropped,channel_loss,401.049,91d7a3d4-d74b-41e4-ac1e-825624e5bffe,2,3,0,3
1788859744.291,2,1,-0.101,-8.422,12.822,-23.325,4.068,7.997,26.807,-45.242,74.758,1,,0,dropped,channel_loss,408.309,91d7a3d4-d74b-41e4-ac1e-825624e5bffe,2,3,1,2
1788859744.292,3,1,22.784,4.435,16.701,-23.325,4.068,7.997,46.924,-50.956,69.044,1,,0,received,,406.463,99ab3280-49de-43ca-b073-702ebbd1b8df,3,1,0,3
1788859744.292,3,2,22.784,4.435,16.701,-0.101,-8.422,12.822,26.534,-45.138,74.862,1,,0,received,,410.037,35aa5252-97b1-4d1e-8aeb-da36d7caf67f,3,2,0,3
1788859745.296,1,2,-26.354,5.493,8.012,-0.154,-11.339,12.791,31.505,-46.890,73.110,1,,0,received,,407.272,31c1141f-88af-43db-b778-e06155a770a4,1,2,0,3
1788859745.296,1,3,-26.354,5.493,8.012,25.617,5.715,16.747,52.700,-52.141,67.859,1,,0,received,,413.227,652361c0-29f1-4bd6-a827-a4e0a36cb7fe,1,3,0,3
1788859745.296,2,1,-0.154,-11.339,12.791,-26.354,5.493,8.012,31.505,-46.890,73.110,1,,0,received,,411.121,7c62369c-e689-4b9a-95fb-c0f582765875,2,1,0,3
1788859745.296,2,3,-0.154,-11.339,12.791,25.617,5.715,16.747,31.155,-46.776,73.224,1,,0,received,,402.191,c7c2a30d-4ddc-4f62-ae34-ce8f0162e12a,2,3,0,3
1788859745.297,3,1,25.617,5.715,16.747,-26.354,5.493,8.012,52.700,-52.141,67.859,1,,0,received,,407.562,e9f62bf6-ef98-4139-baf4-f4fd85f0e625,3,1,0,3
1788859745.297,3,2,25.617,5.715,16.747,-0.154,-11.339,12.791,31.155,-46.776,73.224,1,,0,received,,409.563,fac5adcb-e755-4b10-86f4-def5f674132a,3,2,0,3
1788859746.297,1,2,-29.775,7.073,8.022,-0.161,-14.812,12.822,37.134,-48.568,71.432,1,,0,received,,411.911,0b772cb3-fb90-4704-9385-a77c7d8242d0,1,2,0,3
1788859746.297,1,3,-29.775,7.073,8.022,29.068,7.307,16.857,59.503,-53.380,66.620,1,,0,received,,413.212,be37de90-8947-4a48-99eb-5fe95c3599c0,1,3,0,3
1788859746.297,2,1,-0.161,-14.812,12.822,-29.775,7.073,8.022,37.134,-48.568,71.432,1,,0,received,,401.323,59094e18-1e87-47d5-908e-6967506063b1,2,1,0,3
1788859746.297,2,3,-0.161,-14.812,12.822,29.068,7.307,16.857,36.877,-48.497,71.503,1,,0,received,,406.736,fd5241bb-cd15-4768-bdc3-a29f165e6d3a,2,3,0,3
1788859746.298,3,1,29.068,7.307,16.857,-29.775,7.073,8.022,59.503,-53.380,66.620,1,,0,received,,396.947,1b0be750-f948-429d-b9a5-b0d10fe6d2f0,3,1,0,3
1788859746.298,3,2,29.068,7.307,16.857,-0.161,-14.812,12.822,36.877,-48.497,71.503,1,,0,received,,410.094,e8f98111-7332-4939-a50a-d360cff1e459,3,2,0,3
1788859747.344,1,2,-33.482,8.832,8.032,-0.139,-18.831,12.917,43.599,-50.206,69.794,1,,0,received,,397.787,97d6e437-d40d-44b9-aa8b-0a128f46d175,1,2,0,3
1788859747.344,1,3,-33.482,8.832,8.032,32.918,9.100,17.004,67.004,-54.592,65.408,1,,0,received,,414.574,a3ea0263-a49d-498a-8f4a-d4e55b604221,1,3,0,3
1788859747.344,2,1,-0.139,-18.831,12.917,-33.482,8.832,8.032,43.599,-50.206,69.794,1,,0,received,,413.414,c4bbedc0-c307-4069-9fba-518fc5b267ab,2,1,0,3
1788859747.344,2,3,-0.139,-18.831,12.917,32.918,9.100,17.004,43.469,-50.176,69.824,1,,0,received,,400.284,fbc9a6b5-9edc-46d2-b102-4f25be6e3ee3,2,3,0,3
1788859747.344,3,1,32.918,9.100,17.004,-33.482,8.832,8.032,67.004,-54.592,65.408,1,,0,received,,404.781,1a1339bb-ea70-4080-ab1a-977607ab8f1e,3,1,0,3
1788859747.344,3,2,32.918,9.100,17.004,-0.139,-18.831,12.917,43.469,-50.176,69.824,1,,0,received,,410.075,169408a5-5b33-44c7-8b7b-c55d522cba64,3,2,0,3
1788859748.358,1,2,-37.340,10.769,8.017,-0.093,-22.615,12.870,50.253,-51.656,68.344,1,,0,received,,397.448,c5de3c7e-62fe-4d3f-883a-9665a7422196,1,2,0,3
1788859748.358,1,3,-37.340,10.769,8.017,36.822,10.947,17.058,74.711,-55.703,64.297,1,,0,dropped,channel_loss,397.959,7e204f7a-9a9d-4bdc-9221-5bd72d6f376e,1,3,0,3
1788859748.359,1,2,-37.340,10.769,8.017,-0.093,-22.615,12.870,50.253,-51.656,68.344,1,,0,dropped,channel_loss,412.347,7e204f7a-9a9d-4bdc-9221-5bd72d6f376e,1,3,1,2
1788859748.359,2,1,-0.093,-22.615,12.870,-37.340,10.769,8.017,50.253,-51.656,68.344,1,,0,received,,414.743,4f93e725-1e4c-458c-9311-b4527771ac55,2,1,0,3
1788859748.359,2,3,-0.093,-22.615,12.870,36.822,10.947,17.058,50.067,-51.618,68.382,1,,0,dropped,channel_loss,411.236,6cf6f1c3-2f57-4890-8040-ca5796f77c4c,2,3,0,3
1788859748.359,2,1,-0.093,-22.615,12.870,-37.340,10.769,8.017,50.253,-51.656,68.344,1,,0,received,,410.958,6cf6f1c3-2f57-4890-8040-ca5796f77c4c,2,3,1,2
1788859748.359,1,3,-37.340,10.769,8.017,36.822,10.947,17.058,74.711,-55.703,64.297,1,,0,received,,405.876,6cf6f1c3-2f57-4890-8040-ca5796f77c4c,2,3,2,1
1788859748.359,3,1,36.822,10.947,17.058,-37.340,10.769,8.017,74.711,-55.703,64.297,1,,0,received,,408.601,c32e0d57-91b5-46ed-a12e-570e39303853,3,1,0,3
1788859748.359,3,2,36.822,10.947,17.058,-0.093,-22.615,12.870,50.067,-51.618,68.382,1,,0,received,,406.835,18a28aee-5bc5-4f1a-864f-2f8d54e0f8c2,3,2,0,3
1788859749.406,1,2,-41.409,12.951,7.984,-0.048,-27.146,12.855,57.812,-53.086,66.914,1,,0,received,,413.950,c777451d-8859-451f-9923-0f4b909063f7,1,2,0,3
1788859749.407,1,3,-41.409,12.951,7.984,40.989,13.007,17.094,82.900,-56.764,63.236,1,,0,received,,399.821,c31927d1-903d-4523-b73f-ae0715cfc03c,1,3,0,3
1788859749.407,2,1,-0.048,-27.146,12.855,-41.409,12.951,7.984,57.812,-53.086,66.914,1,,0,received,,412.829,989eda40-db7a-4d4f-ba28-bfc070dee798,2,1,0,3
1788859749.407,2,3,-0.048,-27.146,12.855,40.989,13.007,17.094,57.570,-53.043,66.957,1,,0,received,,413.449,6febd78c-4ddb-45ff-ba60-21fc33188a77,2,3,0,3
1788859749.407,3,1,40.989,13.007,17.094,-41.409,12.951,7.984,82.900,-56.764,63.236,1,,0,received,,396.409,1c00316d-21b1-467e-840f-3b319a0a7e39,3,1,0,3
1788859749.407,3,2,40.989,13.007,17.094,-0.048,-27.146,12.855,57.570,-53.043,66.957,1,,0,received,,413.332,5a4117e2-dded-468e-8b8e-443ff1dca2e2,3,2,0,3
1788859750.426,1,2,-45.757,15.333,7.971,-0.003,-32.211,12.848,66.164,-54.463,65.537,1,,0,received,,403.310,1cf1a0e1-ebda-4d67-9a1e-08e5307dd787,1,2,0,3
1788859750.426,1,3,-45.757,15.333,7.971,45.450,15.244,17.159,91.668,-57.791,62.209,1,,0,received,,414.070,2cdebabb-ea88-4102-b8dc-55a74c1c019b,1,3,0,3
1788859750.426,2,1,-0.003,-32.211,12.848,-45.757,15.333,7.971,66.164,-54.463,65.537,1,,0,received,,404.997,1e3bb82f-6ed0-4287-bb6a-eacd1a50f33c,2,1,0,3
1788859750.426,2,3,-0.003,-32.211,12.848,45.450,15.244,17.159,65.852,-54.415,65.585,1,,0,received,,412.889,5b4446be-f45f-44b1-af53-e88858fc651e,2,3,0,3
1788859750.426,3,1,45.450,15.244,17.159,-45.757,15.333,7.971,91.668,-57.791,62.209,1,,0,received,,404.217,84ec3ae1-94b0-45f0-a5b8-f276d801f7fa,3,1,0,3
1788859750.426,3,2,45.450,15.244,17.159,-0.003,-32.211,12.848,65.852,-54.415,65.585,1,,0,received,,410.007,79502bea-b129-4544-9d72-fa30b11457b0,3,2,0,3
1788859751.460,1,2,-50.090,17.638,7.957,0.020,-37.187,12.926,74.441,-55.666,64.334,1,,0,dropped,channel_loss,403.527,9ef84748-8a86-46ea-86f0-755c70d4c3f0,1,2,0,3
1788859751.460,1,3,-50.090,17.638,7.957,49.865,17.426,17.175,100.379,-58.717,61.283,1,,0,received,,398.235,9ef84748-8a86-46ea-86f0-755c70d4c3f0,1,2,1,2
1788859751.460,3,2,49.865,17.426,17.175,0.020,-37.187,12.926,74.063,-55.614,64.386,1,,0,received,,397.125,9ef84748-8a86-46ea-86f0-755c70d4c3f0,1,2,2,1
1788859751.461,1,3,-50.090,17.638,7.957,49.865,17.426,17.175,100.379,-58.717,61.283,1,,0,received,,403.307,c936db8e-26e9-4336-9714-789d111a1907,1,3,0,3
1788859751.461,2,1,0.020,-37.187,12.926,-50.090,17.638,7.957,74.441,-55.666,64.334,1,,0,dropped,channel_loss,395.799,3b51a80b-fa22-4ed4-ac48-624dc7286fc8,2,1,0,3
1788859751.461,2,3,0.020,-37.187,12.926,49.865,17.426,17.175,74.063,-55.614,64.386,1,,0,received,,404.012,3b51a80b-fa22-4ed4-ac48-624dc7286fc8,2,1,1,2
1788859751.461,3,1,49.865,17.426,17.175,-50.090,17.638,7.957,100.379,-58.717,61.283,1,,0,dropped,channel_loss,412.253,3b51a80b-fa22-4ed4-ac48-624dc7286fc8,2,1,2,1
1788859751.461,2,3,0.020,-37.187,12.926,49.865,17.426,17.175,74.063,-55.614,64.386,1,,0,received,,408.858,d4fb455b-0986-4811-b711-bdb7098fe02c,2,3,0,3
1788859751.461,3,1,49.865,17.426,17.175,-50.090,17.638,7.957,100.379,-58.717,61.283,1,,0,received,,414.701,d5073ce9-f06c-4953-b7e6-7acb0ce40601,3,1,0,3
1788859751.461,3,2,49.865,17.426,17.175,0.020,-37.187,12.926,74.063,-55.614,64.386,1,,0,received,,403.107,2c678969-ced0-4db2-ac8b-2016fd666f6d,3,2,0,3
1788859752.502,1,2,-54.520,19.909,7.936,0.012,-41.417,12.932,82.217,-56.680,63.320,1,,0,received,,397.587,c2bcb69d-b310-44e0-b378-2950b000fb2f,1,2,0,3
1788859752.503,1,3,-54.520,19.909,7.936,54.319,19.619,17.252,109.237,-59.580,60.420,1,,0,received,,404.239,c6ad6e9d-bbaa-456c-b17b-150fe5d8ea6f,1,3,0,3
1788859752.503,2,1,0.012,-41.417,12.932,-54.520,19.909,7.936,82.217,-56.680,63.320,1,,0,received,,407.978,115d7383-6856-4528-8979-a81bc2d10a75,2,1,0,3
1788859752.503,2,3,0.012,-41.417,12.932,54.319,19.619,17.252,81.813,-56.630,63.370,1,,0,received,,395.571,fba93a9c-5c58-4c17-ac49-91281da2bef8,2,3,0,3
1788859752.503,3,1,54.319,19.619,17.252,-54.520,19.909,7.936,109.237,-59.580,60.420,1,,0,received,,400.016,5e9887ca-d312-4bc6-8435-4f5d8716ecb4,3,1,0,3
1788859752.503,3,2,54.319,19.619,17.252,0.012,-41.417,12.932,81.813,-56.630,63.370,1,,0,received,,406.436,7678b7fd-3ee1-470c-aff8-42a1bd8786a6,3,2,0,3
1788859753.540,1,2,-58.220,21.768,7.921,0.005,-44.445,12.926,88.314,-57.410,62.590,1,,0,received,,410.447,b902450e-7dbd-40d3-818d-b9b5cd042025,1,2,0,3
1788859753.540,1,3,-58.220,21.768,7.921,58.011,21.456,17.369,116.615,-60.247,59.753,1,,0,received,,399.463,4d5234ec-0945-4365-b321-b659977b3316,1,3,0,3
1788859753.540,2,1,0.005,-44.445,12.926,-58.220,21.768,7.921,88.314,-57.410,62.590,1,,0,received,,401.715,627385e8-6857-46db-9197-b069164c2926,2,1,0,3
1788859753.540,2,3,0.005,-44.445,12.926,58.011,21.456,17.369,87.906,-57.363,62.637,1,,0,received,,413.155,903f626e-6c33-44bc-a516-919c1b4854a4,2,3,0,3
1788859753.540,3,1,58.011,21.456,17.369,-58.220,21.768,7.921,116.615,-60.247,59.753,1,,0,received,,412.313,b5a88253-2eb4-4b6e-9192-a11620885e08,3,1,0,3
1788859753.540,3,2,58.011,21.456,17.369,0.005,-44.445,12.926,87.906,-57.363,62.637,1,,0,received,,397.744,04f4d9a8-36ed-4c25-aa4e-15d264b09021,3,2,0,3
1788859754.546,1,2,-62.380,23.838,7.903,0.027,-47.406,12.928,94.845,-58.138,61.862,1,,0,received,,398.634,e002e70b-5018-483c-9d5e-6c8ed500a8c7,1,2,0,3
1788859754.546,1,3,-62.380,23.838,7.903,62.133,23.515,17.373,124.872,-60.945,59.055,1,,0,received,,395.660,d7fcb9be-1b89-4855-a89f-5b91fa324d0e,1,3,0,3
1788859754.546,2,1,0.027,-47.406,12.928,-62.380,23.838,7.903,94.845,-58.138,61.862,1,,0,received,,410.944,8f89efd3-8943-4fcb-a97d-958a02e066f5,2,1,0,3
1788859754.546,2,3,0.027,-47.406,12.928,62.133,23.515,17.373,94.375,-58.088,61.912,1,,0,received,,401.620,37a18de1-163f-41e2-be74-67d7f38c48d1,2,3,0,3
1788859754.546,3,1,62.133,23.515,17.373,-62.380,23.838,7.903,124.872,-60.945,59.055,1,,0,received,,396.192,a7c2cebe-200e-415f-899a-8935260acd5f,3,1,0,3
1788859754.546,3,2,62.133,23.515,17.373,0.027,-47.406,12.928,94.375,-58.088,61.912,1,,0,received,,405.666,59a19f70-5d6c-4305-bea6-caf930009625,3,2,0,3
1788859755.568,1,2,-66.562,25.920,7.882,0.057,-50.145,12.937,101.240,-58.804,61.196,1,,0,received,,404.669,285d46de-b124-41f5-8e3a-5a2b272bf793,1,2,0,3
1788859755.568,1,3,-66.562,25.920,7.882,66.277,25.597,17.427,133.182,-61.603,58.397,1,,0,received,,405.409,52625821-ce88-4054-ad3b-b76b67b3e457,1,3,0,3
1788859755.568,2,1,0.057,-50.145,12.937,-66.562,25.920,7.882,101.240,-58.804,61.196,1,,0,received,,405.221,e123065c-1a26-4cb8-8bd7-898ced97482c,2,1,0,3
1788859755.569,2,3,0.057,-50.145,12.937,66.277,25.597,17.427,100.708,-58.750,61.250,1,,0,dropped,channel_loss,396.012,8cfd5db9-e8df-4d8f-a953-19791dc41168,2,3,0,3
1788859755.569,2,1,0.057,-50.145,12.937,-66.562,25.920,7.882,101.240,-58.804,61.196,1,,0,received,,412.484,8cfd5db9-e8df-4d8f-a953-19791dc41168,2,3,1,2
1788859755.569,1,3,-66.562,25.920,7.882,66.277,25.597,17.427,133.182,-61.603,58.397,1,,0,received,,404.305,8cfd5db9-e8df-4d8f-a953-19791dc41168,2,3,2,1
1788859755.569,3,1,66.277,25.597,17.427,-66.562,25.920,7.882,133.182,-61.603,58.397,1,,0,dropped,channel_loss,396.361,d0dec638-987a-4216-b9c4-6f41c7116f05,3,1,0,3
1788859755.569,3,2,66.277,25.597,17.427,0.057,-50.145,12.937,100.708,-58.750,61.250,1,,0,received,,403.177,d0dec638-987a-4216-b9c4-6f41c7116f05,3,1,1,2
1788859755.569,2,1,0.057,-50.145,12.937,-66.562,25.920,7.882,101.240,-58.804,61.196,1,,0,received,,404.950,d0dec638-987a-4216-b9c4-6f41c7116f05,3,1,2,1
1788859755.570,3,2,66.277,25.597,17.427,0.057,-50.145,12.937,100.708,-58.750,61.250,1,,0,received,,396.614,a6ae0a83-8046-4ada-bf8b-5536fb7e1d66,3,2,0,3
1788859756.590,1,2,-69.629,27.402,7.885,0.079,-51.822,12.904,105.646,-59.239,60.761,1,,0,received,,407.310,8b994dc0-134f-467b-b30a-d3efdfeb2f76,1,2,0,3
1788859756.590,1,3,-69.629,27.402,7.885,69.230,27.037,17.502,139.192,-62.053,57.947,1,,0,received,,400.645,cd77dbf6-3b58-47f9-b705-028807ec2703,1,3,0,3
1788859756.590,2,1,0.079,-51.822,12.904,-69.629,27.402,7.885,105.646,-59.239,60.761,1,,0,received,,406.111,36c9550d-f9a8-49e4-8a18-8f583837fad6,2,1,0,3
1788859756.591,2,3,0.079,-51.822,12.904,69.230,27.037,17.502,104.985,-59.175,60.825,1,,0,received,,415.037,b541d247-8d12-4d71-a328-f733085eccb1,2,3,0,3
1788859756.591,3,1,69.230,27.037,17.502,-69.629,27.402,7.885,139.192,-62.053,57.947,1,,0,received,,404.219,c7036b7b-b99a-49b8-829d-8ba37749d719,3,1,0,3
1788859756.591,3,2,69.230,27.037,17.502,0.079,-51.822,12.904,104.985,-59.175,60.825,1,,0,received,,397.128,2fdca386-8ee8-44f9-b2d6-ff960e226d79,3,2,0,3
1788859757.603,1,2,-73.319,29.270,7.891,0.050,-53.820,12.925,110.961,-59.740,60.260,1,,0,received,,412.200,58bd5bc0-e88f-465f-a392-746d01113c8f,1,2,0,3
1788859757.603,1,3,-73.319,29.270,7.891,72.921,28.921,17.557,146.560,-62.580,57.420,1,,0,received,,410.524,93767cc1-4293-44cf-9076-0f8e6d9f0dfd,1,3,0,3
1788859757.604,2,1,0.050,-53.820,12.925,-73.319,29.270,7.891,110.961,-59.740,60.260,1,,0,received,,399.445,45751047-2d51-41e4-bdb3-7e06a4a4546a,2,1,0,3
1788859757.604,2,3,0.050,-53.820,12.925,72.921,28.921,17.557,110.352,-59.684,60.316,1,,0,received,,399.714,1d2cb42b-b7fb-48e2-94b5-da10ccf1322b,2,3,0,3
1788859757.604,3,1,72.921,28.921,17.557,-73.319,29.270,7.891,146.560,-62.580,57.420,1,,0,received,,404.214,fb91d5f9-cb92-4f58-bc03-a45acaaafe30,3,1,0,3
1788859757.604,3,2,72.921,28.921,17.557,0.050,-53.820,12.925,110.352,-59.684,60.316,1,,0,received,,397.046,188d4bb8-934f-49d3-9d3e-36cdcbc795cf,3,2,0,3
1788859758.648,1,2,-77.202,31.631,7.907,0.246,-55.700,12.942,116.833,-60.266,59.734,1,,0,received,,408.447,4b9ea420-b394-4f06-8cc1-efa10b4bd2a6,1,2,0,3
1788859758.648,1,3,-77.202,31.631,7.907,77.052,31.252,17.625,154.560,-63.122,56.878,1,,0,received,,398.197,17f6925f-aea7-498c-a402-d1a90ff529a3,1,3,0,3
1788859758.649,2,1,0.246,-55.700,12.942,-77.202,31.631,7.907,116.833,-60.266,59.734,1,,0,dropped,channel_loss,396.487,30399d81-3ca4-4691-90db-5d4b2a25c349,2,1,0,3
1788859758.649,2,3,0.246,-55.700,12.942,77.052,31.252,17.625,116.111,-60.203,59.797,1,,0,received,,397.009,30399d81-3ca4-4691-90db-5d4b2a25c349,2,1,1,2
1788859758.649,3,1,77.052,31.252,17.625,-77.202,31.631,7.907,154.560,-63.122,56.878,1,,0,received,,409.920,30399d81-3ca4-4691-90db-5d4b2a25c349,2,1,2,1
1788859758.649,2,3,0.246,-55.700,12.942,77.052,31.252,17.625,116.111,-60.203,59.797,1,,0,received,,406.272,7abfd1f7-6406-4f67-ad8f-4e56d843b52f,2,3,0,3
1788859758.650,3,1,77.052,31.252,17.625,-77.202,31.631,7.907,154.560,-63.122,56.878,1,,0,received,,406.376,42fd89f5-a0f6-4c93-a865-8ffb9744feef,3,1,0,3
1788859758.650,3,2,77.052,31.252,17.625,0.246,-55.700,12.942,116.111,-60.203,59.797,1,,0,received,,397.589,e90ca571-47a0-4b1a-8769-ea90706b55cb,3,2,0,3
1788859759.686,1,2,-79.990,33.812,7.953,0.916,-57.147,12.975,121.838,-60.694,59.306,1,,0,received,,408.451,8468621f-4e99-4294-a3b1-aee3146ddc04,1,2,0,3
1788859759.687,1,3,-79.990,33.812,7.953,80.617,33.501,17.764,160.906,-63.533,56.467,1,,0,received,,412.506,69f57637-36f5-4012-8de2-5b740b774163,1,3,0,3
1788859759.687,2,1,0.916,-57.147,12.975,-79.990,33.812,7.953,121.838,-60.694,59.306,1,,0,received,,414.512,dccb4db9-2ad5-4b1b-a98f-9cb7e9450a5a,2,1,0,3
1788859759.687,2,3,0.916,-57.147,12.975,80.617,33.501,17.764,120.797,-60.607,59.393,1,,0,received,,402.177,d15913b8-4099-4c04-8d82-bfcb25060f30,2,3,0,3
1788859759.687,3,1,80.617,33.501,17.764,-79.990,33.812,7.953,160.906,-63.533,56.467,1,,0,received,,399.399,2318fdbb-07cd-4726-b9e2-88ab2c41babf,3,1,0,3
1788859759.688,3,2,80.617,33.501,17.764,0.916,-57.147,12.975,120.797,-60.607,59.393,1,,0,received,,399.629,25ce4d50-dae2-4bee-913c-73606180af3b,3,2,0,3
1788859760.716,1,2,-83.064,36.696,7.994,2.137,-59.017,13.007,128.239,-61.217,58.783,1,,0,received,,412.052,e5e7cf75-f675-4a7a-bba5-becd109b32d6,1,2,0,3
1788859760.716,1,3,-83.064,36.696,7.994,84.286,36.184,17.721,167.633,-63.951,56.049,1,,0,received,,410.397,813cbbe1-9a9e-4d7b-84ba-03bb103856a1,1,3,0,3
1788859760.716,2,1,2.137,-59.017,13.007,-83.064,36.696,7.994,128.239,-61.217,58.783,1,,0,received,,411.289,e5b4eee2-6a81-4398-9790-991a23f7f8c0,2,1,0,3
1788859760.716,2,3,2.137,-59.017,13.007,84.286,36.184,17.721,125.833,-61.024,58.976,1,,0,received,,414.635,4e8719b6-89ce-4c89-af2d-32aebf3bd351,2,3,0,3
1788859760.717,3,1,84.286,36.184,17.721,-83.064,36.696,7.994,167.633,-63.951,56.049,1,,0,received,,407.416,e7be47bf-3eaa-4d53-82f3-9e2066fe3df8,3,1,0,3
1788859760.717,3,2,84.286,36.184,17.721,2.137,-59.017,13.007,125.833,-61.024,58.976,1,,0,received,,395.669,6b2a486b-3638-4d01-a4c8-3a0bab1e27d9,3,2,0,3
1788859761.763,1,2,-86.734,40.135,7.995,3.802,-61.588,13.009,136.270,-61.837,58.163,1,,0,dropped,channel_loss,411.734,6ea25434-8336-4cf5-9880-1cb5912b8d3f,1,2,0,3
1788859761.763,1,3,-86.734,40.135,7.995,88.770,39.668,17.745,175.774,-64.435,55.565,1,,0,received,,398.753,6ea25434-8336-4cf5-9880-1cb5912b8d3f,1,2,1,2
1788859761.763,3,2,88.770,39.668,17.745,3.802,-61.588,13.009,132.268,-61.533,58.467,1,,0,received,,401.324,6ea25434-8336-4cf5-9880-1cb5912b8d3f,1,2,2,1
1788859761.763,1,3,-86.734,40.135,7.995,88.770,39.668,17.745,175.774,-64.435,55.565,1,,0,received,,395.267,416b561c-3d20-4521-a619-42bbabfdeb0c,1,3,0,3
1788859761.764,2,1,3.802,-61.588,13.009,-86.734,40.135,7.995,136.270,-61.837,58.163,1,,0,received,,406.471,03ba9aff-7ee4-4bdf-8002-6a2cc9082dcb,2,1,0,3
1788859761.764,2,3,3.802,-61.588,13.009,88.770,39.668,17.745,132.268,-61.533,58.467,1,,0,received,,397.982,a1c20587-6656-4990-832d-a5a58e42f4fc,2,3,0,3
1788859761.764,3,1,88.770,39.668,17.745,-86.734,40.135,7.995,175.774,-64.435,55.565,1,,0,received,,395.758,22e1991b-d76b-4bf0-a737-a43770968c02,3,1,0,3
1788859761.764,3,2,88.770,39.668,17.745,3.802,-61.588,13.009,132.268,-61.533,58.467,1,,0,received,,399.447,0500b9f1-ae60-4114-8690-bb704c50efbf,3,2,0,3
1788859762.810,1,2,-90.554,43.564,7.928,5.588,-64.572,12.980,144.783,-62.455,57.545,1,,0,received,,401.962,2b5ed12f-0494-48cf-a0e5-d4bb6e42b8ce,1,2,0,3
1788859762.811,1,3,-90.554,43.564,7.928,92.786,42.707,17.735,183.604,-64.880,55.120,1,,0,received,,409.577,c1ab3929-4c0a-43aa-bdf6-82e84a7a6f22,1,3,0,3
1788859762.811,2,1,5.588,-64.572,12.980,-90.554,43.564,7.928,144.783,-62.455,57.545,1,,0,received,,406.496,b4a86d7e-56ea-4b86-8409-7dc1fca97fa7,2,1,0,3
1788859762.811,2,3,5.588,-64.572,12.980,92.786,42.707,17.735,138.328,-61.990,58.010,1,,0,received,,396.197,146021af-dda1-4a6d-aebc-802d6f53deaf,2,3,0,3
1788859762.812,3,1,92.786,42.707,17.735,-90.554,43.564,7.928,183.604,-64.880,55.120,1,,0,received,,407.501,42322c3b-5dd7-49aa-8e8d-78a72babe1a4,3,1,0,3
1788859762.812,3,2,92.786,42.707,17.735,5.588,-64.572,12.980,138.328,-61.990,58.010,1,,0,received,,400.587,7afb7017-4096-4b63-9090-830c1b637dff,3,2,0,3
1788859763.823,1,2,-94.201,46.770,7.902,7.382,-68.089,13.031,153.421,-63.047,56.953,1,,0,received,,404.858,35659a23-1fd1-4162-bb1a-af0fa88d0d56,1,2,0,3
1788859763.824,1,3,-94.201,46.770,7.902,96.569,45.490,17.748,191.028,-65.284,54.716,1,,0,received,,400.608,c1cc5318-8dfc-4dd9-bd18-cd5fd7f48033,1,3,0,3
1788859763.824,2,1,7.382,-68.089,13.031,-94.201,46.770,7.902,153.421,-63.047,56.953,1,,0,received,,397.421,8d5bf615-f7e5-4f04-b4f2-2ddf3dadb269,2,1,0,3
1788859763.824,2,3,7.382,-68.089,13.031,96.569,45.490,17.748,144.488,-62.434,57.566,1,,0,received,,400.809,038d29ed-e711-404c-a05b-8be29ccdad7d,2,3,0,3
1788859763.824,3,1,96.569,45.490,17.748,-94.201,46.770,7.902,191.028,-65.284,54.716,1,,0,received,,404.877,a8362206-e60d-46b4-8d8e-4ba8cc83eff2,3,1,0,3
1788859763.825,3,2,96.569,45.490,17.748,7.382,-68.089,13.031,144.488,-62.434,57.566,1,,0,received,,396.053,787b9166-2e24-4321-88c8-89bd11036075,3,2,0,3
1788859764.845,1,2,-97.931,50.065,7.905,8.979,-71.830,12.968,162.215,-63.616,56.384,1,,0,received,,407.131,f7cb1504-f94e-4e23-a834-80f2c0ebf289,1,2,0,3
1788859764.845,1,3,-97.931,50.065,7.905,100.555,48.418,17.761,198.737,-65.688,54.312,1,,0,received,,401.173,6dde6438-9c6e-4da3-b6eb-33ea94750da8,1,3,0,3
1788859764.845,2,1,8.979,-71.830,12.968,-97.931,50.065,7.905,162.215,-63.616,56.384,1,,0,received,,397.889,c4b40aaf-67be-4832-b682-45bd6518643b,2,1,0,3
1788859764.845,2,3,8.979,-71.830,12.968,100.555,48.418,17.761,151.223,-62.899,57.101,1,,0,received,,401.707,1064aa22-3fa4-4136-a2ed-f5e77c676b43,2,3,0,3
1788859764.845,3,1,100.555,48.418,17.761,-97.931,50.065,7.905,198.737,-65.688,54.312,1,,0,received,,410.085,f51256f2-75f2-4aab-bea9-8dccf444492a,3,1,0,3
1788859764.845,3,2,100.555,48.418,17.761,8.979,-71.830,12.968,151.223,-62.899,57.101,1,,0,received,,402.749,9c1588ad-6ea5-4200-bef6-e90f42b27743,3,2,0,3
1788859765.899,1,2,-101.751,53.471,7.907,10.765,-76.594,13.024,172.056,-64.217,55.783,1,,0,received,,405.150,2749faca-8338-4790-871f-c16b205ce134,1,2,0,3
1788859765.899,1,3,-101.751,53.471,7.907,104.699,51.501,17.764,206.695,-66.089,53.911,1,,0,received,,411.269,21ac7ecd-2b71-4be0-867f-da264164b394,1,3,0,3
1788859765.899,2,1,10.765,-76.594,13.024,-101.751,53.471,7.907,172.056,-64.217,55.783,1,,0,received,,412.380,bb935082-a335-4b3b-9015-a75330051fc4,2,1,0,3
1788859765.899,2,3,10.765,-76.594,13.024,104.699,51.501,17.764,158.917,-63.406,56.594,1,,0,received,,395.519,ca4842d4-15ce-48b8-b108-ebfd91cd1d4c,2,3,0,3
1788859765.899,3,1,104.699,51.501,17.764,-101.751,53.471,7.907,206.695,-66.089,53.911,1,,0,dropped,channel_loss,412.387,443e4ea5-fe07-4d36-a193-42e373df622f,3,1,0,3
1788859765.899,3,2,104.699,51.501,17.764,10.765,-76.594,13.024,158.917,-63.406,56.594,1,,0,received,,406.613,443e4ea5-fe07-4d36-a193-42e373df622f,3,1,1,2
1788859765.900,2,1,10.765,-76.594,13.024,-101.751,53.471,7.907,172.056,-64.217,55.783,1,,0,received,,403.498,443e4ea5-fe07-4d36-a193-42e373df622f,3,1,2,1
1788859765.900,3,2,104.699,51.501,17.764,10.765,-76.594,13.024,158.917,-63.406,56.594,1,,0,received,,395.562,636b9f0d-4132-417a-802f-a82211fb6a1f,3,2,0,3
1788859766.911,1,2,-105.218,56.611,7.914,12.332,-81.058,12.990,181.098,-64.739,55.261,1,,0,received,,411.171,5ade80c3-32da-4970-8398-7d49d3e07e74,1,2,0,3
1788859766.911,1,3,-105.218,56.611,7.914,108.467,54.351,17.716,213.921,-66.439,53.561,1,,0,received,,411.785,69bb175a-9ad1-49d6-99b6-8c47dba618e6,1,3,0,3
1788859766.912,2,1,12.332,-81.058,12.990,-105.218,56.611,7.914,181.098,-64.739,55.261,1,,0,dropped,channel_loss,396.907,15246db5-5fbf-469c-8c6d-bdfbfad9e0e9,2,1,0,3
1788859766.912,2,3,12.332,-81.058,12.990,108.467,54.351,17.716,166.132,-63.859,56.141,1,,0,received,,400.011,15246db5-5fbf-469c-8c6d-bdfbfad9e0e9,2,1,1,2
1788859766.912,3,1,108.467,54.351,17.716,-105.218,56.611,7.914,213.921,-66.439,53.561,1,,0,received,,405.624,15246db5-5fbf-469c-8c6d-bdfbfad9e0e9,2,1,2,1
1788859766.912,2,3,12.332,-81.058,12.990,108.467,54.351,17.716,166.132,-63.859,56.141,1,,0,received,,401.350,d9bd407e-e8d6-4d8b-8607-1a724faa49f6,2,3,0,3
1788859766.912,3,1,108.467,54.351,17.716,-105.218,56.611,7.914,213.921,-66.439,53.561,1,,0,received,,401.806,851cf4cc-d356-448b-b44f-e96d6ebe644a,3,1,0,3
1788859766.912,3,2,108.467,54.351,17.716,12.332,-81.058,12.990,166.132,-63.859,56.141,1,,0,received,,405.354,26c89fe1-b14e-4cc6-9be9-6cd94d9f79c2,3,2,0,3
1788859767.942,1,2,-108.352,59.460,7.919,13.749,-85.055,12.978,189.259,-65.189,54.811,1,,0,received,,405.344,4a46a4f2-30ae-4fd6-a220-8103e6de73af,1,2,0,3
1788859767.942,1,3,-108.352,59.460,7.919,111.858,56.945,17.790,220.445,-66.746,53.254,1,,0,received,,402.132,0de101c8-4872-47ff-8fc6-4a6aba61de1f,1,3,0,3
1788859767.942,2,1,13.749,-85.055,12.978,-108.352,59.460,7.919,189.259,-65.189,54.811,1,,0,received,,411.524,21822ba7-dd92-496f-b93a-14adff67e5c2,2,1,0,3
1788859767.942,2,3,13.749,-85.055,12.978,111.858,56.945,17.790,172.662,-64.253,55.747,1,,0,received,,399.870,c0c1a70c-336f-428d-aea7-f3831562f1ba,2,3,0,3
1788859767.942,3,1,111.858,56.945,17.790,-108.352,59.460,7.919,220.445,-66.746,53.254,1,,0,received,,399.090,3af2963c-8307-47f2-bf09-f901354b1a61,3,1,0,3
1788859767.942,3,2,111.858,56.945,17.790,13.749,-85.055,12.978,172.662,-64.253,55.747,1,,0,received,,410.349,2266bcf5-c984-437b-9625-fd92f2267334,3,2,0,3
1788859768.990,1,2,-112.331,63.101,7.920,15.580,-90.053,12.981,199.606,-65.733,54.267,1,,0,received,,398.688,f6a27766-10d3-4960-8c55-c024640733aa,1,2,0,3
1788859768.991,1,3,-112.331,63.101,7.920,116.168,60.229,17.809,228.730,-67.123,52.877,1,,0,received,,405.027,a1a3e88b-ff50-4e56-8e77-1366ff91fafb,1,3,0,3
1788859768.991,2,1,15.580,-90.053,12.981,-112.331,63.101,7.920,199.606,-65.733,54.267,1,,0,received,,410.342,3ebdccd7-857b-4d10-9d09-a1a530bd6c8a,2,1,0,3
1788859768.991,2,3,15.580,-90.053,12.981,116.168,60.229,17.809,180.902,-64.728,55.272,1,,0,received,,413.628,b80d2ed1-d3f6-4620-bcff-7a39a41778d8,2,3,0,3
1788859768.991,3,1,116.168,60.229,17.809,-112.331,63.101,7.920,228.730,-67.123,52.877,1,,0,received,,407.851,787ab289-6257-4409-b49d-55119255ac26,3,1,0,3
1788859768.991,3,2,116.168,60.229,17.809,15.580,-90.053,12.981,180.902,-64.728,55.272,1,,0,received,,412.430,fdfa1211-9b78-4fc3-9125-e77db043a686,3,2,0,3
1788859770.015,1,2,-116.520,66.941,7.916,17.373,-94.962,12.917,210.155,-66.258,53.742,1,,0,received,,398.164,8e0de04a-f3a5-4160-b975-f6cffca493dd,1,2,0,3
1788859770.016,1,3,-116.520,66.941,7.916,120.553,63.579,17.760,237.302,-67.498,52.502,1,,0,received,,403.989,19a34096-6a30-4861-961d-03a3b3b25eb9,1,3,0,3
1788859770.016,2,1,17.373,-94.962,12.917,-116.520,66.941,7.916,210.155,-66.258,53.742,1,,0,received,,400.638,c77485fd-d04c-4326-a1f5-0b931e5fc890,2,1,0,3
1788859770.016,2,3,17.373,-94.962,12.917,120.553,63.579,17.760,189.222,-65.187,54.813,1,,0,received,,405.291,9f17b8b0-c9e9-423b-b689-b15228a698ad,2,3,0,3
1788859770.016,3,1,120.553,63.579,17.760,-116.520,66.941,7.916,237.302,-67.498,52.502,1,,0,received,,404.183,8d98cb23-d709-4d87-afde-0c2beb9fee0d,3,1,0,3
1788859770.017,3,2,120.553,63.579,17.760,17.373,-94.962,12.917,189.222,-65.187,54.813,1,,0,received,,411.779,310fb9ee-1b6a-462c-940e-59503bfd1d12,3,2,0,3
1788859771.501,1,2,-118.191,68.302,7.893,18.110,-96.799,12.926,214.154,-66.450,53.550,1,,0,received,,412.430,7b2110f7-d5ec-4415-ac80-689eed067d61,1,2,0,3
1788859771.502,1,3,-118.191,68.302,7.893,122.481,64.875,17.834,240.902,-67.652,52.348,1,,0,received,,407.445,b1790353-98cf-487b-bf8f-bbad4511c3d7,1,3,0,3
1788859771.502,2,1,18.110,-96.799,12.926,-118.191,68.302,7.893,214.154,-66.450,53.550,1,,0,received,,404.399,ad8f3f54-f276-43d2-a74a-186107c2b2de,2,1,0,3
1788859771.503,2,3,18.110,-96.799,12.926,122.481,64.875,17.834,192.499,-65.362,54.638,1,,0,received,,410.981,14d8c08a-a4ae-4f40-889b-845143c9bd0b,2,3,0,3
1788859771.503,3,1,122.481,64.875,17.834,-118.191,68.302,7.893,240.902,-67.652,52.348,1,,0,received,,404.139,7960904d-f1af-4300-a354-88fc996e7b0f,3,1,0,3
1788859771.503,3,2,122.481,64.875,17.834,18.110,-96.799,12.926,192.499,-65.362,54.638,1,,0,received,,408.181,c7d001fc-b2ae-4a92-bf85-abed3b383483,3,2,0,3
1788859772.514,1,2,-122.119,72.095,7.906,19.822,-101.953,12.912,224.644,-66.939,53.061,1,,0,received,,404.657,1119d76d-fab5-4148-bf8e-77414a0871dc,1,2,0,3
1788859772.514,1,3,-122.119,72.095,7.906,126.604,68.210,17.774,248.949,-67.987,52.013,1,,0,received,,396.382,f830a34f-3597-4f4b-8872-a09e68a7aaa5,1,3,0,3
1788859772.515,2,1,19.822,-101.953,12.912,-122.119,72.095,7.906,224.644,-66.939,53.061,1,,0,received,,413.127,a07124f0-f2ef-4626-a9c4-60098e5920ff,2,1,0,3
1788859772.515,2,3,19.822,-101.953,12.912,126.604,68.210,17.774,200.951,-65.801,54.199,1,,0,received,,409.431,eb6c7bb2-5e20-4c8f-ac8a-b78ea8acfbaa,2,3,0,3
1788859772.515,3,1,126.604,68.210,17.774,-122.119,72.095,7.906,248.949,-67.987,52.013,1,,0,received,,398.596,ab72fb58-ec06-4f3c-b5e8-57640afc99be,3,1,0,3
1788859772.515,3,2,126.604,68.210,17.774,19.822,-101.953,12.912,200.951,-65.801,54.199,1,,0,received,,403.900,15ccffa6-b11f-4f8c-ac83-3f666a642947,3,2,0,3
1788859773.532,1,2,-125.495,75.179,7.898,21.329,-106.361,12.969,233.537,-67.335,52.665,1,,0,received,,405.600,b608f8d0-0130-42fc-a2cf-2601f29223ae,1,2,0,3
1788859773.532,1,3,-125.495,75.179,7.898,130.402,71.104,17.787,256.120,-68.277,51.723,1,,0,received,,402.602,d2d46db3-5858-43c2-ba85-ccbfdacd894c,1,3,0,3
1788859773.532,2,1,21.329,-106.361,12.969,-125.495,75.179,7.898,233.537,-67.335,52.665,1,,0,received,,403.320,3f8b6564-9528-4368-89ea-2622ab1ff9dd,2,1,0,3
1788859773.533,2,3,21.329,-106.361,12.969,130.402,71.104,17.787,208.360,-66.171,53.829,1,,0,received,,407.102,b99bdfe7-0c3e-40d0-b9f3-10c467569aa6,2,3,0,3
1788859773.533,3,1,130.402,71.104,17.787,-125.495,75.179,7.898,256.120,-68.277,51.723,1,,0,received,,408.091,bf3faf1d-7ef3-49a0-8d6c-967d4f8c20fa,3,1,0,3
1788859773.533,3,2,130.402,71.104,17.787,21.329,-106.361,12.969,208.360,-66.171,53.829,1,,0,received,,397.035,67efe6e2-f071-44cd-9bd5-caecf9dafc93,3,2,0,3
1788859774.572,1,2,-128.818,78.196,7.896,22.693,-110.346,12.901,241.927,-67.695,52.305,1,,0,received,,400.828,4cc22032-926b-494f-b284-0156e964a073,1,2,0,3
1788859774.572,1,3,-128.818,78.196,7.896,133.815,73.709,17.796,262.858,-68.542,51.458,1,,0,received,,408.276,76c1f5d4-6896-434d-96e4-900ba83f2195,1,3,0,3
1788859774.572,2,1,22.693,-110.346,12.901,-128.818,78.196,7.896,241.927,-67.695,52.305,1,,0,received,,412.610,e5d5beaf-1bc4-4e44-acc9-57b4f743920d,2,1,0,3
1788859774.572,2,3,22.693,-110.346,12.901,133.815,73.709,17.796,215.055,-66.493,53.507,1,,0,received,,406.800,0fb973d2-55c3-4fa8-b6b0-78110365b52d,2,3,0,3
1788859774.572,3,1,133.815,73.709,17.796,-128.818,78.196,7.896,262.858,-68.542,51.458,1,,0,received,,402.141,18160a8b-8d59-464a-a2de-4d7e084ba151,3,1,0,3
1788859774.573,3,2,133.815,73.709,17.796,22.693,-110.346,12.901,215.055,-66.493,53.507,1,,0,dropped,channel_loss,409.114,08d25491-766c-47f0-bcbb-b9a245a21d52,3,2,0,3
1788859774.573,3,1,133.815,73.709,17.796,-128.818,78.196,7.896,262.858,-68.542,51.458,1,,0,received,,407.046,08d25491-766c-47f0-bcbb-b9a245a21d52,3,2,1,2
1788859774.573,1,2,-128.818,78.196,7.896,22.693,-110.346,12.901,241.927,-67.695,52.305,1,,0,dropped,channel_loss,401.336,08d25491-766c-47f0-bcbb-b9a245a21d52,3,2,2,1
1788859775.586,1,2,-131.998,81.079,7.894,24.163,-114.621,12.960,250.420,-68.047,51.953,1,,0,received,,410.978,09fe4c14-5cea-4fe2-a03f-06a88a6f8278,1,2,0,3
1788859775.586,1,3,-131.998,81.079,7.894,137.379,76.426,17.864,269.602,-68.800,51.200,1,,0,received,,408.547,a419ff5c-61cf-406e-8505-205dc3247d71,1,3,0,3
1788859775.586,2,1,24.163,-114.621,12.960,-131.998,81.079,7.894,250.420,-68.047,51.953,1,,0,received,,409.920,8bf3f422-48dc-4930-8cf6-f2e924272070,2,1,0,3
1788859775.586,2,3,24.163,-114.621,12.960,137.379,76.426,17.864,222.128,-66.824,53.176,1,,0,received,,405.673,8cd485eb-52d9-4c41-be6f-b18fd5711b82,2,3,0,3
1788859775.586,3,1,137.379,76.426,17.864,-131.998,81.079,7.894,269.602,-68.800,51.200,1,,0,received,,403.613,a4bd5e54-7bb6-43f5-bcf1-283c0e175a68,3,1,0,3
1788859775.587,3,2,137.379,76.426,17.864,24.163,-114.621,12.960,222.128,-66.824,53.176,1,,0,received,,402.397,60075e64-562e-4639-a504-19f48ee5e049,3,2,0,3
1788859776.639,1,2,-135.532,84.285,7.896,25.609,-118.818,12.897,259.311,-68.403,51.597,1,,0,received,,399.429,20e30be4-eea2-4feb-b865-151023409db8,1,2,0,3
1788859776.639,1,3,-135.532,84.285,7.896,141.027,79.186,17.810,276.783,-69.069,50.931,1,,0,dropped,channel_loss,404.870,a6656d1b-4088-42f3-be17-fa13fce02f64,1,3,0,3
1788859776.639,1,2,-135.532,84.285,7.896,25.609,-118.818,12.897,259.311,-68.403,51.597,1,,0,received,,397.896,a6656d1b-4088-42f3-be17-fa13fce02f64,1,3,1,2
1788859776.639,2,3,25.609,-118.818,12.897,141.027,79.186,17.810,229.240,-67.145,52.855,1,,0,received,,412.033,a6656d1b-4088-42f3-be17-fa13fce02f64,1,3,2,1
1788859776.639,2,1,25.609,-118.818,12.897,-135.532,84.285,7.896,259.311,-68.403,51.597,1,,0,received,,410.562,4f0bb2fe-0529-4b39-802e-795f506e8619,2,1,0,3
1788859776.639,2,3,25.609,-118.818,12.897,141.027,79.186,17.810,229.240,-67.145,52.855,1,,0,received,,412.818,4d70d694-cac6-4d00-b507-dcfa2ca50440,2,3,0,3
1788859776.640,3,1,141.027,79.186,17.810,-135.532,84.285,7.896,276.783,-69.069,50.931,1,,0,received,,401.880,ea61abfd-385b-47b4-8a22-9b6ac336b87f,3,1,0,3
1788859776.640,3,2,141.027,79.186,17.810,25.609,-118.818,12.897,229.240,-67.145,52.855,1,,0,received,,397.766,c0370058-2ee3-412c-9267-a5577a4142f5,3,2,0,3
1788859777.690,1,2,-139.254,87.691,7.909,27.282,-123.549,12.910,269.038,-68.779,51.221,1,,0,received,,398.390,a057a78d-9876-4dc3-8975-8b79620ed12e,1,2,0,3
1788859777.691,1,3,-139.254,87.691,7.909,144.975,82.192,17.824,284.455,-69.348,50.652,1,,0,received,,410.567,279616cb-6a3d-4881-b086-eb4c258fc908,1,3,0,3
1788859777.691,2,1,27.282,-123.549,12.910,-139.254,87.691,7.909,269.038,-68.779,51.221,1,,0,received,,398.456,7c75e661-96e0-4130-bb73-e38835fe8351,2,1,0,3
1788859777.691,2,3,27.282,-123.549,12.910,144.975,82.192,17.824,237.076,-67.488,52.512,1,,0,received,,403.362,e12f3398-267e-4924-8f42-cac0c6fab7ce,2,3,0,3
1788859777.691,3,1,144.975,82.192,17.824,-139.254,87.691,7.909,284.455,-69.348,50.652,1,,0,received,,399.896,895b7162-5ebb-46f2-a8f6-c411e1a60709,3,1,0,3
1788859777.691,3,2,144.975,82.192,17.824,27.282,-123.549,12.910,237.076,-67.488,52.512,1,,0,received,,400.843,f18b9d03-ebd5-4b87-a3ff-a4766a29c04d,3,2,0,3
1788859778.709,1,2,-142.653,91.031,7.912,29.008,-127.968,12.912,278.303,-69.125,50.875,1,,0,received,,404.123,c5849774-cc68-4f14-a56e-ba27e7df0338,1,2,0,3
1788859778.709,1,3,-142.653,91.031,7.912,148.931,85.353,17.890,291.810,-69.608,50.392,1,,0,received,,401.334,25a6483a-e44e-473c-a943-46d773fdae39,1,3,0,3
1788859778.709,2,1,29.008,-127.968,12.912,-142.653,91.031,7.912,278.303,-69.125,50.875,1,,0,received,,404.525,4ded63ef-604c-40e4-be0a-216270e89241,2,1,0,3
1788859778.709,2,3,29.008,-127.968,12.912,148.931,85.353,17.890,244.770,-67.814,52.186,1,,0,received,,402.502,c07083cd-93d8-437e-be77-2542acc92a80,2,3,0,3
1788859778.709,3,1,148.931,85.353,17.890,-142.653,91.031,7.912,291.810,-69.608,50.392,1,,0,dropped,channel_loss,414.834,be4bfad7-fe6d-4825-852f-3ffd60b9366d,3,1,0,3
1788859778.709,3,2,148.931,85.353,17.890,29.008,-127.968,12.912,244.770,-67.814,52.186,1,,0,received,,400.780,be4bfad7-fe6d-4825-852f-3ffd60b9366d,3,1,1,2
1788859778.709,2,1,29.008,-127.968,12.912,-142.653,91.031,7.912,278.303,-69.125,50.875,1,,0,received,,405.694,be4bfad7-fe6d-4825-852f-3ffd60b9366d,3,1,2,1
1788859778.710,3,2,148.931,85.353,17.890,29.008,-127.968,12.912,244.770,-67.814,52.186,1,,0,dropped,channel_loss,411.483,42f465f4-cb8d-42a9-b7aa-ac498a38c011,3,2,0,3
1788859778.710,3,1,148.931,85.353,17.890,-142.653,91.031,7.912,291.810,-69.608,50.392,1,,0,received,,397.913,42f465f4-cb8d-42a9-b7aa-ac498a38c011,3,2,1,2
1788859778.710,1,2,-142.653,91.031,7.912,29.008,-127.968,12.912,278.303,-69.125,50.875,1,,0,received,,407.969,42f465f4-cb8d-42a9-b7aa-ac498a38c011,3,2,2,1
1788859779.760,1,2,-145.840,94.170,7.917,30.748,-132.388,12.977,287.293,-69.449,50.551,1,,0,received,,406.236,c84437ed-44ce-4313-b2af-3cc5b24c7c92,1,2,0,3
1788859779.761,1,3,-145.840,94.170,7.917,152.435,88.159,17.892,298.502,-69.840,50.160,1,,0,received,,412.063,a74f0eb3-4a2c-47f2-9e99-e4d64db69966,1,3,0,3
1788859779.761,2,1,30.748,-132.388,12.977,-145.840,94.170,7.917,287.293,-69.449,50.551,1,,0,received,,400.846,5a820ace-8a13-4911-acfb-b889fec2bd9b,2,1,0,3
1788859779.761,2,3,30.748,-132.388,12.977,152.435,88.159,17.892,251.937,-68.109,51.891,1,,0,received,,400.601,e6933636-fd53-4b48-a189-5aab9fa6faa7,2,3,0,3
1788859779.761,3,1,152.435,88.159,17.892,-145.840,94.170,7.917,298.502,-69.840,50.160,1,,0,received,,398.092,28e98169-02dd-4a89-81f9-74865ea88b0b,3,1,0,3
1788859779.762,3,2,152.435,88.159,17.892,30.748,-132.388,12.977,251.937,-68.109,51.891,1,,0,received,,414.073,76b4c832-bef5-4748-8b31-710f24e3341b,3,2,0,3
1788859780.779,1,2,-149.125,97.354,7.917,32.361,-136.562,12.978,296.107,-69.757,50.243,1,,0,received,,404.168,d53ddc45-5a7c-4415-a471-138c5f15f5ef,1,2,0,3
1788859780.779,1,3,-149.125,97.354,7.917,156.037,91.008,17.890,305.391,-70.073,49.927,1,,0,received,,395.678,5542f36e-48b6-4a0d-a08c-152cf1415a50,1,3,0,3
1788859780.780,2,1,32.361,-136.562,12.978,-149.125,97.354,7.917,296.107,-69.757,50.243,1,,0,received,,405.185,c65edf89-2c13-4404-9f51-fa8df12f8ad4,2,1,0,3
1788859780.780,2,3,32.361,-136.562,12.978,156.037,91.008,17.890,259.052,-68.393,51.607,1,,0,received,,415.035,1664bfae-a735-4456-8828-5d7e9cbd26e4,2,3,0,3
1788859780.780,3,1,156.037,91.008,17.890,-149.125,97.354,7.917,305.391,-70.073,49.927,1,,0,received,,395.709,98740614-1851-423b-bc95-8040e146f777,3,1,0,3
1788859780.781,3,2,156.037,91.008,17.890,32.361,-136.562,12.978,259.052,-68.393,51.607,1,,0,dropped,channel_loss,411.928,10f4165b-fa8e-4f00-b8de-c98499e575ce,3,2,0,3
1788859780.781,3,1,156.037,91.008,17.890,-149.125,97.354,7.917,305.391,-70.073,49.927,1,,0,received,,410.973,10f4165b-fa8e-4f00-b8de-c98499e575ce,3,2,1,2
1788859780.781,1,2,-149.125,97.354,7.917,32.361,-136.562,12.978,296.107,-69.757,50.243,1,,0,received,,400.883,10f4165b-fa8e-4f00-b8de-c98499e575ce,3,2,2,1
1788859781.782,1,2,-152.222,100.348,7.916,33.898,-140.570,12.978,304.479,-70.042,49.958,1,,0,received,,409.066,8e84e6f3-f9e6-40ee-a6ed-f853e5ddbb74,1,2,0,3
1788859781.782,1,3,-152.222,100.348,7.916,159.443,93.669,17.833,311.894,-70.288,49.712,1,,0,received,,409.256,89f06433-2d61-408d-af02-fb3ca2500677,1,3,0,3
1788859781.782,2,1,33.898,-140.570,12.978,-152.222,100.348,7.916,304.479,-70.042,49.958,1,,0,received,,395.250,be70e026-5fe4-471d-9944-fd8f8cb8a63f,2,1,0,3
1788859781.782,2,3,33.898,-140.570,12.978,159.443,93.669,17.833,265.806,-68.656,51.344,1,,0,received,,400.263,a0670a4e-6212-47f5-851d-d6ff4e2828e6,2,3,0,3
1788859781.782,3,1,159.443,93.669,17.833,-152.222,100.348,7.916,311.894,-70.288,49.712,1,,0,received,,406.121,abc9bdbb-1ff1-45a3-b894-ca059f3b3b32,3,1,0,3
1788859781.783,3,2,159.443,93.669,17.833,33.898,-140.570,12.978,265.806,-68.656,51.344,1,,0,received,,405.700,f2de9252-7a87-40f6-9c20-b4119a01e920,3,2,0,3
1788859782.816,1,2,-155.108,103.131,7.916,35.262,-144.132,12.914,312.097,-70.294,49.706,1,,0,received,,400.907,50f211db-ddc8-49ad-8fef-7e54b4373562,1,2,0,3
1788859782.816,1,3,-155.108,103.131,7.916,162.472,96.029,17.835,317.814,-70.480,49.520,1,,0,received,,396.100,825fcbf0-591b-4c8e-8caa-2f1f28f898c4,1,3,0,3
1788859782.817,2,1,35.262,-144.132,12.914,-155.108,103.131,7.916,312.097,-70.294,49.706,1,,0,received,,411.023,9dde4726-24e4-4dc3-bbf5-5de21fd5a824,2,1,0,3
1788859782.817,2,3,35.262,-144.132,12.914,162.472,96.029,17.835,271.816,-68.884,51.116,1,,0,received,,397.362,ad4bb5ed-14bd-42c4-8096-9372d6eea4e6,2,3,0,3
1788859782.817,3,1,162.472,96.029,17.835,-155.108,103.131,7.916,317.814,-70.480,49.520,1,,0,received,,407.080,d8207133-339b-4f4b-804a-d12ec962b5db,3,1,0,3
1788859782.817,3,2,162.472,96.029,17.835,35.262,-144.132,12.914,271.816,-68.884,51.116,1,,0,received,,405.452,c99f95d1-5160-4819-a2c6-e08652339c82,3,2,0,3
1788859783.838,1,2,-157.731,105.658,7.913,36.626,-147.705,12.979,319.363,-70.529,49.471,1,,0,received,,398.017,13ca6b88-f4f2-4fe6-ae86-786ab8f0e7ca,1,2,0,3
1788859783.838,1,3,-157.731,105.658,7.913,165.501,98.389,17.839,323.466,-70.659,49.341,1,,0,received,,407.441,9ef1f11a-fafa-41e6-892b-28e6f2d9a9f6,1,3,0,3
1788859783.839,2,1,36.626,-147.705,12.979,-157.731,105.658,7.913,319.363,-70.529,49.471,1,,0,received,,403.476,3912c796-b8d3-447a-99d4-5fbe597e1b24,2,1,0,3
1788859783.839,2,3,36.626,-147.705,12.979,165.501,98.389,17.839,277.839,-69.108,50.892,1,,0,received,,396.857,74e41653-203c-4f1c-b4e9-61eed316d657,2,3,0,3
1788859783.839,3,1,165.501,98.389,17.839,-157.731,105.658,7.913,323.466,-70.659,49.341,1,,0,dropped,channel_loss,396.499,9780f937-97ae-4eab-aa41-aa6ee1c48380,3,1,0,3
1788859783.839,3,2,165.501,98.389,17.839,36.626,-147.705,12.979,277.839,-69.108,50.892,1,,0,received,,405.291,9780f937-97ae-4eab-aa41-aa6ee1c48380,3,1,1,2
1788859783.839,2,1,36.626,-147.705,12.979,-157.731,105.658,7.913,319.363,-70.529,49.471,1,,0,dropped,channel_loss,406.228,9780f937-97ae-4eab-aa41-aa6ee1c48380,3,1,2,1
1788859783.840,3,2,165.501,98.389,17.839,36.626,-147.705,12.979,277.839,-69.108,50.892,1,,0,received,,404.548,f01dd2b2-fc3b-46a0-be5b-6e24e9b3a884,3,2,0,3
1788859784.884,1,2,-160.828,108.653,7.911,38.088,-151.546,12.917,327.560,-70.788,49.212,1,,0,received,,414.766,0603f2d2-a435-4a07-8ba5-abe6ab83e735,1,2,0,3
1788859784.884,1,3,-160.828,108.653,7.911,168.892,101.061,17.902,329.958,-70.862,49.138,1,,0,received,,395.470,d04765e4-6665-4905-9f40-482b6038debf,1,3,0,3
1788859784.884,2,1,38.088,-151.546,12.917,-160.828,108.653,7.911,327.560,-70.788,49.212,1,,0,received,,402.041,954691ed-8ae8-4d49-ae4f-7c3d3d14dc93,2,1,0,3
1788859784.884,2,3,38.088,-151.546,12.917,168.892,101.061,17.902,284.507,-69.350,50.650,1,,0,received,,407.710,996d47a0-36f2-4979-9be2-64a56b5b5a60,2,3,0,3
1788859784.884,3,1,168.892,101.061,17.902,-160.828,108.653,7.911,329.958,-70.862,49.138,1,,0,received,,409.849,cb738bd7-f59c-4b3d-a98a-e1cd35539110,3,1,0,3
1788859784.885,3,2,168.892,101.061,17.902,38.088,-151.546,12.917,284.507,-69.350,50.650,1,,0,received,,396.032,555e9c6b-1035-407c-97b2-bbe6817ed2cd,3,2,0,3
1788859785.924,1,2,-163.925,111.647,7.913,39.617,-155.564,12.915,335.941,-71.046,48.954,1,,0,received,,411.415,1dc583fc-eea0-4539-a321-03539d08230b,1,2,0,3
1788859785.924,1,3,-163.925,111.647,7.913,172.049,103.554,17.848,336.218,-71.054,48.946,1,,0,received,,410.728,4bbd549a-b768-4563-beeb-861ef2db2274,1,3,0,3
1788859785.924,2,1,39.617,-155.564,12.915,-163.925,111.647,7.913,335.941,-71.046,48.954,1,,0,received,,409.053,f8de5970-cbab-4f29-bce5-bede257b4f18,2,1,0,3
1788859785.924,2,3,39.617,-155.564,12.915,172.049,103.554,17.848,291.041,-69.581,50.419,1,,0,received,,411.375,085ec458-aece-4eca-ab09-48a260538391,2,3,0,3
1788859785.925,3,1,172.049,103.554,17.848,-163.925,111.647,7.913,336.218,-71.054,48.946,1,,0,received,,410.669,2be9f64e-2098-4dbd-9bff-eceb44453d44,3,1,0,3
1788859785.925,3,2,172.049,103.554,17.848,39.617,-155.564,12.915,291.041,-69.581,50.419,1,,0,received,,401.014,d156ac35-1db4-4990-958f-a6b55a067728,3,2,0,3
1788859786.926,1,2,-166.667,114.319,7.917,41.057,-159.316,12.974,343.585,-71.275,48.725,1,,0,received,,399.135,43a16ce2-2623-4b4b-aa4c-d31afb146e5d,1,2,0,3
1788859786.927,1,3,-166.667,114.319,7.917,175.282,106.114,17.856,342.192,-71.234,48.766,1,,0,received,,413.813,1e4e0faf-d406-47f2-bfe1-df84a3f93bf2,1,3,0,3
1788859786.927,2,1,41.057,-159.316,12.974,-166.667,114.319,7.917,343.585,-71.275,48.725,1,,0,received,,414.928,0be04a03-3089-480a-8b3f-226f77f98bea,2,1,0,3
1788859786.927,2,3,41.057,-159.316,12.974,175.282,106.114,17.856,297.478,-69.805,50.195,1,,0,received,,400.211,e93eda8f-eb67-4e8c-b8ea-4f6d86a553b2,2,3,0,3
1788859786.927,3,1,175.282,106.114,17.856,-166.667,114.319,7.917,342.192,-71.234,48.766,1,,0,received,,398.967,22df48a6-6454-4acb-abcb-cbc6d1f7580d,3,1,0,3
1788859786.928,3,2,175.282,106.114,17.856,41.057,-159.316,12.974,297.478,-69.805,50.195,1,,0,received,,410.762,906f60b0-0a64-4fe8-8925-f1c930e49695,3,2,0,3
1788859787.982,1,2,-169.403,116.990,7.922,42.428,-162.889,12.975,351.042,-71.494,48.506,1,,0,received,,401.784,6259b150-ac1f-45ab-ac33-0f88e1ccfb2e,1,2,0,3
1788859787.982,1,3,-169.403,116.990,7.922,178.303,108.486,17.859,347.952,-71.404,48.596,1,,0,received,,402.506,1a952e24-aca8-4827-9bc3-32afbfbeeeab,1,3,0,3
1788859787.982,2,1,42.428,-162.889,12.975,-169.403,116.990,7.922,351.042,-71.494,48.506,1,,0,received,,410.011,47bf6b0f-a309-4e92-90f8-cf5fea3408b7,2,1,0,3
1788859787.983,2,3,42.428,-162.889,12.975,178.303,108.486,17.859,303.530,-70.010,49.990,1,,0,received,,402.878,2963fa3f-82d8-4ccb-8952-509bcf04069c,2,3,0,3
1788859787.983,3,1,178.303,108.486,17.859,-169.403,116.990,7.922,347.952,-71.404,48.596,1,,0,dropped,channel_loss,405.069,8e5e0b9b-50e3-4bcf-ab35-fb1e2663067f,3,1,0,3
1788859787.983,3,2,178.303,108.486,17.859,42.428,-162.889,12.975,303.530,-70.010,49.990,1,,0,received,,413.631,8e5e0b9b-50e3-4bcf-ab35-fb1e2663067f,3,1,1,2
1788859787.983,2,1,42.428,-162.889,12.975,-169.403,116.990,7.922,351.042,-71.494,48.506,1,,0,received,,411.168,8e5e0b9b-50e3-4bcf-ab35-fb1e2663067f,3,1,2,1
1788859787.984,3,2,178.303,108.486,17.859,42.428,-162.889,12.975,303.530,-70.010,49.990,1,,0,received,,396.724,6eae3e49-7a9e-4d39-aff6-bc4e71fef306,3,2,0,3
1788859789.006,1,2,-171.791,119.339,7.925,43.641,-166.006,12.978,357.573,-71.682,48.318,1,,0,received,,411.592,216ba256-fbc8-42c8-a851-a3868d5a0ed8,1,2,0,3
1788859789.006,1,3,-171.791,119.339,7.925,180.948,110.556,17.856,352.989,-71.551,48.449,1,,0,received,,401.569,85f2740c-74f2-4a66-aaa5-8e928cf7822c,1,3,0,3
1788859789.007,2,1,43.641,-166.006,12.978,-171.791,119.339,7.925,357.573,-71.682,48.318,1,,0,received,,408.364,76feb690-877a-4ed6-9592-787dfe501c62,2,1,0,3
1788859789.007,2,3,43.641,-166.006,12.978,180.948,110.556,17.856,308.810,-70.186,49.814,1,,0,received,,407.197,cce8bf74-f57d-4587-8b6a-671246499d71,2,3,0,3
1788859789.007,3,1,180.948,110.556,17.856,-171.791,119.339,7.925,352.989,-71.551,48.449,1,,0,received,,408.940,f07b0a43-5671-4328-98eb-dd0c91f34bdf,3,1,0,3
1788859789.007,3,2,180.948,110.556,17.856,43.641,-166.006,12.978,308.810,-70.186,49.814,1,,0,received,,395.992,2b2fd196-4978-42f6-b666-dc25d14d33b4,3,2,0,3
1788859790.032,1,2,-174.655,122.156,7.924,45.133,-169.835,12.978,365.501,-71.906,48.094,1,,0,received,,402.196,e00c20e6-310a-4cc7-8767-30998b2fd46a,1,2,0,3
1788859790.033,1,3,-174.655,122.156,7.924,184.128,113.027,17.854,359.036,-71.724,48.276,1,,0,dropped,channel_loss,400.636,bf34f338-e96a-4219-9955-99a033a176fd,1,3,0,3
1788859790.033,1,2,-174.655,122.156,7.924,45.133,-169.835,12.978,365.501,-71.906,48.094,1,,0,dropped,channel_loss,414.103,bf34f338-e96a-4219-9955-99a033a176fd,1,3,1,2
1788859790.033,2,1,45.133,-169.835,12.978,-174.655,122.156,7.924,365.501,-71.906,48.094,1,,0,received,,407.895,9274b8fb-d103-44a1-8f53-4e99c0323fbd,2,1,0,3
1788859790.034,2,3,45.133,-169.835,12.978,184.128,113.027,17.854,315.206,-70.395,49.605,1,,0,received,,411.167,b456335d-7155-4d88-b000-a2cf171a6001,2,3,0,3
1788859790.034,3,1,184.128,113.027,17.854,-174.655,122.156,7.924,359.036,-71.724,48.276,1,,0,received,,414.201,6c602699-d8e2-47ce-8ed2-7bc487355513,3,1,0,3
1788859790.034,3,2,184.128,113.027,17.854,45.133,-169.835,12.978,315.206,-70.395,49.605,1,,0,received,,407.297,05b0304f-4d5b-4504-ba7e-2fd30b8068c5,3,2,0,3
1788859791.071,1,2,-177.390,124.827,7.917,46.520,-173.409,12.981,372.969,-72.113,47.887,1,,0,received,,395.841,d393544e-865d-42b4-885b-e197e0da95aa,1,2,0,3
1788859791.071,1,3,-177.390,124.827,7.917,187.150,115.387,17.852,364.797,-71.887,48.113,1,,0,received,,410.716,9a82c4bc-6d62-406e-bdcb-3e5cabd7e6df,1,3,0,3
1788859791.071,2,1,46.520,-173.409,12.981,-177.390,124.827,7.917,372.969,-72.113,47.887,1,,0,received,,402.802,a3708e4f-926d-4b40-8dad-20fc824d657c,2,1,0,3
1788859791.072,2,3,46.520,-173.409,12.981,187.150,115.387,17.852,321.253,-70.589,49.411,1,,0,received,,407.247,2b78f5d1-5c58-4792-a8c7-8efdda556338,2,3,0,3
1788859791.072,3,1,187.150,115.387,17.852,-177.390,124.827,7.917,364.797,-71.887,48.113,1,,0,received,,414.122,01affd65-5d85-4286-b59b-9855d3c5a6fd,3,1,0,3
1788859791.072,3,2,187.150,115.387,17.852,46.520,-173.409,12.981,321.253,-70.589,49.411,1,,0,received,,410.407,7858e98b-5c00-4cd6-b733-51facd087950,3,2,0,3
1788859792.075,1,2,-179.447,126.831,7.915,47.559,-176.092,12.984,378.576,-72.265,47.735,1,,0,received,,405.734,8df565a8-a0a2-45c3-9a67-5f2ac0a014a1,1,2,0,3
1788859792.076,1,3,-179.447,126.831,7.915,189.410,117.168,17.913,369.119,-72.007,47.993,1,,0,received,,408.136,134e499d-21c6-40a0-8c47-05a763cd668e,1,3,0,3
1788859792.076,2,1,47.559,-176.092,12.984,-179.447,126.831,7.915,378.576,-72.265,47.735,1,,0,received,,397.414,e5fc4eda-8312-4906-ac4c-b927b8a32e82,2,1,0,3
1788859792.076,2,3,47.559,-176.092,12.984,189.410,117.168,17.913,325.803,-70.733,49.267,1,,0,received,,405.126,f29008f7-e883-42b8-b4c9-62780c1ccb29,2,3,0,3
1788859792.076,3,1,189.410,117.168,17.913,-179.447,126.831,7.915,369.119,-72.007,47.993,1,,0,received,,406.379,97ed6c66-19a3-4e9f-8041-00a347ad968d,3,1,0,3
1788859792.076,3,2,189.410,117.168,17.913,47.559,-176.092,12.984,325.803,-70.733,49.267,1,,0,received,,400.351,df1b91c1-0202-4bcf-9bad-eac774ad7679,3,2,0,3
1788859793.106,1,2,-182.544,129.825,7.917,49.112,-180.110,12.988,386.976,-72.489,47.511,1,,0,received,,415.073,97ae6930-7b96-46de-a1d9-f9b9117637d7,1,2,0,3
1788859793.106,1,3,-182.544,129.825,7.917,192.801,119.840,17.854,375.610,-72.185,47.815,1,,0,received,,413.475,e2a41fbc-8061-4726-920e-c68b5ca10d07,1,3,0,3
1788859793.106,2,1,49.112,-180.110,12.988,-182.544,129.825,7.917,386.976,-72.489,47.511,1,,0,received,,397.598,346372be-f2b8-49a9-a6a6-e1fd09136c6b,2,1,0,3
1788859793.106,2,3,49.112,-180.110,12.988,192.801,119.840,17.854,332.627,-70.944,49.056,1,,0,received,,404.186,9766088d-44e5-41b3-8837-25e0fbc0fbdc,2,3,0,3
1788859793.107,3,1,192.801,119.840,17.854,-182.544,129.825,7.917,375.610,-72.185,47.815,1,,0,received,,404.047,f8e67ae6-baef-4724-8548-9ae87511eb97,3,1,0,3
1788859793.107,3,2,192.801,119.840,17.854,49.112,-180.110,12.988,332.627,-70.944,49.056,1,,0,received,,408.784,98e45937-72da-4f0d-bf04-ecf55c1c6b29,3,2,0,3
1788859794.147,1,2,-185.973,133.165,7.925,50.845,-184.574,12.989,396.316,-72.732,47.268,1,,0,received,,401.537,bdd79ec2-0606-4b8c-8dbe-d6ada65fad19,1,2,0,3
1788859794.147,1,3,-185.973,133.165,7.925,196.569,122.812,17.853,382.810,-72.379,47.621,1,,0,received,,396.444,a1bb7914-ff51-4027-a137-494d36e45b0b,1,3,0,3
1788859794.147,2,1,50.845,-184.574,12.989,-185.973,133.165,7.925,396.316,-72.732,47.268,1,,0,received,,412.972,872e2040-41fe-4b02-92ee-f6d1eeaf1fd2,2,1,0,3
1788859794.148,2,3,50.845,-184.574,12.989,196.569,122.812,17.853,340.214,-71.175,48.825,1,,0,received,,409.381,0d4ff175-8006-41e9-bfc8-4e03b65dc1a4,2,3,0,3
1788859794.148,3,1,196.569,122.812,17.853,-185.973,133.165,7.925,382.810,-72.379,47.621,1,,0,dropped,channel_loss,407.899,19f80087-e7bc-402b-b83e-b38f96c5b57d,3,1,0,3
1788859794.148,3,2,196.569,122.812,17.853,50.845,-184.574,12.989,340.214,-71.175,48.825,1,,0,received,,405.320,19f80087-e7bc-402b-b83e-b38f96c5b57d,3,1,1,2
1788859794.148,2,1,50.845,-184.574,12.989,-185.973,133.165,7.925,396.316,-72.732,47.268,1,,0,received,,399.165,19f80087-e7bc-402b-b83e-b38f96c5b57d,3,1,2,1
1788859794.149,3,2,196.569,122.812,17.853,50.845,-184.574,12.989,340.214,-71.175,48.825,1,,0,received,,410.953,c1ea18f5-0c98-46bf-a88c-406f784bf8b7,3,2,0,3
1788859795.152,1,2,-189.273,136.371,7.927,52.420,-188.593,12.918,405.021,-72.954,47.046,1,,0,received,,406.226,5bc6bac0-8583-47c3-b33a-8c84dca3331c,1,2,0,3
1788859795.153,1,3,-189.273,136.371,7.927,200.193,125.662,17.915,389.742,-72.562,47.438,1,,0,received,,411.219,3217e413-b2ac-4125-a650-e4c4b69dfce2,1,3,0,3
1788859795.153,2,1,52.420,-188.593,12.918,-189.273,136.371,7.927,405.021,-72.954,47.046,1,,0,received,,407.384,efc1e8c6-70c6-4b08-8acf-de7a7753a55a,2,1,0,3
1788859795.153,2,3,52.420,-188.593,12.918,200.193,125.662,17.915,347.301,-71.385,48.615,1,,0,received,,401.331,29f399dd-76c4-44ee-abee-7a3d7591a775,2,3,0,3
1788859795.153,3,1,200.193,125.662,17.915,-189.273,136.371,7.927,389.742,-72.562,47.438,1,,0,dropped,channel_loss,409.523,443e4acc-4e70-4a2f-94ea-5d70902b7ed9,3,1,0,3
1788859795.153,3,2,200.193,125.662,17.915,52.420,-188.593,12.918,347.301,-71.385,48.615,1,,0,received,,410.528,443e4acc-4e70-4a2f-94ea-5d70902b7ed9,3,1,1,2
1788859795.153,2,1,52.420,-188.593,12.918,-189.273,136.371,7.927,405.021,-72.954,47.046,1,,0,received,,396.620,443e4acc-4e70-4a2f-94ea-5d70902b7ed9,3,1,2,1
1788859795.153,3,2,200.193,125.662,17.915,52.420,-188.593,12.918,347.301,-71.385,48.615,1,,0,dropped,channel_loss,407.992,17fbed53-a0ea-4110-9767-c328d5e1eb34,3,2,0,3
1788859795.154,3,1,200.193,125.662,17.915,-189.273,136.371,7.927,389.742,-72.562,47.438,1,,0,received,,408.747,17fbed53-a0ea-4110-9767-c328d5e1eb34,3,2,1,2
1788859795.154,1,2,-189.273,136.371,7.927,52.420,-188.593,12.918,405.021,-72.954,47.046,1,,0,received,,412.705,17fbed53-a0ea-4110-9767-c328d5e1eb34,3,2,2,1
1788859796.168,1,2,-190.991,138.030,7.928,53.354,-191.008,12.979,409.873,-73.076,46.924,1,,0,received,,407.941,fb14cdf8-30a1-426a-b78b-6434dbf14f21,1,2,0,3
1788859796.169,1,3,-190.991,138.030,7.928,202.077,127.143,17.921,393.346,-72.656,47.344,1,,0,received,,414.471,61a7e867-3982-4999-b04d-d7d8fed6be3d,1,3,0,3
1788859796.170,2,1,53.354,-191.008,12.979,-190.991,138.030,7.928,409.873,-73.076,46.924,1,,0,received,,413.360,f5f66e7b-f10e-4abb-b916-d7477965522a,2,1,0,3
1788859796.170,2,3,53.354,-191.008,12.979,202.077,127.143,17.921,351.231,-71.500,48.500,1,,0,received,,397.628,555bbdac-1ff9-421f-8a05-4bbd8165067f,2,3,0,3
1788859796.171,3,1,202.077,127.143,17.921,-190.991,138.030,7.928,393.346,-72.656,47.344,1,,0,received,,398.438,a87c78cc-de97-461f-b716-ca5792ac52cf,3,1,0,3
1788859796.171,3,2,202.077,127.143,17.921,53.354,-191.008,12.979,351.231,-71.500,48.500,1,,0,received,,409.332,57b502c5-725e-4b2a-b8f3-47ab67d722f1,3,2,0,3
1788859797.185,1,2,-194.570,141.492,7.929,55.185,-195.751,12.984,419.685,-73.317,46.683,1,,0,received,,413.963,291d39c9-a60f-48ea-a734-b73e9f0e1f3b,1,2,0,3
1788859797.186,1,3,-194.570,141.492,7.929,205.995,130.215,17.870,400.848,-72.848,47.152,1,,0,received,,412.064,5f9d720f-592d-4dd7-b3e9-81f5dedf6315,1,3,0,3
1788859797.186,2,1,55.185,-195.751,12.984,-194.570,141.492,7.929,419.685,-73.317,46.683,1,,0,received,,407.847,16adf4a7-e116-430c-85c2-58c6f1bcef36,2,1,0,3
1788859797.186,2,3,55.185,-195.751,12.984,205.995,130.215,17.870,359.195,-71.729,48.271,1,,0,received,,397.649,9248bbe2-d8c8-4d7b-9acf-d2881298dc28,2,3,0,3
1788859797.186,3,1,205.995,130.215,17.870,-194.570,141.492,7.929,400.848,-72.848,47.152,1,,0,received,,405.815,f81a9b86-f8cd-45e9-8fa2-64ca276d8e4a,3,1,0,3
1788859797.186,3,2,205.995,130.215,17.870,55.185,-195.751,12.984,359.195,-71.729,48.271,1,,0,received,,398.518,c7fd5378-f5a1-4221-b8d8-9bc82a32f83d,3,2,0,3
1788859798.188,1,2,-197.976,144.854,7.924,56.941,-200.192,12.988,429.028,-73.542,46.458,1,,0,dropped,channel_loss,398.229,7d86ad06-2122-431b-bad4-16c1a5f8cf2d,1,2,0,3
1788859798.188,1,3,-197.976,144.854,7.924,209.748,133.187,17.937,408.014,-73.029,46.971,1,,0,received,,409.558,7d86ad06-2122-431b-bad4-16c1a5f8cf2d,1,2,1,2
1788859798.189,3,2,209.748,133.187,17.937,56.941,-200.192,12.988,366.765,-71.942,48.058,1,,0,received,,411.996,7d86ad06-2122-431b-bad4-16c1a5f8cf2d,1,2,2,1
1788859798.189,1,3,-197.976,144.854,7.924,209.748,133.187,17.937,408.014,-73.029,46.971,1,,0,received,,411.650,bce58d3e-08af-44b6-bf55-eec9db0768ad,1,3,0,3
1788859798.189,2,1,56.941,-200.192,12.988,-197.976,144.854,7.924,429.028,-73.542,46.458,1,,0,received,,396.055,cadf0f37-3204-47ad-b4e0-00fdbebb4d74,2,1,0,3
1788859798.189,2,3,56.941,-200.192,12.988,209.748,133.187,17.937,366.765,-71.942,48.058,1,,0,received,,406.681,cdd62db8-b32d-4a35-a8ba-02f82191131c,2,3,0,3
1788859798.189,3,1,209.748,133.187,17.937,-197.976,144.854,7.924,408.014,-73.029,46.971,1,,0,received,,410.485,7edefbc6-da46-4cfb-bd3c-cbd0fb61c605,3,1,0,3
1788859798.189,3,2,209.748,133.187,17.937,56.941,-200.192,12.988,366.765,-71.942,48.058,1,,0,received,,407.925,9b28155c-9801-4fd6-820d-584bf6cc4440,3,2,0,3
1788859799.221,1,2,-201.910,148.761,7.919,58.877,-205.090,12.925,439.597,-73.790,46.210,1,,0,received,,407.689,cd4680d3-7571-4139-aae0-660beab724a3,1,2,0,3
1788859799.221,1,3,-201.910,148.761,7.919,214.111,136.638,17.944,416.318,-73.235,46.765,1,,0,received,,414.278,42a1232c-b695-4971-aa40-74cec62dfa5f,1,3,0,3
1788859799.221,2,1,58.877,-205.090,12.925,-201.910,148.761,7.919,439.597,-73.790,46.210,1,,0,received,,411.239,084369f8-f26b-4db0-82fc-2248967bb838,2,1,0,3
1788859799.222,2,3,58.877,-205.090,12.925,214.111,136.638,17.944,375.368,-72.178,47.822,1,,0,received,,401.094,0af1cdf7-fbea-4291-b7cb-4280bebe63e3,2,3,0,3
1788859799.222,3,1,214.111,136.638,17.944,-201.910,148.761,7.919,416.318,-73.235,46.765,1,,0,received,,396.344,1008b874-ecaf-406c-b31d-98ef4feb73e1,3,1,0,3
1788859799.222,3,2,214.111,136.638,17.944,58.877,-205.090,12.925,375.368,-72.178,47.822,1,,0,received,,404.830,5161079d-ce85-4ef9-b310-b6919a21e6dc,3,2,0,3
1788859800.260,1,2,-205.308,152.112,7.917,60.641,-209.554,12.932,448.950,-74.005,45.995,1,,0,received,,407.279,58db33d2-9cec-455e-ba63-0e1de9fc04d9,1,2,0,3
1788859800.261,1,3,-205.308,152.112,7.917,217.871,139.599,17.942,423.483,-73.409,46.591,1,,0,received,,409.513,4771d7cf-1b41-4125-b96e-4a5de1f4f920,1,3,0,3
1788859800.261,2,1,60.641,-209.554,12.932,-205.308,152.112,7.917,448.950,-74.005,45.995,1,,0,received,,412.361,39d38db1-1eb3-4f9a-837b-5f52acea6b39,2,1,0,3
1788859800.261,2,3,60.641,-209.554,12.932,217.871,139.599,17.942,382.955,-72.382,47.618,1,,0,dropped,channel_loss,397.761,158ec8fb-e7d5-4226-9d7c-93fd0bdca3be,2,3,0,3
1788859800.261,2,1,60.641,-209.554,12.932,-205.308,152.112,7.917,448.950,-74.005,45.995,1,,0,received,,406.379,158ec8fb-e7d5-4226-9d7c-93fd0bdca3be,2,3,1,2
1788859800.261,1,3,-205.308,152.112,7.917,217.871,139.599,17.942,423.483,-73.409,46.591,1,,0,received,,404.475,158ec8fb-e7d5-4226-9d7c-93fd0bdca3be,2,3,2,1
1788859800.262,3,1,217.871,139.599,17.942,-205.308,152.112,7.917,423.483,-73.409,46.591,1,,0,received,,400.104,43a60b91-097f-4893-aad6-66e69c0f3c09,3,1,0,3
1788859800.262,3,2,217.871,139.599,17.942,60.641,-209.554,12.932,382.955,-72.382,47.618,1,,0,received,,400.950,37d5dc11-a786-4dd5-b6b6-9c15b75f322f,3,2,0,3
1788859801.284,1,2,-209.189,155.930,7.918,62.630,-214.642,12.934,459.602,-74.244,45.756,1,,0,received,,407.453,a0d519e0-5040-4e0d-82c6-a4ee06a168de,1,2,0,3
1788859801.285,1,3,-209.189,155.930,7.918,222.158,142.995,17.943,431.658,-73.604,46.396,1,,0,received,,412.452,a21d5ef6-5296-4159-a383-50bd623c1c21,1,3,0,3
1788859801.285,2,1,62.630,-214.642,12.934,-209.189,155.930,7.918,459.602,-74.244,45.756,1,,0,received,,401.694,ced52c98-abf3-4ec5-907b-a8eb9cf14847,2,1,0,3
1788859801.285,2,3,62.630,-214.642,12.934,222.158,142.995,17.943,391.635,-72.611,47.389,1,,0,received,,401.400,14f82abc-3b41-4367-9a56-431ae6251c48,2,3,0,3
1788859801.285,3,1,222.158,142.995,17.943,-209.189,155.930,7.918,431.658,-73.604,46.396,1,,0,received,,405.111,0e3978dd-c703-4320-9ffe-10579df59633,3,1,0,3
1788859801.285,3,2,222.158,142.995,17.943,62.630,-214.642,12.934,391.635,-72.611,47.389,1,,0,received,,405.121,893bc23f-0b86-4974-8cfb-c996db6f1a36,3,2,0,3
1788859802.288,1,2,-212.941,159.626,7.921,64.672,-219.818,12.997,470.183,-74.477,45.523,1,,0,received,,395.609,bccb094b-f543-4488-a86d-40eb2bf5e2f5,1,2,0,3
1788859802.289,1,3,-212.941,159.626,7.921,226.280,146.267,17.942,439.539,-73.789,46.211,1,,0,dropped,channel_loss,405.254,55075498-18f9-4f8e-9a4c-f64be83b68c0,1,3,0,3
1788859802.289,1,2,-212.941,159.626,7.921,64.672,-219.818,12.997,470.183,-74.477,45.523,1,,0,dropped,channel_loss,399.448,55075498-18f9-4f8e-9a4c-f64be83b68c0,1,3,1,2
1788859802.289,2,1,64.672,-219.818,12.997,-212.941,159.626,7.921,470.183,-74.477,45.523,1,,0,received,,396.156,fabc34d7-94c0-4360-b201-d55b555b251c,2,1,0,3
1788859802.289,2,3,64.672,-219.818,12.997,226.280,146.267,17.942,400.200,-72.832,47.168,1,,0,received,,412.792,14f5c852-6083-43c3-a391-2b2aba3695cc,2,3,0,3
1788859802.290,3,1,226.280,146.267,17.942,-212.941,159.626,7.921,439.539,-73.789,46.211,1,,0,received,,404.557,7e2d936b-6a07-4b20-bad4-9447719a541a,3,1,0,3
1788859802.290,3,2,226.280,146.267,17.942,64.672,-219.818,12.997,400.200,-72.832,47.168,1,,0,received,,412.089,09300f04-366a-422a-ad79-52807a3281b9,3,2,0,3
1788859803.314,1,2,-216.905,163.522,7.921,66.684,-224.894,12.994,480.952,-74.708,45.292,1,,0,received,,412.795,53ab5e92-9885-41a1-b923-5bc94aec420f,1,2,0,3
1788859803.314,1,3,-216.905,163.522,7.921,230.621,149.741,17.937,447.850,-73.980,46.020,1,,0,received,,410.423,9910a78a-92e9-4071-8533-2426fc89d457,1,3,0,3
1788859803.315,2,1,66.684,-224.894,12.994,-216.905,163.522,7.921,480.952,-74.708,45.292,1,,0,received,,403.157,f4b10866-e9d8-47cf-b7df-fd11859dc243,2,1,0,3
1788859803.315,2,3,66.684,-224.894,12.994,230.621,149.741,17.937,408.963,-73.053,46.947,1,,0,received,,399.038,500686b6-14da-4e54-9c36-eaea06752f23,2,3,0,3
1788859803.315,3,1,230.621,149.741,17.937,-216.905,163.522,7.921,447.850,-73.980,46.020,1,,0,received,,396.616,7bf81726-8188-4df5-b63c-b829e5678beb,3,1,0,3
1788859803.315,3,2,230.621,149.741,17.937,66.684,-224.894,12.994,408.963,-73.053,46.947,1,,0,received,,410.433,164c3cac-7ebf-4664-8c1f-4e938dbe9e39,3,2,0,3
1788859804.329,1,2,-220.793,167.362,7.921,68.741,-230.048,12.985,491.722,-74.934,45.066,1,,0,received,,414.927,4411db2d-7ec9-44cd-b6d4-326b74f65fd7,1,2,0,3
1788859804.329,1,3,-220.793,167.362,7.921,234.901,153.136,17.872,456.024,-74.165,45.835,1,,0,received,,397.522,fd6e2c95-42b3-4817-9f09-7a6b681472c7,1,3,0,3
1788859804.329,2,1,68.741,-230.048,12.985,-220.793,167.362,7.921,491.722,-74.934,45.066,1,,0,dropped,channel_loss,403.024,65ba7abf-7192-4573-beaa-4bbfe77a4b1b,2,1,0,3
1788859804.329,2,3,68.741,-230.048,12.985,234.901,153.136,17.872,417.687,-73.268,46.732,1,,0,received,,401.927,65ba7abf-7192-4573-beaa-4bbfe77a4b1b,2,1,1,2
1788859804.330,3,1,234.901,153.136,17.872,-220.793,167.362,7.921,456.024,-74.165,45.835,1,,0,dropped,channel_loss,410.245,65ba7abf-7192-4573-beaa-4bbfe77a4b1b,2,1,2,1
1788859804.330,2,3,68.741,-230.048,12.985,234.901,153.136,17.872,417.687,-73.268,46.732,1,,0,received,,405.328,e0c7a4d6-23f6-4e48-bf17-5a5a2a285736,2,3,0,3
1788859804.330,3,1,234.901,153.136,17.872,-220.793,167.362,7.921,456.024,-74.165,45.835,1,,0,received,,396.052,3f051c2d-85c9-4bff-ae9c-0de407a46a7a,3,1,0,3
1788859804.330,3,2,234.901,153.136,17.872,68.741,-230.048,12.985,417.687,-73.268,46.732,1,,0,received,,401.806,3400905a-36bf-486d-b47f-2005bb982e46,3,2,0,3
1788859805.381,1,2,-224.900,171.392,7.921,70.753,-235.113,12.912,502.675,-75.159,44.841,1,,0,received,,404.285,40d2d356-d035-4e6c-ab07-24aaf6a71a40,1,2,0,3
1788859805.382,1,3,-224.900,171.392,7.921,239.263,156.587,17.876,464.506,-74.353,45.647,1,,0,received,,405.456,427f033e-ad22-40f3-9b2c-2f0de73f2dcb,1,3,0,3
1788859805.382,2,1,70.753,-235.113,12.912,-224.900,171.392,7.921,502.675,-75.159,44.841,1,,0,received,,407.407,cae49d40-0ab4-48ea-8192-e3ee62fd4a87,2,1,0,3
1788859805.382,2,3,70.753,-235.113,12.912,239.263,156.587,17.876,426.438,-73.480,46.520,1,,0,received,,414.958,491e7f75-da87-4ab7-9654-6fb388f5ce33,2,3,0,3
1788859805.382,3,1,239.263,156.587,17.876,-224.900,171.392,7.921,464.506,-74.353,45.647,1,,0,received,,401.130,52b3b7e0-8354-4a54-bfab-027de84d04c7,3,1,0,3
1788859805.382,3,2,239.263,156.587,17.876,70.753,-235.113,12.912,426.438,-73.480,46.520,1,,0,received,,411.711,787d329b-e2d3-4151-af5a-c06b3a5c68ac,3,2,0,3
1788859806.414,1,2,-228.863,175.300,7.918,72.787,-240.290,12.909,513.549,-75.377,44.623,1,,0,received,,409.321,b98ad9ad-91f8-4c2e-848d-a5fc71f3dd85,1,2,0,3
1788859806.414,1,3,-228.863,175.300,7.918,243.551,159.993,17.885,472.767,-74.533,45.467,1,,0,received,,411.461,5fd57f4a-740f-490e-9c55-8e66e56862cd,1,3,0,3
1788859806.414,2,1,72.787,-240.290,12.909,-228.863,175.300,7.918,513.549,-75.377,44.623,1,,0,received,,408.622,b6767822-ed7a-4a5f-9cb7-4a6d089adf32,2,1,0,3
1788859806.414,2,3,72.787,-240.290,12.909,243.551,159.993,17.885,435.214,-73.688,46.312,1,,0,dropped,channel_loss,406.819,3ddb84d7-f092-47b1-8d1a-c2a3ac7f40d0,2,3,0,3
1788859806.415,2,1,72.787,-240.290,12.909,-228.863,175.300,7.918,513.549,-75.377,44.623,1,,0,received,,409.652,3ddb84d7-f092-47b1-8d1a-c2a3ac7f40d0,2,3,1,2
1788859806.415,1,3,-228.863,175.300,7.918,243.551,159.993,17.885,472.767,-74.533,45.467,1,,0,received,,395.679,3ddb84d7-f092-47b1-8d1a-c2a3ac7f40d0,2,3,2,1
1788859806.415,3,1,243.551,159.993,17.885,-228.863,175.300,7.918,472.767,-74.533,45.467,1,,0,received,,414.487,fb947c97-a2f7-4f4a-b713-b500b54934c3,3,1,0,3
1788859806.415,3,2,243.551,159.993,17.885,72.787,-240.290,12.909,435.214,-73.688,46.312,1,,0,received,,410.669,13a1a09f-2d66-4ea9-9109-177556641815,3,2,0,3
1788859807.455,1,2,-232.940,179.352,7.923,74.905,-245.633,12.906,524.790,-75.598,44.402,1,,0,received,,409.574,a7881528-a0f0-4d6e-a263-b96eabe8973f,1,2,0,3
1788859807.456,1,3,-232.940,179.352,7.923,248.291,163.733,17.952,481.588,-74.721,45.279,1,,0,received,,398.556,e686ae6e-f170-403d-a8f7-130e890f6001,1,3,0,3
1788859807.456,2,1,74.905,-245.633,12.906,-232.940,179.352,7.923,524.790,-75.598,44.402,1,,0,received,,407.540,cbc9387b-f4c1-462a-9054-ae9614f640e0,2,1,0,3
1788859807.456,2,3,74.905,-245.633,12.906,248.291,163.733,17.952,444.600,-73.906,46.094,1,,0,received,,398.101,1117e1d3-3752-4343-8616-7ff13218840e,2,3,0,3
1788859807.456,3,1,248.291,163.733,17.952,-232.940,179.352,7.923,481.588,-74.721,45.279,1,,0,received,,395.777,9f3e5233-a43c-4060-bfe7-736f2bc4fd4c,3,1,0,3
1788859807.456,3,2,248.291,163.733,17.952,74.905,-245.633,12.906,444.600,-73.906,46.094,1,,0,dropped,channel_loss,397.343,08546d51-8244-40b4-b985-38dc215148fe,3,2,0,3
1788859807.456,3,1,248.291,163.733,17.952,-232.940,179.352,7.923,481.588,-74.721,45.279,1,,0,received,,401.419,08546d51-8244-40b4-b985-38dc215148fe,3,2,1,2
1788859807.457,1,2,-232.940,179.352,7.923,74.905,-245.633,12.906,524.790,-75.598,44.402,1,,0,received,,408.956,08546d51-8244-40b4-b985-38dc215148fe,3,2,2,1
1788859808.479,1,2,-236.813,183.192,7.919,77.022,-250.998,12.973,535.761,-75.809,44.191,1,,0,received,,410.645,2cbeae8c-87e2-407c-a966-8e1a6264290a,1,2,0,3
1788859808.479,1,3,-236.813,183.192,7.919,252.586,167.129,17.894,489.764,-74.893,45.107,1,,0,dropped,channel_loss,412.602,764a6b08-f6ee-4ca8-95ff-6de64dea3e9d,1,3,0,3
1788859808.479,1,2,-236.813,183.192,7.919,77.022,-250.998,12.973,535.761,-75.809,44.191,1,,0,received,,396.391,764a6b08-f6ee-4ca8-95ff-6de64dea3e9d,1,3,1,2
1788859808.480,2,3,77.022,-250.998,12.973,252.586,167.129,17.894,453.516,-74.108,45.892,1,,0,received,,399.292,764a6b08-f6ee-4ca8-95ff-6de64dea3e9d,1,3,2,1
1788859808.480,2,1,77.022,-250.998,12.973,-236.813,183.192,7.919,535.761,-75.809,44.191,1,,0,received,,408.390,842719fb-1856-4b0e-a14e-caf0debdf2c9,2,1,0,3
1788859808.480,2,3,77.022,-250.998,12.973,252.586,167.129,17.894,453.516,-74.108,45.892,1,,0,received,,401.421,62a6d143-50bb-4c70-8bd8-4ecc95ceb066,2,3,0,3
1788859808.480,3,1,252.586,167.129,17.894,-236.813,183.192,7.919,489.764,-74.893,45.107,1,,0,received,,413.388,0d7c343d-a741-4000-992d-bfe4d9a4b309,3,1,0,3
1788859808.480,3,2,252.586,167.129,17.894,77.022,-250.998,12.973,453.516,-74.108,45.892,1,,0,received,,402.231,f15e83ff-b481-458b-886b-dc03175dea60,3,2,0,3
1788859809.501,1,2,-240.890,187.233,7.915,79.125,-256.364,12.982,547.004,-76.021,43.979,1,,0,received,,409.564,40fb859f-ed61-4130-9031-d9634410bfe3,1,2,0,3
1788859809.501,1,3,-240.890,187.233,7.915,257.114,170.713,17.954,498.379,-75.071,44.929,1,,0,received,,409.012,0b09a7fe-29f3-4103-a83f-e43c4d76d573,1,3,0,3
1788859809.501,2,1,79.125,-256.364,12.982,-240.890,187.233,7.915,547.004,-76.021,43.979,1,,0,received,,398.991,a424f14c-a4f0-4af7-a00f-6f701e5e709f,2,1,0,3
1788859809.501,2,3,79.125,-256.364,12.982,257.114,170.713,17.954,462.709,-74.313,45.687,1,,0,received,,406.307,f740047c-237b-43ee-9242-515c11cfa09c,2,3,0,3
1788859809.501,3,1,257.114,170.713,17.954,-240.890,187.233,7.915,498.379,-75.071,44.929,1,,0,received,,414.604,51506d73-1e95-4948-82e7-c1fc5f7ed4c6,3,1,0,3
1788859809.501,3,2,257.114,170.713,17.954,79.125,-256.364,12.982,462.709,-74.313,45.687,1,,0,received,,400.926,d3a435f8-2eb9-4ab7-a745-8dd99b0a48c4,3,2,0,3
1788859810.553,1,2,-245.185,191.463,7.919,81.302,-261.919,12.989,558.726,-76.238,43.762,1,,0,received,,409.246,00e6180d-9ff4-414d-bda8-2d1e54e71843,1,2,0,3
1788859810.553,1,3,-245.185,191.463,7.919,261.869,174.476,17.898,507.436,-75.255,44.745,1,,0,received,,402.122,51a06cf9-a505-4cb4-a667-8437496843b4,1,3,0,3
1788859810.553,2,1,81.302,-261.919,12.989,-245.185,191.463,7.919,558.726,-76.238,43.762,1,,0,dropped,channel_loss,411.054,7d9c3099-7ca7-4a60-a450-9aee666be057,2,1,0,3
1788859810.553,2,3,81.302,-261.919,12.989,261.869,174.476,17.898,472.302,-74.523,45.477,1,,0,received,,397.583,7d9c3099-7ca7-4a60-a450-9aee666be057,2,1,1,2
1788859810.553,3,1,261.869,174.476,17.898,-245.185,191.463,7.919,507.436,-75.255,44.745,1,,0,received,,402.740,7d9c3099-7ca7-4a60-a450-9aee666be057,2,1,2,1
1788859810.553,2,3,81.302,-261.919,12.989,261.869,174.476,17.898,472.302,-74.523,45.477,1,,0,dropped,channel_loss,411.513,9c70f093-629f-4e94-9d21-a0fb88bd06ab,2,3,0,3
1788859810.554,2,1,81.302,-261.919,12.989,-245.185,191.463,7.919,558.726,-76.238,43.762,1,,0,dropped,channel_loss,411.238,9c70f093-629f-4e94-9d21-a0fb88bd06ab,2,3,1,2
1788859810.554,3,1,261.869,174.476,17.898,-245.185,191.463,7.919,507.436,-75.255,44.745,1,,0,received,,400.898,f394c607-9d18-4985-b41d-a8a1b9b1aac5,3,1,0,3
1788859810.554,3,2,261.869,174.476,17.898,81.302,-261.919,12.989,472.302,-74.523,45.477,1,,0,received,,402.073,b3b9b7cb-e0a9-4eff-bd71-0617e183c99f,3,2,0,3
1788859811.584,1,2,-249.623,195.816,7.926,83.510,-267.541,12.924,570.703,-76.454,43.546,1,,0,received,,400.275,770e3fa7-9d9a-4691-af87-ea9da08fbb0d,1,2,0,3
1788859811.584,1,3,-249.623,195.816,7.926,266.752,178.350,17.959,516.768,-75.441,44.559,1,,0,received,,399.187,11d7eafc-fd88-458e-9b0b-7a0da716f5fa,1,3,0,3
1788859811.584,2,1,83.510,-267.541,12.924,-249.623,195.816,7.926,570.703,-76.454,43.546,1,,0,received,,413.806,103909db-2633-4bcc-abaa-86cf8959c8f6,2,1,0,3
1788859811.584,2,3,83.510,-267.541,12.924,266.752,178.350,17.959,482.101,-74.732,45.268,1,,0,received,,397.891,397aafad-869a-4323-8bfa-6e8a4bc219cf,2,3,0,3
1788859811.584,3,1,266.752,178.350,17.959,-249.623,195.816,7.926,516.768,-75.441,44.559,1,,0,received,,406.882,0c48a40b-3019-4dba-b7d5-6a3898085a37,3,1,0,3
1788859811.585,3,2,266.752,178.350,17.959,83.510,-267.541,12.924,482.101,-74.732,45.268,1,,0,received,,408.542,83f9d203-0f3c-437b-af3e-294e9d7cc60a,3,2,0,3
1788859812.626,1,2,-253.843,199.979,7.926,85.695,-273.062,12.923,582.305,-76.659,43.341,1,,0,received,,407.905,f4c4b781-451c-4d0f-a701-e4377cd2cdc5,1,2,0,3
1788859812.626,1,3,-253.843,199.979,7.926,271.251,181.934,17.897,525.498,-75.612,44.388,1,,0,received,,403.412,f66b2ada-79b9-4a71-a5c8-b14289821df8,1,3,0,3
1788859812.627,2,1,85.695,-273.062,12.923,-253.843,199.979,7.926,582.305,-76.659,43.341,1,,0,received,,397.157,dd317202-bd4c-447a-99b5-e5aaa84d528a,2,1,0,3
1788859812.627,2,3,85.695,-273.062,12.923,271.251,181.934,17.897,491.403,-74.927,45.073,1,,0,received,,395.249,baf20177-aeb0-4253-ae6f-cbd640d3bc91,2,3,0,3
1788859812.627,3,1,271.251,181.934,17.897,-253.843,199.979,7.926,525.498,-75.612,44.388,1,,0,received,,413.728,8efd30ee-8460-487c-a7ac-8b81814cccc8,3,1,0,3
1788859812.627,3,2,271.251,181.934,17.897,85.695,-273.062,12.923,491.403,-74.927,45.073,1,,0,received,,413.846,98efbaee-a74f-4ab8-904a-6a616cce1db3,3,2,0,3
1788859813.637,1,2,-257.806,203.864,7.928,87.722,-278.238,12.919,593.159,-76.848,43.152,1,,0,received,,404.695,5c82b16d-12fd-44a4-a65e-bdb976730d08,1,2,0,3
1788859813.637,1,3,-257.806,203.864,7.928,275.749,185.519,17.957,533.965,-75.775,44.225,1,,0,received,,414.424,ea8f5e35-148d-4b3a-8ee1-207f88a6183b,1,3,0,3
1788859813.637,2,1,87.722,-278.238,12.919,-257.806,203.864,7.928,593.159,-76.848,43.152,1,,0,received,,408.064,20c5326b-975e-4615-8753-8fa38f4df072,2,1,0,3
1788859813.637,2,3,87.722,-278.238,12.919,275.749,185.519,17.957,500.450,-75.113,44.887,1,,0,dropped,channel_loss,396.935,56918d8c-dcca-407e-b27c-4ba04e42b36e,2,3,0,3
1788859813.638,2,1,87.722,-278.238,12.919,-257.806,203.864,7.928,593.159,-76.848,43.152,1,,0,received,,405.849,56918d8c-dcca-407e-b27c-4ba04e42b36e,2,3,1,2
1788859813.638,1,3,-257.806,203.864,7.928,275.749,185.519,17.957,533.965,-75.775,44.225,1,,0,received,,413.879,56918d8c-dcca-407e-b27c-4ba04e42b36e,2,3,2,1
1788859813.638,3,1,275.749,185.519,17.957,-257.806,203.864,7.928,533.965,-75.775,44.225,1,,0,dropped,channel_loss,398.647,2e6bbd5e-405e-474c-8621-18a3be6d72ed,3,1,0,3
1788859813.638,3,2,275.749,185.519,17.957,87.722,-278.238,12.919,500.450,-75.113,44.887,1,,0,received,,398.661,2e6bbd5e-405e-474c-8621-18a3be6d72ed,3,1,1,2
1788859813.638,2,1,87.722,-278.238,12.919,-257.806,203.864,7.928,593.159,-76.848,43.152,1,,0,dropped,channel_loss,415.089,2e6bbd5e-405e-474c-8621-18a3be6d72ed,3,1,2,1
1788859813.638,3,2,275.749,185.519,17.957,87.722,-278.238,12.919,500.450,-75.113,44.887,1,,0,received,,405.053,48c59e95-5cfd-4e1a-bd87-a2ee27dcce51,3,2,0,3
1788859814.652,1,2,-261.694,207.693,7.926,89.825,-283.593,12.984,604.114,-77.035,42.965,1,,0,dropped,channel_loss,414.389,e8fd1fba-e1b2-4ef0-b936-92c8bcbf3024,1,2,0,3
1788859814.653,1,3,-261.694,207.693,7.926,280.029,188.914,17.901,542.141,-75.930,44.070,1,,0,dropped,channel_loss,412.681,e8fd1fba-e1b2-4ef0-b936-92c8bcbf3024,1,2,1,2
1788859814.653,1,3,-261.694,207.693,7.926,280.029,188.914,17.901,542.141,-75.930,44.070,1,,0,received,,406.505,c91bf9ec-b2f5-4942-995f-1e5fc70c7ce0,1,3,0,3
1788859814.653,2,1,89.825,-283.593,12.984,-261.694,207.693,7.926,604.114,-77.035,42.965,1,,0,received,,414.806,8d323858-319f-4f19-ae88-3772097ccb2c,2,1,0,3
1788859814.653,2,3,89.825,-283.593,12.984,280.029,188.914,17.901,509.377,-75.294,44.706,1,,0,received,,414.928,2d2cfed3-2cd9-4d0b-8982-b4c0b0ebd2fe,2,3,0,3
1788859814.653,3,1,280.029,188.914,17.901,-261.694,207.693,7.926,542.141,-75.930,44.070,1,,0,received,,405.024,6ddbd730-e195-4969-a5f9-691480e3aee1,3,1,0,3
1788859814.653,3,2,280.029,188.914,17.901,89.825,-283.593,12.984,509.377,-75.294,44.706,1,,0,dropped,channel_loss,412.167,f924a042-cb33-4224-b475-57006eb1055b,3,2,0,3
1788859814.654,3,1,280.029,188.914,17.901,-261.694,207.693,7.926,542.141,-75.930,44.070,1,,0,received,,399.002,f924a042-cb33-4224-b475-57006eb1055b,3,2,1,2
1788859814.654,1,2,-261.694,207.693,7.926,89.825,-283.593,12.984,604.114,-77.035,42.965,1,,0,received,,398.396,f924a042-cb33-4224-b475-57006eb1055b,3,2,2,1
1788859815.700,1,2,-265.786,211.734,7.919,91.836,-288.680,12.926,615.088,-77.218,42.782,1,,0,received,,400.291,d42ca2c6-eb0b-40e4-99ba-0a48c42862c5,1,2,0,3
1788859815.701,1,3,-265.786,211.734,7.919,284.392,192.376,17.902,550.609,-76.088,43.912,1,,0,received,,409.878,13ec7dbe-2288-4f9f-8973-34bb4c23e204,1,3,0,3
1788859815.701,2,1,91.836,-288.680,12.926,-265.786,211.734,7.919,615.088,-77.218,42.782,1,,0,received,,406.502,986d07fc-012c-4389-b0bc-10dd8e6044b4,2,1,0,3
1788859815.702,2,3,91.836,-288.680,12.926,284.392,192.376,17.902,518.187,-75.469,44.531,1,,0,received,,398.656,52d069c5-64db-4624-888b-bfb193abe211,2,3,0,3
1788859815.702,3,1,284.392,192.376,17.902,-265.786,211.734,7.919,550.609,-76.088,43.912,1,,0,received,,413.087,8cd85e7a-733e-4f3a-9af2-b8c2c458ef86,3,1,0,3
1788859815.702,3,2,284.392,192.376,17.902,91.836,-288.680,12.926,518.187,-75.469,44.531,1,,0,received,,405.451,a6c20aa3-b27d-40e4-8449-353d9ca20c5d,3,2,0,3
1788859816.752,1,2,-269.531,215.430,7.919,93.894,-293.834,12.997,625.662,-77.392,42.608,1,,0,received,,408.531,2e29fab2-de1d-40b5-b5d1-ed9ef1be39c2,1,2,0,3
1788859816.752,1,3,-269.531,215.430,7.919,288.680,195.760,17.967,558.647,-76.236,43.764,1,,0,received,,397.958,e88f9542-4f87-4a65-8e19-76be9173d61f,1,3,0,3
1788859816.752,2,1,93.894,-293.834,12.997,-269.531,215.430,7.919,625.662,-77.392,42.608,1,,0,received,,400.107,a63ba5c5-e5e7-47af-8711-8abb42959fcb,2,1,0,3
1788859816.753,2,3,93.894,-293.834,12.997,288.680,195.760,17.967,526.943,-75.640,44.360,1,,0,received,,399.856,43e836a9-6feb-4f57-8cd4-b4ce860c6752,2,3,0,3
1788859816.753,3,1,288.680,195.760,17.967,-269.531,215.430,7.919,558.647,-76.236,43.764,1,,0,received,,414.227,a2e0230d-bb1c-46c5-a819-20d568ab9372,3,1,0,3
1788859816.753,3,2,288.680,195.760,17.967,93.894,-293.834,12.997,526.943,-75.640,44.360,1,,0,received,,409.603,3e01f8c1-709d-4476-9e64-cf82c3909a86,3,2,0,3
1788859817.796,1,2,-271.905,217.768,7.919,95.129,-296.940,12.994,632.190,-77.498,42.502,1,,0,received,,408.220,1256334e-e765-49f1-be18-d5e79cb4de31,1,2,0,3
1788859817.797,1,3,-271.905,217.768,7.919,291.302,197.831,17.905,563.648,-76.327,43.673,1,,0,received,,396.388,5f0b2334-c95b-40cb-b7ff-fb2682654ca7,1,3,0,3
1788859817.797,2,1,95.129,-296.940,12.994,-271.905,217.768,7.919,632.190,-77.498,42.502,1,,0,received,,401.282,bb5e5859-fe34-4043-b5b1-08e3c054c97b,2,1,0,3
1788859817.797,2,3,95.129,-296.940,12.994,291.302,197.831,17.905,532.265,-75.742,44.258,1,,0,received,,405.196,c25eae5b-3125-44db-89b1-1cf3e5d56f61,2,3,0,3
1788859817.797,3,1,291.302,197.831,17.905,-271.905,217.768,7.919,563.648,-76.327,43.673,1,,0,received,,409.217,6c7d7e2d-b99e-4581-905f-1a3ec1e84a29,3,1,0,3
1788859817.797,3,2,291.302,197.831,17.905,95.129,-296.940,12.994,532.265,-75.742,44.258,1,,0,received,,397.494,0ce3c18f-9224-450b-8624-2ae4c5f57b09,3,2,0,3
1788859818.813,1,2,-275.928,221.709,7.934,97.089,-302.194,12.983,643.150,-77.674,42.326,1,,0,dropped,channel_loss,401.047,56c9065e-1959-49e4-b8fa-98c3a41f4ec5,1,2,0,3
1788859818.814,1,3,-275.928,221.709,7.934,295.755,201.293,17.912,572.135,-76.480,43.520,1,,0,received,,399.528,56c9065e-1959-49e4-b8fa-98c3a41f4ec5,1,2,1,2
1788859818.814,3,2,295.755,201.293,17.912,97.089,-302.194,12.983,541.287,-75.914,44.086,1,,0,received,,398.210,56c9065e-1959-49e4-b8fa-98c3a41f4ec5,1,2,2,1
1788859818.814,1,3,-275.928,221.709,7.934,295.755,201.293,17.912,572.135,-76.480,43.520,1,,0,received,,407.261,c75cd2ca-41d7-4003-bbe0-8479f889bcc5,1,3,0,3
1788859818.814,2,1,97.089,-302.194,12.983,-275.928,221.709,7.934,643.150,-77.674,42.326,1,,0,received,,406.131,33ec26c7-de84-4cd8-b5ff-c0ddebaa6d43,2,1,0,3
1788859818.814,2,3,97.089,-302.194,12.983,295.755,201.293,17.912,541.287,-75.914,44.086,1,,0,received,,405.896,e83e3efa-a929-4459-a0f8-643fd470c4a0,2,3,0,3
1788859818.814,3,1,295.755,201.293,17.912,-275.928,221.709,7.934,572.135,-76.480,43.520,1,,0,received,,399.514,56185607-60f3-42b0-bb43-04c23aa4e68b,3,1,0,3
1788859818.815,3,2,295.755,201.293,17.912,97.089,-302.194,12.983,541.287,-75.914,44.086,1,,0,received,,410.241,8b0fb2c7-6040-4c22-ad7e-18327c12475c,3,2,0,3
1788859819.827,1,2,-278.799,224.492,7.931,98.483,-306.235,12.977,651.182,-77.800,42.200,1,,0,received,,396.784,dddbca02-fb83-4848-96e6-ff0181919ffc,1,2,0,3
1788859819.828,1,3,-278.799,224.492,7.931,298.958,203.775,17.900,578.214,-76.588,43.412,1,,0,received,,409.221,6c421c0b-b782-4cd4-8dcb-f1b1eb48ee1c,1,3,0,3
1788859819.828,2,1,98.483,-306.235,12.977,-278.799,224.492,7.931,651.182,-77.800,42.200,1,,0,received,,406.430,362cc701-9104-422b-80d3-9c33456d4a93,2,1,0,3
1788859819.828,2,3,98.483,-306.235,12.977,298.958,203.775,17.900,548.019,-76.040,43.960,1,,0,received,,406.099,1084d14b-d9f0-4aef-adc1-8d1e2a5a1353,2,3,0,3
1788859819.828,3,1,298.958,203.775,17.900,-278.799,224.492,7.931,578.214,-76.588,43.412,1,,0,received,,406.600,3a8d039a-8c31-4677-baaf-195d6ad7ac0b,3,1,0,3
1788859819.828,3,2,298.958,203.775,17.900,98.483,-306.235,12.977,548.019,-76.040,43.960,1,,0,received,,401.708,bbf3da12-8d09-4c22-a8e0-fa17cf83d7e7,3,2,0,3
1788859820.833,1,2,-281.218,226.796,7.918,99.764,-310.020,12.976,658.289,-77.911,42.089,1,,0,received,,397.471,0d6535a9-eb0c-447e-964b-b3668d77e33d,1,2,0,3
1788859820.833,1,3,-281.218,226.796,7.918,301.670,206.024,17.897,583.344,-76.678,43.322,1,,0,received,,406.809,8e3b75dc-38d4-4f93-afae-008b16dca030,1,3,0,3
1788859820.833,2,1,99.764,-310.020,12.976,-281.218,226.796,7.918,658.289,-77.911,42.089,1,,0,received,,405.354,6b510509-4371-4abe-ac85-43e06ff92285,2,1,0,3
1788859820.833,2,3,99.764,-310.020,12.976,301.670,206.024,17.897,554.159,-76.154,43.846,1,,0,received,,404.214,876daede-b6ae-42d7-9b1a-6bd6e5c49f9b,2,3,0,3
1788859820.833,3,1,301.670,206.024,17.897,-281.218,226.796,7.918,583.344,-76.678,43.322,1,,0,received,,404.282,24f367f7-b6b7-4fcc-933e-e168ff56771d,3,1,0,3
1788859820.833,3,2,301.670,206.024,17.897,99.764,-310.020,12.976,554.159,-76.154,43.846,1,,0,received,,404.393,6d8d4e03-4dbf-45d6-bb0e-079af196ab48,3,2,0,3
1788859821.843,1,2,-282.966,228.421,7.930,100.773,-313.137,12.983,663.752,-77.996,42.004,1,,0,received,,409.612,ebca9931-84e8-414f-89fd-54022f48c2a6,1,2,0,3
1788859821.843,1,3,-282.966,228.421,7.930,303.712,207.783,17.970,587.127,-76.744,43.256,1,,0,received,,411.475,cb8ee2d1-22bf-4592-8e93-1857456aa22a,1,3,0,3
1788859821.843,2,1,100.773,-313.137,12.983,-282.966,228.421,7.930,663.752,-77.996,42.004,1,,0,received,,406.712,0da248a5-0499-4eec-a5e0-b9ae79b2d562,2,1,0,3
1788859821.844,2,3,100.773,-313.137,12.983,303.712,207.783,17.970,559.076,-76.244,43.756,1,,0,received,,402.036,ea1f66ba-5136-4995-a70e-7512ed48d330,2,3,0,3
1788859821.844,3,1,303.712,207.783,17.970,-282.966,228.421,7.930,587.127,-76.744,43.256,1,,0,received,,415.028,3f64f78b-ce44-474d-93a7-d25a0111f0e8,3,1,0,3
1788859821.844,3,2,303.712,207.783,17.970,100.773,-313.137,12.983,559.076,-76.244,43.756,1,,0,dropped,channel_loss,396.526,9ddf6892-95c0-4d39-8abd-b79d5cb212cc,3,2,0,3
1788859821.844,3,1,303.712,207.783,17.970,-282.966,228.421,7.930,587.127,-76.744,43.256,1,,0,dropped,channel_loss,395.781,9ddf6892-95c0-4d39-8abd-b79d5cb212cc,3,2,1,2
